,PC1,PC2,PC3,PC4,PC5,PC6,PC7,PC8,PC9,PC10
AU01_start,-0.016822778773609087,-0.021640795307506434,0.04505669728718437,-0.0224961453427008,-0.015543446785980604,0.04831609419024974,0.043106699918023995,0.0778968271347163,0.04675058539204563,0.01806391816379891
AU01_mid,-0.01695449427817883,-0.02079846765053331,0.045563008035711366,-0.030181678714693773,-0.007214656798389015,0.0024467635222831315,0.04253923529178063,0.07936959832218152,0.013268386959398006,0.035998354344228045
AU01_end,-0.017909795870613324,-0.02238834496652424,0.04509571532222068,-0.030144296225194243,0.016477168841143388,-0.01600336329152524,-0.00426408087682627,0.08103896871146317,0.05279309703631663,0.03787133566394325
AU02_start,0.009194320760784701,-0.02004193245650234,0.03959808565700116,-0.03153956914130599,-0.02905778181650838,0.023945431917956096,0.039053827948191996,0.011779958967426365,0.001621821089082194,-0.0017179751684817722
AU02_mid,0.00616582096724273,-0.02053097502621187,0.041771513466676256,-0.02818117391081263,-0.0030019249242953542,0.007659689384469457,0.03048199253108031,0.01645279494355588,-0.011982994003308297,-0.0019992888865528534
AU02_end,0.008494228633236909,-0.02060298435915963,0.0430794853288242,-0.02785429973235677,-0.0034991903108984364,-0.02262782028864689,-0.010426747964267964,0.006735943330296387,0.04493692286393781,0.02414228578439963
AU04_start,0.01971881353985895,0.02481122682218987,-0.012484389118865413,0.009136244816654347,0.004820472683535191,-0.004805587409936036,-0.02106491419831603,-0.04985083044931709,0.00046888277465742404,0.04141861555921021
AU04_mid,0.02301506114508367,0.020837188531405752,-0.010688259147924229,0.010237160969098028,-0.008805637779835293,-0.013398506587106753,0.004663958747454744,-0.026518355116274792,0.010454125992895719,0.010540724674056982
AU04_end,0.018783181421433818,0.025127237319072182,-0.01625762302540773,0.008225184369094795,-0.0073796835982389555,-0.0007116592338705396,0.018406512695425346,0.002320246574970654,-0.03241301082043128,5.039175959550507e-05
AU05_start,-0.008761806142299959,-0.019246597801597078,-0.011460883604352443,-0.007575040209535798,-0.04590266051319078,-0.01867927691875739,-0.004672647940273642,0.01401513876242621,0.01002566793385692,-0.04585295193285852
AU05_mid,-0.012844891685662139,-0.021109293360388352,-0.008247976736686018,0.013936578190737249,-0.03363653441322679,-0.018058180698768574,0.004221757273197745,-0.02177273124839512,0.044271251282690945,-0.043534962206109425
AU05_end,-0.009835705529251048,-0.022494828527227572,-0.013363052785460164,-0.0038699658580721987,-0.03006858066446687,0.0011225916645169823,0.0014465692663560162,0.0004388436202021551,0.004802996958264251,-0.018809112660885967
AU06_start,-0.0159250081438058,-0.009312844735218768,0.015839865020492998,-0.016882489082031576,0.05780333788798578,0.03865175906195624,-0.02146340539109108,0.09392403513593549,-0.02427640659580645,-0.001926956930360734
AU06_mid,-0.016679308816328058,-0.0074773225514485715,0.0235711784242466,-0.014403118526040705,0.05031511986049896,0.009534972834518167,0.021624959514476457,0.10767029116911503,-0.05774083293496418,0.01381040458504337
AU06_end,-0.014589831838498714,-0.008535868036360254,0.014670630785090365,-0.011430181031234912,0.04238038932322221,0.036359703541077794,-0.022613600834940524,0.11689040525910621,-0.01735759808379552,-0.05186702008573416
AU07_start,-0.004551521008122446,-0.0018415065790194222,-0.010366851187534562,0.006504991178735106,0.027077723703500978,-0.0017474278037239756,0.0005475129078934518,0.046984459003241545,-0.010770649007046022,0.03543024402132146
AU07_mid,-0.0065782864568234,0.0010303852648400195,0.006547247885751293,-0.004321084207626901,0.03560148314049804,0.0027800203927460594,-0.013282055283433973,0.061960244819674784,-0.021781306384319712,-0.005291046237067926
AU07_end,-0.00218411313623999,0.0007014066591599257,0.003541881925653963,-0.00028896356825418144,0.003769069136657129,0.025101560690132294,0.0120411706980666,0.06317876995841905,-0.018010056917797192,-0.022042409292333295
AU09_start,-0.02022129811785763,-0.000776671529325363,0.021420465431712808,-0.013218593848837178,0.06704435519067917,0.04333277639077611,-0.006528670696118172,0.09418144845924407,-0.005922529491698977,0.008763231698697206
AU09_mid,-0.01937566896999129,0.005459640335301114,0.024566419347155827,-0.019297404423190084,0.04454441736710196,0.019870731052311325,0.012954554363277594,0.11911659397614062,-0.05289593627366492,0.028305012734112796
AU09_end,-0.018973100621311863,0.005454768835394466,0.025114053944308018,-0.01127766063364958,0.04507923738873499,0.03192584969731726,-0.008872075319170369,0.11845476335100497,-0.002649182488271269,-0.024429893508723058
AU10_start,-0.01304241488755028,-0.007667326731039075,0.037922247230071544,-0.010739139644727428,0.032523410369362855,0.003169902946176333,0.012883394215526327,0.10680967446490591,0.046486702793033276,-0.0065589090820913545
AU10_mid,-0.014471834442163031,-0.004180117650928146,0.03209971080019467,-0.003083117866750142,0.008327175813161516,-0.009469952809797271,0.032590055490541524,0.09680771540602347,0.028563954556531043,-0.015454449120417052
AU10_end,-0.012093438110926273,-0.010918809497043326,0.03340182113206268,-0.011786427797778637,0.0031223589369888034,0.02041608043190101,-0.003973713704788052,0.11592752703526633,-0.016885445536356167,0.010171220319081437
AU11_start,0.016187823056093526,0.011381525678012826,-0.0023831185306290668,0.004055139907254399,-0.032959206419764124,-0.03961721160926727,-0.0021433479742560247,-0.05558895257124127,-0.013829457477955923,-0.041038269571457946
AU11_mid,0.01298325763831261,0.010010924227540553,-0.006302136030966943,0.01066019049630452,-0.03328464869895549,0.01639492554899487,-0.020691986240880103,-0.07741081550712862,-0.015140865158510923,-0.043259215805978864
AU11_end,0.006549258015450395,0.005475935763759724,-0.008292137399557437,0.009864973905544753,-0.018680169498882394,-0.007701718482525942,-0.021077149105095717,-0.04992864602159084,-0.019965611863408946,-0.04217163883149927
AU12_start,-0.01129760452237018,-0.00846052326587441,0.019597167851718077,-0.014607899961782467,0.06689390260826467,0.03217620458547996,-0.018743126904245535,0.08448881646506888,-0.03581319806287323,-0.002662175721693433
AU12_mid,-0.013890692149839323,-0.007691946382191642,0.02547265290769447,-0.010585366745934988,0.05587892320304511,0.018839952339904792,0.00799382950838864,0.09844103273255095,-0.05581629291712929,0.003965092456364394
AU12_end,-0.010592320755767999,-0.006518967023683053,0.02064773272962741,-0.007766297109961276,0.04566568166722773,0.038755174470172404,-0.0202636877255297,0.10896620600213965,-0.03212170834865244,-0.03787424444511674
AU14_start,0.009990310145593284,0.003228184286939444,-0.001968730282247983,0.016038492019001465,0.08548505466337171,-0.017291857252228964,-0.026888357115337526,0.09484109741059017,-0.03439963480629549,0.012264074478714464
AU14_mid,0.013890629291204349,0.008216561960101752,-0.0030732637970790756,0.029779769334386516,0.04449918863646861,0.027104926408814265,-0.019929888109186486,0.10470789880562958,-0.022345927954098278,-0.016908422924769694
AU14_end,0.01088423791868782,0.007728329970630807,-0.003362379105589541,0.035048095151883334,0.027765797750162306,0.06898360007036257,-0.011027846264803754,0.10847735059051003,-0.020595422651579563,-0.0623000100085817
AU15_start,-0.01651946519779061,0.00534653740071441,0.038494668575648754,-0.021757670213401057,0.018217824599420444,-0.00016196547097111413,-0.00250500531375578,0.06503553343865973,0.013231179317642738,0.004834905103517229
AU15_mid,-0.0146610445612404,0.004427098113307082,0.03310970361858598,-0.028093839172356718,0.022107610088477447,0.005949164312180063,-0.011600988327164588,0.08123796637973314,0.0027973696015402873,0.017608196095562956
AU15_end,-0.018289181496637934,0.004125384434899677,0.03280455079126941,-0.018624133070998333,0.0005057308939153595,0.016607610077157164,0.0006758417976068353,0.09252664035427403,0.013398529602488989,-0.009061918516154835
AU17_start,-0.015183555836373343,-0.01838350789640694,-0.005758669106306086,0.004515201711509645,-0.021803950439618597,-0.02650786144664759,-0.00749579403308715,0.03157941638235057,0.03268511563652639,-0.01145510850519333
AU17_mid,-0.01334290466327759,-0.020846216982830422,-0.011723737117905633,0.0030685934802846394,-0.01932766070842936,-0.03500402062361367,0.02870728391061148,0.025937360602556303,0.027035934954273182,-0.009881767525965238
AU17_end,-0.01607983472962123,-0.015830748075941297,-0.006182345650232066,0.0009769293997706,-0.01407142356471796,-0.01722620773335888,-0.008694783551483167,0.04252698346065994,0.04605193167772014,0.0010323198243173803
AU20_start,-0.008396217372405926,0.014274860418317055,0.03322320903989055,-0.003936590214763024,0.01652442253914124,0.0255458992318318,-0.000832061653181461,0.06634718121466454,0.009655836671638617,-0.015169129757323188
AU20_mid,-0.010565693961867791,0.018936899985481283,0.04210876203268598,-0.006823782226815429,0.02930032716989083,0.02366343052819874,0.004131736137997461,0.08274743325502504,-0.027782991809650135,0.004954476101786674
AU20_end,-0.006780575252310458,0.011101470187387144,0.033457931008424396,-0.00551530751216437,0.0052605011855088295,0.01969073640483538,-0.005553022447870274,0.058475725529887994,-0.013170346323962873,-0.015982188895302334
AU23_start,0.007158470026635683,-0.008688178044935695,0.01914288089340869,-0.009313617544486659,0.01837481602327006,-0.03184695648549713,0.02968513293225693,0.11652305810226543,0.05274229574983099,0.0362796996733429
AU23_mid,0.015728280838522506,-0.010867593585351285,0.01982605322280059,-0.004305511661002436,0.011277156233270117,-0.003992098002662081,-0.007455832196389199,0.1027200260216261,0.050509600334233136,-0.002210266839918961
AU23_end,0.00956406129212282,-0.01098714001111515,0.016320937459436632,0.005219308415690944,-0.01098411406473421,0.036111195231420715,0.025339785387538883,0.1010681464979532,0.044080086137054636,0.006685876612597306
AU24_start,0.011178479294091912,0.004729943190587871,-0.04789403963826551,0.014499417235767066,0.009530560797647343,-0.05553579102332904,-0.012830408608262733,-0.017367548967403452,-0.009168032329175537,-0.04509030384891389
AU24_mid,0.016705212613137663,0.005240989710625008,-0.047722696571091,0.026793987614879094,-0.02654246652571776,-0.018983303185187272,-0.012220805701214527,-0.025927345100002202,0.005203175860869695,-0.05674309762831929
AU24_end,0.013551861150364605,0.006351501481882755,-0.048049868080214435,0.01659565131129813,-0.02700750306894019,0.0032708507975229735,0.011371575243944698,-0.019322117451100053,-0.004609005270086335,-0.03907386188116493
AU25_start,-0.024938383771894942,-0.007456753380953558,0.04101035965063728,-0.011690724830101728,0.03213822214469338,0.03487894029822441,-0.0004333661565486329,0.13387251686142787,0.028840309140761865,0.012298166912829213
AU25_mid,-0.0254613241851337,-0.007226896253201274,0.04462404853682435,-0.015948060228617483,0.03286702264951396,0.01642792395470119,0.008894740951699814,0.1312477803902532,0.022778618247842216,0.022416212870806005
AU25_end,-0.025822262988352752,-0.009130824448456951,0.041020074762777484,-0.013002050657824012,0.024165560226902017,0.02969257138708794,-0.002442831547561658,0.1262929848409661,0.02496249152182672,-0.01830209991496388
AU26_start,-0.021918171976091035,0.0009317866554431953,0.05015692015788177,-0.014693259159270746,0.03505556943767815,0.03343919714275455,0.003000067039296815,0.11913046474110116,0.02682795691831392,0.018179114612342676
AU26_mid,-0.0215983256192956,0.0009038767125613557,0.04888028807807469,-0.015511632092175846,0.03346547317105816,0.026198718505775292,-0.003387111490540478,0.12313162639555061,0.009921934127742992,0.015588154666717098
AU26_end,-0.022536777687511167,0.0033702290671537194,0.048620733509898484,-0.01232176209516389,0.02842109209222177,0.03079822160939454,-0.000534492148830013,0.12330685018380126,0.013978666846785209,0.012616872354101768
AU28_start,0.007852761815161688,0.00047919555813741126,-0.012637504276242408,-0.009337072292769534,-0.03370817422747831,-0.016306072960004928,0.021253682856258022,0.0029821197180450783,0.03638063142596428,-0.028165675587021
AU28_mid,0.010898181880425564,0.0013186018115055969,-0.022005258091675618,0.012717228356892329,-0.023920676139507616,-0.0304917907946728,0.016458096376165333,0.02779458928377399,0.007250025578526652,-0.03628905716236739
AU28_end,0.010104568682591278,-0.0035137750977865118,-0.013543080691433998,-0.0005779746127387088,-0.021587500528096732,-0.013472759301656907,0.010199476408883655,0.015017670693296932,0.03502086556030665,0.00393162776598445
AU43_start,-0.012888731084964022,-0.005913126870582454,0.030449134617297688,-0.010400229391694526,0.018255710289628555,0.031276864054210984,0.002905385900310691,0.056543378118112754,0.015216663257627655,0.017052232418065912
AU43_mid,-0.009592900645612626,0.0004474226197488797,0.03267876678663312,-0.01607997583390981,0.01885347370524942,0.0013441334388924345,0.01976211649420768,0.07186575448756552,-0.04587877960824609,0.033241405919160256
AU43_end,-0.010385402106276257,-0.002111397946938152,0.0335581088676069,-0.014143202864807886,0.018084543292267514,0.0047570160394628715,-0.003734174499722687,0.0714495219128451,0.01757734359426791,-0.0024092925540337737
F1_x_start,-0.03507823884092128,0.022495624833093086,0.04155361200600027,0.03943153341912328,-0.024751392773830407,-0.00183559487619341,-0.027930540567455354,0.009130711162126154,-0.03306027977016585,0.02536647646129578
F1_x_mid,-0.032233045707551276,0.021026208947083846,0.047998427926238915,0.04547645361220663,-0.002081295816975266,-0.013226311832337148,-0.009952002815534025,0.005673036979269873,0.021015236211445805,0.004801831660801422
F1_x_end,-0.03384895248077346,0.021730461529713002,0.04706177600295561,0.03683543547000958,0.013116872413290714,-0.007822927435166488,0.024638472186407714,-0.0014738771488697496,0.00855221355500966,-0.031834393538446595
F1_y_start,0.03474713640139214,0.01894298759895912,0.047496673485316776,-0.01761028091965035,-0.01014183693626341,-0.04002254920786559,0.02373636367940378,-0.026122226150556833,-0.0036045602788812078,0.007282224539386402
F1_y_mid,0.03499791700974655,0.02258593596589778,0.04562527312673477,-0.015597016082822329,-0.03281711700539675,-0.010962996931734333,-0.002219980605024322,-0.02901532104148225,0.02944185657143687,-0.00975317306537107
F1_y_end,0.03569184297860135,0.020176721637989503,0.04458837649910181,-0.011581081264406639,-0.0409642521168423,0.007653066757154418,0.026657300155121483,-0.021597695476283468,-0.018345831211499564,0.012824844660552464
F1_z_start,-0.02736049700639133,0.018087217911561787,-0.05574928908314862,-0.021835411639241804,-0.059683224425963105,-0.02043654709625757,0.021169386231535924,0.002442375941784592,0.012420377477976731,-0.045449067033015086
F1_z_mid,-0.02673913209894842,0.019508101027417547,-0.05653103589676098,-0.0321214831218795,-0.05125282001505701,-0.032240578070491084,0.028189413544131712,0.020858762850385005,0.0013581374083750724,-0.02032887290702702
F1_z_end,-0.026411743852090348,0.01745623100717373,-0.056024954543562086,-0.02653522260359913,-0.05548467294047501,-0.03942071449484116,-0.02678589559670623,0.02446347770397723,0.024634756082275264,0.03381404269686259
F2_x_start,-0.0347059840192173,0.022207107111737668,0.04270767501712339,0.03989326940431759,-0.027706004446601814,-0.0045062709240001305,-0.025677603909083718,0.007477280428289949,-0.03374391227436345,0.023810314514799442
F2_x_mid,-0.03174432547505197,0.020866539460631692,0.0491261181231077,0.04585445717607201,-0.005233096443645364,-0.014752116212790285,-0.009442481963761302,0.004367774591400167,0.0216356295611441,0.0036825363536853724
F2_x_end,-0.03327609459243091,0.021344742737760724,0.0484936824633194,0.03764093858903173,0.009905988349263262,-0.008879799252195212,0.02406656555820014,-0.0029381845253882207,0.008590773764917249,-0.03197916749950406
F2_y_start,0.03466892937936598,0.022780498173765096,0.04397110500745409,-0.022752293530773814,-0.012490609389262894,-0.04157063202732502,0.02422333338191085,-0.02742366503577995,-0.003794268981975861,0.007797794862275729
F2_y_mid,0.03496212391506492,0.026464526883572495,0.04162274829773091,-0.02163047884876958,-0.03375953939365924,-0.010620683848265882,-0.0013280948939446112,-0.029654263575371258,0.03111753021082991,-0.010141856961481201
F2_y_end,0.03564388342165188,0.023887046471138037,0.04085079122425331,-0.016590537350098345,-0.043139741538502245,0.008545765561928547,0.029369059921929695,-0.021680102389728555,-0.01748524368234728,0.01323160161729723
F2_z_start,-0.022052451241606034,0.02243686948968398,-0.062074152190497195,-0.016036329413795215,-0.05092296545188857,-0.03129480733054209,0.01962915177334155,0.004710260711773248,0.006142709068103117,-0.04456142793172149
F2_z_mid,-0.02171887145734258,0.02370923839401778,-0.06292609822440005,-0.025553774701729745,-0.04762455000931607,-0.027385477083365275,0.018524353498999085,0.020357824699471207,0.0074181142467533495,-0.023753253017247355
F2_z_end,-0.02125217882251836,0.021734309060754846,-0.0625796482813627,-0.018527346457360167,-0.05623351442676613,-0.02887564483042472,-0.02351771926676423,0.02568216269584271,0.017659751434734892,0.029084573154966598
F3_x_start,-0.03442508928397081,0.022088734758405653,0.04345301006506821,0.040148083133575145,-0.03006230260027369,-0.006762011264437624,-0.02374032141331382,0.006167115869661122,-0.03416260238657578,0.022881821615839928
F3_x_mid,-0.031445765640125176,0.02084212538317863,0.049843791622486366,0.046086628254990256,-0.007451503326915997,-0.015652132082997264,-0.00877935356772129,0.0035332826511047357,0.021953372785237665,0.003006625603920139
F3_x_end,-0.032838870989713984,0.02110727474552389,0.04944894862919029,0.0382077136395707,0.007571030588167481,-0.009402083993003867,0.02377315583100255,-0.003896319228221555,0.008956489926226168,-0.03204391302612174
F3_y_start,0.03455495059402616,0.02741532881094118,0.03872540634406864,-0.027968347764071585,-0.014200810076415932,-0.04359669092507717,0.024108037480174434,-0.028643104025054576,-0.004380816005988613,0.00858525609806642
F3_y_mid,0.0348868594651247,0.0309692417090461,0.03591267303406952,-0.027652621355575828,-0.03404882326631543,-0.009742849420937465,-0.0012045080359880205,-0.03024007383117194,0.03318040632392201,-0.010744677891100248
F3_y_end,0.03555938146692058,0.02825963822975529,0.035438806841367604,-0.02140213017402839,-0.045171289738625435,0.010227596591012196,0.032398523859897166,-0.0216787320184655,-0.016932420149543364,0.013162869471692209
F3_z_start,-0.016367022005213037,0.025695047792765865,-0.0663315694065454,-0.009788962281650269,-0.04246549452266457,-0.04208422346164275,0.01864372700300131,0.007225861262478775,0.00016415397195260507,-0.04413020419312867
F3_z_mid,-0.016334405802525476,0.026944032507570406,-0.06738247603414518,-0.018246825884079575,-0.04519423846595835,-0.02297320777389645,0.008948506232044226,0.020201953882044106,0.013851041716466627,-0.02756720318259339
F3_z_end,-0.015738312696296462,0.024880151058635593,-0.06700355481914282,-0.010045433987351285,-0.057639004487119797,-0.019117898096468633,-0.020917716068019787,0.027033932627193398,0.010459456064806232,0.024929190824943912
F4_x_start,-0.03438656754970741,0.022254298418850304,0.0434607290000837,0.0399734012960607,-0.0321567168234835,-0.008907269556811663,-0.021836113113634266,0.005276160836472055,-0.034426139974932754,0.02202234804950379
F4_x_mid,-0.031491956899927995,0.02109768617954693,0.04987201269663027,0.04576897966734885,-0.009285080004375484,-0.016274267101783767,-0.007886366735920414,0.003099349204138534,0.022267668895826907,0.0024769127281415236
F4_x_end,-0.0327038532363244,0.021126677001957184,0.0496401464406084,0.038271051211315375,0.005526340963130028,-0.009670857369028328,0.02375243329054469,-0.004382249974659275,0.00965567816953707,-0.03234898973224172
F4_y_start,0.034025122814443046,0.03306460839424493,0.03139960640627732,-0.03368254660860873,-0.01565265551515329,-0.04530551457912308,0.023300856038744704,-0.029935912330905326,-0.005100386247196953,0.009739139193032384
F4_y_mid,0.03439126653915844,0.03630026846157701,0.028098390635146575,-0.034177005735650814,-0.03351015018757262,-0.008357857183785816,-0.0014027385819280111,-0.030779823221491368,0.03538860177371605,-0.011315565535235437
F4_y_end,0.035067403500695184,0.03353476026577384,0.0279679788216577,-0.02664960575750326,-0.0468090866652811,0.01249198570892539,0.035903454229142,-0.021728056734219216,-0.016295576446909002,0.012874641002707741
F4_z_start,-0.010173464608560024,0.02805030715615763,-0.06886821419592246,-0.0028945509616443515,-0.0338251507059778,-0.05273683203849422,0.01816553465764539,0.009900477181262564,-0.00568843968969245,-0.04391656633757711
F4_z_mid,-0.010395005465378521,0.029421785687055273,-0.07026034217935477,-0.010003547832549201,-0.043199126621824575,-0.018734699357131502,-0.0008433810255089685,0.02004243211319917,0.020525752035628526,-0.031557594385719104
F4_z_end,-0.009719913198092909,0.027119322086726523,-0.06973181864033853,-0.0009349883993398945,-0.059081011619586316,-0.009642481227093071,-0.01859944422146191,0.028210094210877265,0.0028393408609770454,0.021096857435748143
F5_x_start,-0.03459411933938083,0.02264959414456298,0.042843981212802286,0.03886490935378482,-0.03409156375862535,-0.010584928892209296,-0.02037601684543834,0.004284719139894388,-0.03475779253780107,0.021221150418693498
F5_x_mid,-0.03191515462020131,0.021751780316929443,0.049209370644455956,0.04444258707722757,-0.0104155159994262,-0.016793081388738085,-0.0068788568596354115,0.0023717193801533476,0.022057233644927378,0.002239089155444646
F5_x_end,-0.03287916318763565,0.021519583427482624,0.04907786965303589,0.03739320973238,0.003974178312157929,-0.009493899629491005,0.024264669242574737,-0.00521139285698824,0.010357160971747133,-0.03341295323452392
F5_y_start,0.032776421274959146,0.03952726472552983,0.02152104116631227,-0.03926158096487476,-0.015964520865602867,-0.04644423309182892,0.021378122332771986,-0.030278892043360796,-0.005963964295462073,0.011267445483095554
F5_y_mid,0.033194484364770106,0.04215019847441932,0.01797571136052915,-0.04042641833777328,-0.031287639181981984,-0.006262987704502317,-0.0025905199831159132,-0.030037004065270906,0.03753548490873071,-0.011668234058154672
F5_y_end,0.033868451225533086,0.03948823633051531,0.018122202390380333,-0.03164404104018525,-0.047258926669211984,0.015790076528651303,0.039512586004232575,-0.020795986449876035,-0.015697891826645334,0.012015123369090904
F5_z_start,-0.0028849443151833507,0.02960764889790896,-0.06952549919674274,0.005181537382746121,-0.02387034949541669,-0.06402861506867241,0.01793332813179916,0.013075621052846789,-0.012122626059207163,-0.04370274169233334
F5_z_mid,-0.003195613907283976,0.031239725775182022,-0.07139176265581637,6.375007042650865e-05,-0.041320957164657834,-0.014336290869136209,-0.011853735362265097,0.020133178743776754,0.02800494432825871,-0.03622977048148445
F5_z_end,-0.002565373111168884,0.0285454169886036,-0.0706594445450303,0.009779621168067076,-0.06043408127394795,0.00026860613589226696,-0.01630438490332462,0.02962408582000323,-0.005959440212928792,0.016652803094164725
F6_x_start,-0.03502502774593643,0.023628365865353915,0.04131223712105954,0.037125981651250396,-0.034967038049057333,-0.011252287272647843,-0.020355117752803718,0.002764558081940306,-0.03552571666961688,0.021458446760163088
F6_x_mid,-0.032620460510266285,0.023035036560951173,0.047693642910520265,0.04257020859904022,-0.009986782412755054,-0.016613569529449864,-0.006175369389856078,0.0006894239082266709,0.021296943213399505,0.002531620629546841
F6_x_end,-0.033304796523204075,0.02260484718358495,0.04760142640347253,0.03582919748649663,0.003909884116059699,-0.008575259123737742,0.025598411906668977,-0.007020070526110546,0.010799314809566482,-0.03550129897450514
F6_y_start,0.031148762971985922,0.045167783261007545,0.01103115711786557,-0.0417817278954451,-0.013786929835709298,-0.047179363336412636,0.01854606254507617,-0.028459375441448952,-0.007020868931027029,0.013052818450043309
F6_y_mid,0.03166964883757593,0.04701349516740754,0.007727929017316237,-0.04328237617928528,-0.02717491156507211,-0.0036286821535073776,-0.005313122727037907,-0.02743022856816458,0.03976252869122655,-0.011840525040736256
F6_y_end,0.032262248648300094,0.04460583575066415,0.00794679278981745,-0.03360924286227656,-0.04585316082761681,0.01988932293194013,0.042197400288414615,-0.018216446392922196,-0.015420338896672405,0.010352499116472852
F6_z_start,0.004275491476020985,0.029884095728871567,-0.06790128096482778,0.013294886996296827,-0.01473008784855558,-0.07402891562290073,0.018329858879288778,0.01621092874834218,-0.017560479660206258,-0.04358866821450748
F6_z_mid,0.004025630120273701,0.03182420416171858,-0.07012858427375691,0.010518684682500905,-0.04028372133651041,-0.010443935420033041,-0.022350709292418103,0.020479893006699564,0.03525761297643153,-0.040320760623721606
F6_z_end,0.004483724993976715,0.028664464101253465,-0.06925722317781106,0.02027986979321721,-0.06180208703552339,0.008916595840583345,-0.014787090227555453,0.031130309249144714,-0.014326060954754354,0.013235154759973125
F7_x_start,-0.03598688476940592,0.02731094468322349,0.03574562795280086,0.032872984166407576,-0.03584726612360986,-0.011032148195396411,-0.02298050018330833,-0.00455959943670321,-0.03864564250745573,0.02397377243202681
F7_x_mid,-0.03417732608720395,0.02737270854268963,0.042340365228359225,0.038175093358710846,-0.007219433273017764,-0.015704865752175313,-0.005539236363264965,-0.00770211857598941,0.018560553979435297,0.0036804242365082607
F7_x_end,-0.034305301704670596,0.02681369694509405,0.04223409403908661,0.03167161468591553,0.005284240073707164,-0.006096561198394459,0.029600609408979725,-0.015529939227275212,0.01086890047057651,-0.04164715577566419
F7_y_start,0.026928558341991374,0.05289262977084665,-0.006650145595538163,-0.041405068325757,-0.006632897389272188,-0.047385531058427785,0.012970925661130318,-0.01801676476996935,-0.008189798867660749,0.01629762179522379
F7_y_mid,0.02772382031032504,0.053556160288652795,-0.008892655846480309,-0.043105874375317224,-0.017652118158538163,0.0017204847370025278,-0.010629284190145506,-0.015730440518381152,0.04443104008195846,-0.011692601664365998
F7_y_end,0.02801198594571483,0.05171485834274711,-0.008783488548328581,-0.03261043753453372,-0.04058177406451059,0.027394710026906945,0.04511393815942309,-0.0066413137238399535,-0.014154492233178875,0.007658915488837477
F7_z_start,0.017702249479761893,0.028380356515545546,-0.05848478228462362,0.028724194692055362,0.007777191621544693,-0.08709472571249645,0.016493789790688093,0.025100069110350533,-0.027091476334474875,-0.038511754126329706
F7_z_mid,0.018249427205131997,0.030487647473671015,-0.060335676439255206,0.03189195593300911,-0.030673335523046633,-0.0003909923543087218,-0.044023930183508544,0.024983538696105024,0.04628062117804462,-0.04357518529903772
F7_z_end,0.01800138067148944,0.02686063611230265,-0.05999270043290534,0.04090538468385293,-0.056125218629625204,0.028158240645865015,-0.009282054878222394,0.036735704495243535,-0.02992963819707545,0.0033880342862782457
F8_x_start,-0.03671641769258468,0.03096304045522961,0.02884220623163205,0.02865972802634317,-0.036843328501718224,-0.009762325562866853,-0.0252569241583038,-0.012605110221722298,-0.04102412238858134,0.026569839376398324
F8_x_mid,-0.03556116079094107,0.03161230847445672,0.03544822358176418,0.03362298807239384,-0.0037380160440585353,-0.015177750415263645,-0.004430418605659876,-0.015734656441001544,0.015108221189804413,0.004992537653272907
F8_x_end,-0.03526873746164674,0.031096513356896047,0.03532094517332985,0.027253129254509175,0.006980799581940147,-0.004076789850862928,0.03255667387028252,-0.02349920360299634,0.011621012211699104,-0.045775357098362245
F8_y_start,0.02266130455532263,0.05671467709698446,-0.018154634227915713,-0.03878023344333264,-0.00042800270715010244,-0.04671626900795993,0.009355059391516951,-0.0054066529959642265,-0.007829740225764867,0.01696445211014123
F8_y_mid,0.02375053479259109,0.05683905941203284,-0.0192310456080676,-0.04050085573983477,-0.01047428184305408,0.0048587821477925255,-0.014547428111555951,-0.0013222140757894168,0.04720955589289532,-0.010427504484644207
F8_y_end,0.023862816233674023,0.055290361656166576,-0.01928494954450789,-0.029763332832055484,-0.03542860879560015,0.031995460395238894,0.04507336130845918,0.007587290729943049,-0.012444373749403086,0.006001398190243478
F8_z_start,0.027317513103713626,0.024895324478133796,-0.04511325081328627,0.0401055165451046,0.02695816374324099,-0.08884824445759794,0.012584365215099725,0.029029503261417358,-0.03138977556777634,-0.028103077911202517
F8_z_mid,0.028577477563089714,0.02601704742445715,-0.045247267506375664,0.047396021748266765,-0.01642649066142328,0.010068836513419123,-0.0586508877093308,0.022921560297088757,0.051773945303756716,-0.039274200599624956
F8_z_end,0.027661431401515064,0.02313838616292406,-0.04646854122198602,0.054766942619938905,-0.044179173826806514,0.042910382419781734,-0.0009495585151590064,0.034187772477579946,-0.03925016283424452,-0.0063217568647047605
F9_x_start,-0.03767841805787207,0.034906127008907877,0.0176746230384773,0.023784179727746074,-0.03765072847600941,-0.00905646014282596,-0.02574153096104165,-0.016911422397349597,-0.040824331699824044,0.02654822682230029
F9_x_mid,-0.03730695834083068,0.03620759075163414,0.02392168496353487,0.02810460660984769,-0.0008177656614833476,-0.015134726839641585,-0.0024517856913296283,-0.018352488933537817,0.012084106541558502,0.005319841466679922
F9_x_end,-0.03674735716725936,0.0357475180418736,0.02395414558164675,0.02247691512188144,0.007332222211242232,-0.002633034058446133,0.0334725244387839,-0.025808162020280783,0.013455422974225804,-0.04676290710260555
F9_y_start,0.019034730819152246,0.05881079732193041,-0.024989307045391807,-0.036937281546040986,0.005118573405021984,-0.04355932175415738,0.005693982875437852,0.006007975568619726,-0.005354762481785681,0.017661099831330556
F9_y_mid,0.02031184694955388,0.058642744939363604,-0.02494460346692217,-0.038502294051750985,-0.004943846906686013,0.007180410537045202,-0.017740732171369896,0.011198597090960686,0.049251251673293334,-0.008031722197444155
F9_y_end,0.02023164480442783,0.057246531637373706,-0.02535933506866156,-0.02827130435969189,-0.03023664479009831,0.03409597601168348,0.04443550962780679,0.019892588959790413,-0.010856531363946173,0.006629225584630618
F9_z_start,0.03053360367186151,0.02475211654657891,-0.03894690298573261,0.04226036696694002,0.04388744583435056,-0.07944173212531215,0.0030149002405801244,0.02908461607151366,-0.033156505941461405,-0.010837519680855773
F9_z_mid,0.03158357323186783,0.024786342452592303,-0.038353891099826724,0.0501502060697567,0.00630607182082705,0.02236861769458027,-0.06527009339294464,0.01733501021468928,0.04957058953079586,-0.02856465037756079
F9_z_end,0.030505991190285266,0.0234653967808314,-0.04039802438362997,0.05697303214814777,-0.023686648455386792,0.05682056844949423,0.011679301806826616,0.02782293325175942,-0.041387892194777065,-0.018071934235769575
F10_x_start,-0.03831633915141427,0.03689000837160707,0.0073830613751993505,0.020225792172490143,-0.038999898560855555,-0.010575385398765423,-0.02383419949614479,-0.015703995903746736,-0.03872331030023755,0.02216231972705577
F10_x_mid,-0.03849773645190923,0.03865735080191728,0.013215472104318855,0.02350077219370294,-0.0019212312776479197,-0.01624720619546976,-0.0005599463697431306,-0.015114113273254187,0.011000356671247966,0.0036732027323924995
F10_x_end,-0.037991510420196745,0.038266683798042794,0.01350048683950617,0.019004771058118694,0.004263568394448891,-0.0032027176087779177,0.030783337339289802,-0.021840026373998414,0.015090596857570861,-0.04353615392041171
F10_y_start,0.018908741367207278,0.0593115354459276,-0.024115322836842566,-0.03870026532556553,0.008897004082653358,-0.03924898209587548,0.002388707456464306,0.012174918578287428,-0.0022860575579575675,0.020015273277563448
F10_y_mid,0.020071724441303004,0.05907489512841123,-0.023308859436008567,-0.039717366155144096,-0.0022878194728517187,0.008948580081672612,-0.01945330910424168,0.015530470950253977,0.05112411894263369,-0.006438816532516848
F10_y_end,0.019768079885039286,0.05766432959154435,-0.02428569345952968,-0.03055826222843681,-0.026861428852735677,0.0341708948668756,0.04468478693676923,0.024499999599232648,-0.010941151812004833,0.01043384945618683
F10_z_start,0.025057424934488245,0.03133370179153031,-0.04894280640156466,0.032415852305098344,0.05163736238320148,-0.06346474534805317,-0.009810041507378778,0.02359016710373752,-0.03317014294782007,0.005958042120207002
F10_z_mid,0.02521277632408658,0.030661779223220855,-0.04935161345033547,0.036985289004665536,0.02922867971713535,0.031813465416265216,-0.06136987077215176,0.010286839810668738,0.03924113163852703,-0.016631299981243554
F10_z_end,0.024075936105152275,0.03088443271972,-0.05054715071204218,0.044325571488195076,-0.00278643956087795,0.06507901292359074,0.02373803091897267,0.020040056381374106,-0.03516853222005056,-0.027834707339250444
F11_x_start,-0.038419725914491144,0.03762914949936734,0.0006344429140136119,0.018185922262851047,-0.04062432558195163,-0.012253157162391955,-0.02245210631267193,-0.014852696829893156,-0.03733132045237353,0.01755872700757197
F11_x_mid,-0.03883383596882877,0.039803267223068095,0.006308549826482313,0.020788584309955758,-0.0049948989953920745,-0.017634547073060728,0.00021812637587403762,-0.01361873028955309,0.010937438075923754,0.001227892086401228
F11_x_end,-0.03848309283200366,0.03956140187371659,0.006522886397561551,0.016926859064224576,0.00015016081455479174,-0.004815889793612416,0.027702862542434835,-0.019493742118152187,0.01543582679732847,-0.039934185749682945
F11_y_start,0.02050870474966969,0.05929219871848576,-0.01730934792247729,-0.043324963389764236,0.011521683691896954,-0.033193494733334605,-0.0008226250171748042,0.013898722950713985,0.0012967804775422718,0.02425818717790372
F11_y_mid,0.021484129697894618,0.05890445227578474,-0.015970602648546134,-0.043575215855195776,-0.001306326760683406,0.010550596679301666,-0.01983323843950901,0.014316277109767787,0.05259029519488886,-0.0043166253821332315
F11_y_end,0.02092621764953277,0.057449055905649346,-0.017627124512181316,-0.0358621397566437,-0.023975968470848444,0.03301562274296272,0.047141705032416374,0.023531942416225055,-0.011609009311447758,0.014898877976593197
F11_z_start,0.013078647307911967,0.03733279229541587,-0.06219749659523823,0.014975207405653689,0.04544691591899321,-0.04318383870968918,-0.01927887077346354,0.014936948210513773,-0.028539764839294268,0.016217182745163698
F11_z_mid,0.01257910105083008,0.035615778798295604,-0.06264030553428036,0.014948450598254507,0.040394916076871824,0.032788960306857094,-0.04581481447880871,0.0038797660305348487,0.02479581150574911,-0.007113693779726015
F11_z_end,0.011528776516511708,0.037088488883152915,-0.0627640873291249,0.022491155328152355,0.0103812024007633,0.0600745753511954,0.02887338089579067,0.012322853351490769,-0.02186407353700294,-0.029449287775473336
F12_x_start,-0.03842205466528,0.037295638372074384,0.003848651277090251,0.019181622307909388,-0.03985960840651201,-0.011469556648421055,-0.02299812063687015,-0.01506852604081503,-0.037908509895055155,0.019805929759154513
F12_x_mid,-0.038743329711662694,0.0392503654045293,0.00958504902785984,0.02209290003209203,-0.0034238861851596694,-0.016969884872868764,-5.713811384235974e-05,-0.013999138388974998,0.01096950434669644,0.0025097643870072095
F12_x_end,-0.03831702143300877,0.03893255083466166,0.009857836899826495,0.017947235204085542,0.0021744726174085425,-0.0040159014154389555,0.029194120557572038,-0.02029628172740407,0.015402612044604403,-0.041639510227029726
F12_y_start,0.019661818098964255,0.05937638383091709,-0.021066933990994168,-0.041044044991309106,0.010039668209203677,-0.03642376601683446,0.0008623610274675844,0.013070476214119057,-0.0005659395999067171,0.021978914909012496
F12_y_mid,0.02074123608273427,0.05907339642716407,-0.019981158684045153,-0.041716802777690784,-0.001875467151032215,0.009670308037165709,-0.01957634928640563,0.015029307039803127,0.051839229487181344,-0.005480925554700374
F12_y_end,0.02031319556671122,0.057638496013072936,-0.021275841716646808,-0.03322671807533802,-0.02561735711730723,0.033554160561564524,0.04575245283916973,0.02415739152118757,-0.011249585784830471,0.012754468928136569
F12_z_start,0.018995872317441553,0.035060249315710834,-0.056801385067176906,0.023594617561158448,0.04923162849470649,-0.05358284629354007,-0.015027341202634497,0.019436497804759874,-0.0312626286493322,0.01144867554155922
F12_z_mid,0.018716523279710864,0.03393223157743083,-0.05743642381894041,0.025634537471884676,0.035839296632948055,0.03287514015193492,-0.05399012753477981,0.007223774431179066,0.031910622371061265,-0.011756678787237212
F12_z_end,0.017640410119070152,0.03477199098482769,-0.05798532875147424,0.033246014017543755,0.004394684749196036,0.06343513320599152,0.026835918503966265,0.01643511013173358,-0.028629131064644108,-0.029170895772950314
F13_x_start,-0.03835516226734304,0.037957787899141136,-0.0030156496838784907,0.01709514161259721,-0.041056501706597665,-0.01307377953472539,-0.021998929181967664,-0.014106217682488232,-0.03652012219109142,0.01496017160786256
F13_x_mid,-0.038824711509939984,0.040399036083058934,0.002530074217181761,0.019361185687790414,-0.006942764121270681,-0.01812956017053721,0.00013707952874812807,-0.01296127844174525,0.011269983399520777,-0.00035646384366895474
F13_x_end,-0.03856394501499658,0.04022904296880205,0.002634774171874016,0.015808917942555102,-0.0021538086976603896,-0.005678097777224864,0.026113279196493026,-0.018283159667043622,0.015153489574154234,-0.03804522121448673
F13_y_start,0.021743166440196204,0.058779271350030596,-0.011198080385724216,-0.04611198723656155,0.014092463778591175,-0.02829278357773142,-0.0030856094534120744,0.015409830541615304,0.0038761884457378624,0.0277787570348041
F13_y_mid,0.02255818964636552,0.05832419915762059,-0.009661054493431163,-0.045505530105633976,1.262311694036354e-05,0.011789702152186849,-0.02012049517099157,0.013883587925392136,0.05334148434551288,-0.0021163814621201734
F13_y_end,0.02184718605784024,0.05684251296496051,-0.011853498930055132,-0.03895565146562549,-0.02100341999492889,0.03242236871126196,0.04925612779680212,0.023165902282177915,-0.011975277926007017,0.017071795189990746
F13_z_start,0.006207915266371414,0.03861099701839568,-0.06632822918873094,0.005868838899920896,0.03869426081264602,-0.031464749569831515,-0.022308134945577103,0.009191344409134192,-0.02408809911354353,0.01996392549168381
F13_z_mid,0.005801316881880567,0.03623868813530696,-0.066382566639792,0.003863858719896582,0.0423282212024258,0.03106366266863588,-0.035829723759736205,-0.0002547874751994252,0.01753157698696772,-0.00256285003890932
F13_z_end,0.004718163989934431,0.03835603280628477,-0.06616694930218703,0.010909824921241807,0.014682259884296521,0.05379131936062386,0.029663617527447936,0.0069333886699410605,-0.013708940988571892,-0.02780173812212838
F14_x_start,-0.03828817843999282,0.03812638132177071,-0.005854738686962625,0.0165673364366384,-0.041126899290580506,-0.013893309002878908,-0.021470732302643906,-0.012402818836415867,-0.0355205972936824,0.012618442982152417
F14_x_mid,-0.038763594377678956,0.04075131358674663,-0.0005113185095733843,0.018631079693035808,-0.008832558772336702,-0.018498459208659376,-0.00031050470119630585,-0.011268976844887747,0.012094108306733232,-0.0016778682593909938
F14_x_end,-0.03859647804017116,0.04062330311793484,-0.0005312153397357916,0.01532519762904485,-0.004236003334073947,-0.0065046609092239294,0.024694075656224064,-0.016079671183088423,0.014801341602217362,-0.036250947819718174
F14_y_start,0.023147924036286592,0.057497873594439884,-0.0031358282879850037,-0.04862374057248243,0.0167845479417153,-0.02259994866993221,-0.004823337197128157,0.017455765073140915,0.006865561892225724,0.03170724270824101
F14_y_mid,0.023664399153960913,0.057181451446549326,-0.001803121959919956,-0.04689260531815129,0.0014915698137522534,0.012866213710390326,-0.019586860936366572,0.0142471946899741,0.053563636601047654,0.0009389513689220353
F14_y_end,0.022877722949483606,0.055661409455022265,-0.004475904873487426,-0.041757813946019705,-0.017259139225246363,0.031497938571229,0.05115786614666033,0.02368008314319573,-0.01193217752192458,0.019317666196614208
F14_z_start,-0.000964700242114472,0.03868568994001018,-0.06849097814232702,-0.0030079886923138864,0.029730945150287017,-0.019736337011296706,-0.023802037553600268,0.0031315685191044326,-0.01860126551652984,0.02165910456562121
F14_z_mid,-0.000913064630844601,0.03588060368275694,-0.06825629001719283,-0.006512209031916364,0.04140448774246185,0.02789971129235702,-0.025433775944904043,-0.0039279856004621454,0.01035062645199168,0.0013650376922225412
F14_z_end,-0.002055501760923028,0.03847046673889573,-0.06772008139587903,-0.0002483880564472444,0.016922458831563347,0.04524350923240313,0.029070658804031167,0.00170639236620729,-0.005608483768799166,-0.0248153748105353
F15_x_start,-0.038277739932770095,0.03816831397294351,-0.008403380958996393,0.0162941838956535,-0.040508483800333644,-0.014098750220560988,-0.02113048602205012,-0.009737640948138766,-0.03403284009162232,0.010717089297174073
F15_x_mid,-0.03875274755361226,0.040837922418442224,-0.0033320903862686293,0.018224629168083446,-0.009814127260206019,-0.018377067985537263,-0.0009628770942842069,-0.00836832264180526,0.012891906740269653,-0.002275548930304522
F15_x_end,-0.038684597503015276,0.040721974393098784,-0.003487734401984466,0.015080743190064212,-0.00534095888319049,-0.007118248882761733,0.02351548305817808,-0.01271554697949924,0.014486286032284851,-0.03426531985775429
F15_y_start,0.02532505625683649,0.054456565884000864,0.0076247043736136335,-0.04836415623362897,0.020016656461253862,-0.017364726989344544,-0.005569665752252104,0.019772936491581034,0.00999983182703563,0.03525850964429448
F15_y_mid,0.02537782961160995,0.05469024217501059,0.008339641820713974,-0.0452184664613598,0.00279252758804038,0.013672851378936092,-0.019076986899145845,0.014622655024924387,0.053797387726965365,0.004077276120375579
F15_y_end,0.024552082625495592,0.053202519000669996,0.005137051699861883,-0.042024505115348394,-0.013396720836563581,0.03031552665777703,0.05235905576947106,0.024431671039634412,-0.012368633151846956,0.021692172955170008
F15_z_start,-0.007311228936840351,0.037813031967692444,-0.06850985138218053,-0.01044755928506924,0.021835555068276013,-0.009213665957739524,-0.02434205109205931,-0.00037775818930392384,-0.013268413894202597,0.022436242632215008
F15_z_mid,-0.0068301410454074405,0.03482462165902257,-0.0682162816609356,-0.015136178056349528,0.04036172750943282,0.024642542517950543,-0.016337157802243995,-0.004650705349264115,0.003756845184686669,0.005178921668355731
F15_z_end,-0.007987115549756627,0.0376832597728778,-0.06741657810869431,-0.009554411476942122,0.01907779329897378,0.037672091525102765,0.02766764870962054,-0.00036381614495352877,0.001572522747943477,-0.02164601208286343
F16_x_start,-0.038357887163077205,0.038118450865413336,-0.010398428542881564,0.016246338639783996,-0.038651141505274586,-0.013205823247390253,-0.02146927991912405,-0.006202631416233212,-0.03218602053500241,0.010115987857037288
F16_x_mid,-0.03883635016839647,0.0406499040668118,-0.005532335878318691,0.01813016882684953,-0.008876073874888764,-0.017325640967917038,-0.001907758630814262,-0.004537872201929711,0.013658430864961817,-0.0018167629654168068
F16_x_end,-0.03884350098653416,0.04052865039520638,-0.005833433966655658,0.014952868819913829,-0.0045479270859152925,-0.006999132619089515,0.023107874585556017,-0.008610634486406931,0.0143148484079185,-0.03250024477682181
F16_y_start,0.027909295120897477,0.04921047703558228,0.019710326019252655,-0.043549406348664214,0.023963726216837324,-0.013852576483776505,-0.005383211241026701,0.02138424131808623,0.012147284992330861,0.03761836422392878
F16_y_mid,0.027581446819388615,0.0502942029883096,0.01988752021317025,-0.03906144429765306,0.004100424070657682,0.014100260839267308,-0.01948621940231086,0.014478276435519789,0.05336715142018463,0.00683188398042201
F16_y_end,0.026818751569725154,0.049071995276173536,0.016213974851448303,-0.03811148046690547,-0.009661702912592982,0.029419088629028534,0.05227037550624178,0.024587186373073642,-0.013742838471690264,0.0227862462383068
F16_z_start,-0.01377802029037339,0.03599694403518923,-0.06660665031975592,-0.017942486217443297,0.014149266360059797,0.0027454310463016418,-0.02498250965359546,-0.0033826621411353207,-0.007186036239959066,0.02396149458625174
F16_z_mid,-0.012675189835601097,0.032989792358908816,-0.06651062292521809,-0.023526459038381596,0.03993329518358134,0.02148766630732503,-0.007008063462422309,-0.0050066706784048665,-0.0028848434496352685,0.009730764370816616
F16_z_end,-0.013935966485809506,0.03606702469561672,-0.065387221418116,-0.018846550697940553,0.02230545089697421,0.0297811584695412,0.026688227132390212,-0.002417536802724738,0.009227439107446958,-0.018828929609492912
F17_x_start,-0.03839819792289735,0.038110657651202175,-0.011936448078077684,0.01657352467809542,-0.03631864763206563,-0.012092049730074958,-0.022062075066591032,-0.0029551711110289963,-0.03049075071846388,0.010338576927474384
F17_x_mid,-0.03888582319063379,0.0404224528840621,-0.007083143754511053,0.018527909270954105,-0.007266103533779709,-0.0159639258299081,-0.002788565884573131,-0.0010779317675850405,0.014435898728416668,-0.0009986282882341435
F17_x_end,-0.038946707249046114,0.0402860637777735,-0.007497241117775449,0.015185883315885072,-0.0029839272105504876,-0.0067198345348514175,0.023127958535473243,-0.005000301641009713,0.014265943095839383,-0.031169245303199995
F17_y_start,0.029700153198458052,0.04314706384541824,0.029993553870843365,-0.03718418232143944,0.027013510679618914,-0.011591987583909542,-0.004741831649222128,0.021898552204346944,0.013196933516372196,0.03861039494924126
F17_y_mid,0.029195254923568316,0.04496992553743077,0.03009411081317662,-0.03174479416775259,0.005304976484062164,0.013781552704860383,-0.019841760053626856,0.014141704893281074,0.05153055123369338,0.008927935614439808
F17_y_end,0.02860658327165018,0.04413650097217096,0.026227347828051854,-0.032661934172732394,-0.006419728065322021,0.028594405303438077,0.05086137328793682,0.024018461327586147,-0.014964587482691314,0.022701580768475994
F17_z_start,-0.018916083575438992,0.03376652944585386,-0.06351401646156209,-0.024060326216607142,0.008131782640563325,0.013688001246768316,-0.02558693952486537,-0.006144069205308085,-0.00205076712849305,0.02580022487093816
F17_z_mid,-0.017377554784317174,0.03089484404601448,-0.06380884201719647,-0.030239805176868993,0.0400499169911562,0.019031356964041065,0.0007047605769607885,-0.005490308912546221,-0.008763011416589275,0.013995712903801198
F17_z_end,-0.01871371471864867,0.03410335906996345,-0.06232770276171372,-0.026555727957616935,0.0258595601167812,0.023173015710689873,0.02588871734313716,-0.0043456934279894055,0.015508403368964451,-0.016502211350396454
F18_x_start,-0.03842242508082446,0.03807496832635342,-0.013015893532517427,0.016958762352045933,-0.034009441675515215,-0.01081482444149676,-0.022901222011750703,-0.00023560764756378182,-0.029106723661893333,0.0109941216874334
F18_x_mid,-0.03890410214422329,0.040198302030829365,-0.00809485589336752,0.019127470010757996,-0.005344495010712821,-0.014639893855878971,-0.0036576386790780073,0.0017499741649075822,0.015033271487731838,-5.628939093311125e-05
F18_x_end,-0.03899663206874943,0.040051165674526726,-0.008618965935990429,0.015532352299787618,-0.0011163361034327373,-0.006286098111847111,0.0234569848633319,-0.0020976501923477484,0.014194185013535534,-0.03043076712404474
F18_y_start,0.030804235982430633,0.03722568291462445,0.03783332947847341,-0.030585180414736894,0.02862571886156101,-0.010086682468417976,-0.0038061031259707433,0.020579777448373804,0.013248806465346681,0.038156877855279124
F18_y_mid,0.030243745021389625,0.039589437523408044,0.03804780912523326,-0.024446552733909898,0.005856195758248474,0.012672418166796588,-0.019743491431627957,0.012522394466945422,0.04855659508330381,0.010111404933661925
F18_y_end,0.029874895296726094,0.03911089581333148,0.03424720319792554,-0.026811081359015988,-0.0040550704003590845,0.02727005121924527,0.04846345915062208,0.021885093187847333,-0.016024566551769686,0.021925211912951447
F18_z_start,-0.023791640647946376,0.03088175554646448,-0.05895112988185469,-0.029845151379238842,0.0029687852542918647,0.02526097804825633,-0.026396217822285132,-0.008383180701283738,0.0031185875871973636,0.028359370098431164
F18_z_mid,-0.02183255263506451,0.028289600132488327,-0.05989080227741702,-0.03653562058900354,0.04100131067290707,0.0169289979173851,0.008124349889064474,-0.00578027638541536,-0.014477328021243461,0.01855553426074681
F18_z_end,-0.02324685227782747,0.03159657162755093,-0.05793659622225642,-0.033919620908929735,0.030235039423566337,0.01689952338532085,0.02562887732260018,-0.006146019031641892,0.021614428571108346,-0.01472090620361523
F19_x_start,-0.03667751325375921,0.02478110337993043,0.035681663652943035,0.033437869532146294,-0.015304850676015775,0.01074644044526864,-0.037228829927869564,0.009148389595666186,-0.03204770140026402,0.036779048154849156
F19_x_mid,-0.03443910405619665,0.02316944966582882,0.04274190506503809,0.04036666863092022,0.01419865762113981,-0.004327597144040207,-0.010863877834025242,0.0031648424154609384,0.01643062138229062,0.012864320285990423
F19_x_end,-0.03549567266524635,0.024412178549043696,0.04092229639238535,0.02944022414595984,0.028151584892033024,-0.0009578519439714483,0.03316974501970185,-0.004358176804285341,0.00936894982857823,-0.03840427926217119
F19_y_start,0.0372233091170502,0.01770429748669128,0.04420338570658864,-0.00650529326578044,0.0012129652952831648,-0.044369931947876695,0.01876300001400807,-0.01976074808648275,-0.007412885786615934,0.008926304730142658
F19_y_mid,0.03731295835637858,0.019763626943935225,0.043777768809342255,-0.0033874673306550744,-0.026758085786413057,-0.006778881721031338,-0.013252379985115397,-0.026143066236654345,0.03340825255087054,-0.012142341804843113
F19_y_end,0.037859751841952956,0.018071431802092325,0.04213201467623926,0.00043889527057012595,-0.03709748221649847,0.013902437051533397,0.024273877778098096,-0.018829682256298125,-0.024791434181704288,0.00883741309617892
F19_z_start,-0.03560890899479743,-0.019942641286024892,0.010019127559243775,-0.030659204923353982,-0.09386513713359199,0.017759502391730908,0.03893799780005287,-0.004950059812707933,0.037523498828330594,-0.06037925835910805
F19_z_mid,-0.03394265310769976,-0.017052008766057777,0.010146112468229851,-0.0384565961855022,-0.08423498213123005,-0.060183092180389995,0.0649065535541042,0.02318516387537766,-0.01617677256227494,-0.014804087097550832
F19_z_end,-0.03301856302775956,-0.021132023478356108,0.011740629005340114,-0.04054855283581762,-0.0612808169534318,-0.08870022577501674,-0.047986920591700226,0.01751364878769082,0.040572459645834016,0.05529207233920413
F20_x_start,-0.037307899425010546,0.025863717591323238,0.032554762803187955,0.031452623836802404,-0.013263789847042955,0.013279564660232172,-0.03943690063696558,0.009660513883018269,-0.03133601079503936,0.03898310988937824
F20_x_mid,-0.03536405178723037,0.024292120159420404,0.03970827729474707,0.038319140746358726,0.017938567826318565,-0.002278804823213504,-0.01106528284932464,0.0033540893294564727,0.0156746995788215,0.014244015018023583
F20_x_end,-0.03626588209379288,0.025651751463691235,0.037664895949752066,0.02694647959024114,0.03080039063975574,0.0005619754769789553,0.03504950609564586,-0.0042632075533350616,0.009799714403634646,-0.03963962546107749
F20_y_start,0.037436936174470185,0.0172722783098877,0.04422716189985363,-0.003788330359536029,0.004124824312115021,-0.04466550709904287,0.017635339652319604,-0.01721189861499578,-0.007861568514656667,0.00935742600047745
F20_y_mid,0.03747845747325609,0.01938959346071873,0.04391276231104679,0.00010510254002786608,-0.02497166070557431,-0.00597185041811139,-0.015828083582616073,-0.02405327521902637,0.03427627830675811,-0.012569134122901253
F20_y_end,0.03807296270738894,0.017892270712796147,0.04197832365748175,0.0036878530812878025,-0.03579404886996663,0.015046263576805182,0.02421007837747233,-0.01632721334780871,-0.02616108361274578,0.008334145637784616
F20_z_start,-0.03206005533279608,-0.027213352804511433,0.029313622654927273,-0.03009183697202738,-0.08300559658821104,0.03299752654840802,0.032610105242136485,-0.009546334239268863,0.03873973873071429,-0.04683509244450981
F20_z_mid,-0.030786579824085204,-0.024602607480608614,0.029214796655011272,-0.0360692102445626,-0.07182787409251347,-0.0537839411672189,0.06461638581233488,0.015788263346883942,-0.02252417929088874,-0.005186361120019651
F20_z_end,-0.029778984123180238,-0.027909746578114056,0.03073249978373273,-0.04053359655557272,-0.04375245851384886,-0.08470961118414574,-0.04177219690982649,0.007701831817374656,0.03894524728085078,0.047953249980280596
F21_x_start,-0.038105641953243036,0.027502855560812806,0.027978465802478845,0.029056913699907407,-0.011921254643364269,0.014741695802429518,-0.0410781981034049,0.009950145636146027,-0.030839528068337237,0.04051869773205722
F21_x_mid,-0.03653172678508302,0.026084330141775375,0.03525263171598586,0.03576381333585915,0.021154991859414406,-0.000578641268975834,-0.01113648901027007,0.0038065157813038657,0.014853637620289855,0.015289275283185529
F21_x_end,-0.03719280286266536,0.02744713503330245,0.03302005693129719,0.024429031316131996,0.03268992531999205,0.0021319290624423155,0.03670071032322976,-0.0038388984832132982,0.010561369266018607,-0.04083444857556664
F21_y_start,0.03755299706609634,0.017712587244799714,0.04400072320990934,-0.0021427902214101358,0.007458540980391234,-0.044622468864827174,0.016074930957205507,-0.013931850104446772,-0.007784712135082711,0.010439348544067152
F21_y_mid,0.03754331233328344,0.019821851462250885,0.04381175373486137,0.002406970756236566,-0.0226685126670942,-0.004611458195362476,-0.018456960884180012,-0.0213719312816579,0.03550290417952001,-0.012454191358965288
F21_y_end,0.03817058090816292,0.018614130284827012,0.04156735154105179,0.005732693977531153,-0.03409940885318518,0.01673963792044475,0.0252900758147469,-0.01334374819353562,-0.027388545998082728,0.008051359701067906
F21_z_start,-0.028471651053525546,-0.03055857126909166,0.04140708940539311,-0.028303260582790535,-0.0698953507063985,0.04415996398640241,0.025539837301293253,-0.012806782969642671,0.03778903368425452,-0.03220921062438201
F21_z_mid,-0.027755040510715964,-0.028668568326093807,0.04128313189813603,-0.033244847846005475,-0.0567783541882014,-0.045964475941117675,0.06189920505605295,0.00907460762529196,-0.027122921796877874,0.0031193952988916133
F21_z_end,-0.026704294822061443,-0.030984696326898035,0.0425867992343409,-0.03906342646511157,-0.02635155433214813,-0.0772530531178279,-0.03433809685788225,-0.00044912719899883364,0.03692624913809642,0.04019828057211648
F22_x_start,-0.038896251559985405,0.029605937012631915,0.022159465504078907,0.026431313541373732,-0.0115249273800238,0.01478348025446099,-0.041822994884938076,0.009667560109145032,-0.03057476509954387,0.04096998733584782
F22_x_mid,-0.037715910546942885,0.028513651971545803,0.029456570018343106,0.032993938674827375,0.0234305099121772,0.000433355824831163,-0.01097086024954398,0.004231820087558727,0.014033157521311204,0.015737450175178577
F22_x_end,-0.038089272347845024,0.02973662593515127,0.02717440592942342,0.022182268005525627,0.033454255451390885,0.0036221919703681477,0.037702928305732596,-0.0032560579544634307,0.011651201896592349,-0.04181889184916848
F22_y_start,0.03774615277276729,0.019185221698287264,0.042886647221915514,-0.001544505944417952,0.011395562169512121,-0.04442583222081828,0.01380833818283515,-0.010396280961414131,-0.007762668363792816,0.012366337001022056
F22_y_mid,0.0376844775971543,0.021220899468918145,0.04281533217017503,0.0034577125810192817,-0.019602784314057934,-0.00237031085372058,-0.02175305578400933,-0.018660263924385707,0.03736851577882882,-0.012120338612846008
F22_y_end,0.03829231159044918,0.020367445763162153,0.04027377555425266,0.006581703907050944,-0.032081280281373054,0.01939824610575361,0.027636605478314185,-0.010387801842795048,-0.02873648983049315,0.007589595746801649
F22_z_start,-0.024366085111719085,-0.03247318608898426,0.05049150525336136,-0.026157778253007056,-0.056064872582037815,0.05334933443261851,0.017968196279198687,-0.016262294770678448,0.03602543679200591,-0.01770411766233859
F22_z_mid,-0.02420811496340895,-0.031461422557288996,0.05066969287781589,-0.03018499033165207,-0.0411404698013249,-0.036894942331367836,0.05756272094858293,0.0010061042670406872,-0.030488658187224113,0.01124436527333686
F22_z_end,-0.02319294927498001,-0.0326348778942506,0.05159236500234868,-0.037329915928933234,-0.009724007534006943,-0.06807366176641301,-0.02572656068077725,-0.009469334369632647,0.03389190132975177,0.031556727677349704
F23_x_start,-0.03952931795924126,0.03183116797562764,0.015412633022638742,0.023690175415691156,-0.011804890297002962,0.013539040280496182,-0.04152781274012492,0.009480700970269339,-0.030094344427434125,0.039957388019352634
F23_x_mid,-0.0387296503332869,0.03120991163675383,0.022558840546949833,0.030080507967343566,0.02450229910411495,0.0008337520470226579,-0.010571861901479195,0.005065474694340616,0.013376345517969198,0.015618145170973647
F23_x_end,-0.03882702543849991,0.03217146016359159,0.020407788934660644,0.02031473576987424,0.03301655658596755,0.004905353495888748,0.03768093664282206,-0.001988325106505821,0.0129205310372203,-0.04202541164687746
F23_y_start,0.03791981595739309,0.021011404069913846,0.04140445051614589,-0.0016320256976923026,0.015711520698874604,-0.04343341055543735,0.011099137838252743,-0.006784072226981296,-0.007447855497883291,0.014681299676953401
F23_y_mid,0.037788971808003884,0.02298332416456975,0.04145085630280185,0.003720188291677981,-0.016042470000966425,0.00022690438365507924,-0.024973093407748236,-0.016085415622442582,0.03917392690296663,-0.011292871076656465
F23_y_end,0.03835734777478992,0.022471499364727462,0.038653663885653465,0.006470594043895733,-0.029413107198812207,0.02237104889282595,0.03015186910101844,-0.007642513668088086,-0.029898058059842778,0.007354775592918832
F23_z_start,-0.02273688754485534,-0.031965605274179125,0.05411337363697822,-0.026543396184686832,-0.04444773450467522,0.062489244729136605,0.009987540291063742,-0.0187780331374141,0.034753608256057014,-0.00419086968490357
F23_z_mid,-0.023014710444824536,-0.03191494023242006,0.054751284454844985,-0.030306819178733364,-0.025015262267699186,-0.028392142076081883,0.05469083002486005,-0.0046618513519817075,-0.03460900586553153,0.019482224692428874
F23_z_end,-0.022123872504479145,-0.0319494471930997,0.05538276294967922,-0.038230093523756066,0.006216318835783187,-0.059333703314117324,-0.0170524245256671,-0.015944896218312733,0.03304849341535061,0.02324239693145538
F24_x_start,-0.03986200418423021,0.03525050440991007,0.002312889325417965,0.018835756155410357,-0.012746921042514096,0.00908342307308632,-0.0393145055052832,0.01044703787394548,-0.028190087020239715,0.03517597439972642
F24_x_mid,-0.03977283905391695,0.0351080803125867,0.00914798467999646,0.024759247273234943,0.02429563029010894,0.0006439955648946413,-0.009762685566439342,0.008482937872773873,0.013480317018013803,0.013199564703114161
F24_x_end,-0.03957339559579577,0.03563623874671654,0.0076326090960034355,0.01652934916538292,0.02940065436359864,0.006957773628830038,0.03605587430216282,0.00243361579819886,0.015030224473225013,-0.04008556913497069
F24_y_start,0.03766231345966886,0.0249510847888136,0.03862976046277122,-0.001007250940736957,0.024996343270924145,-0.03836530105456531,0.005935396209131923,-5.083654293868002e-05,-0.005729531178697785,0.021369463621694975
F24_y_mid,0.03754038488179701,0.02641732532736275,0.03918053945169382,0.006072659836557264,-0.008218119889835626,0.004909708636804605,-0.028940598326254924,-0.010679621179611921,0.04019607417518715,-0.007279767710161079
F24_y_end,0.03802983177829236,0.026765711346216255,0.03571063137265471,0.0074070112221930225,-0.021264943982959913,0.025634657052294143,0.03454054119788719,-0.0023006868470826936,-0.030844264014337815,0.006782173211526543
F24_z_start,-0.024504695252782798,-0.02740318616355694,0.052098437717223486,-0.03202187248840342,-0.025905942313750926,0.08170573357658797,-0.006112875899697663,-0.021720354497774357,0.034638592800040835,0.02161971266934724
F24_z_mid,-0.026005335567597137,-0.028769165989532552,0.0524962802742475,-0.03802868674579776,0.00877469024711611,-0.011112747648183968,0.05292468664237196,-0.013118479049407725,-0.04475627583685852,0.038000522290708924
F24_z_end,-0.024963080455465005,-0.026582642736260563,0.05327981039785485,-0.04619623309711461,0.03745244704530894,-0.042694391567272394,-0.00030968972835093066,-0.025292863327403214,0.03596977250558027,0.009247594405488023
F25_x_start,-0.03966905979049928,0.03627226812208271,-0.0030791044884586746,0.016813122016752655,-0.013666418936937439,0.00691428886475038,-0.0379400959839536,0.010771864760262454,-0.027638352974534576,0.03218760022344374
F25_x_mid,-0.03985213325553587,0.03645090129476946,0.0032587698755572624,0.022175671261038518,0.022834840213265418,0.00013797689342449296,-0.0097296132475746,0.009644387722841978,0.013649956890659577,0.011657464916182712
F25_x_end,-0.039600352685138084,0.036842287835796156,0.0021379541568577816,0.014694110100957489,0.026515337260122052,0.007123808884010616,0.034596028691632884,0.0041377702770481065,0.015282546570625898,-0.038633888870642556
F25_y_start,0.0373139725155629,0.02542830486084338,0.038673422229988264,-0.0011655969987065327,0.028678220100325908,-0.03465413363876621,0.003429666618319885,0.0031525926607641054,-0.00408265894136573,0.02443846398376008
F25_y_mid,0.03712753271847881,0.026732397344829812,0.039636341318329334,0.006635560742449184,-0.0041977589785750025,0.0068585006560638725,-0.029543188958263904,-0.007791947463819241,0.04087428348808041,-0.004886571246520743
F25_y_end,0.037621928755173395,0.027442285634720648,0.03591309669008428,0.007019818405127125,-0.016771107709093035,0.026848002072908182,0.03603714878672624,0.0006343152145825054,-0.030227028644496334,0.007235117865834757
F25_z_start,-0.027948190985316368,-0.022631479694280976,0.04538830926102132,-0.0373862491256658,-0.01923493899485418,0.09193160574732434,-0.014972579841451275,-0.02387006686976883,0.03518431412957296,0.03424118132772205
F25_z_mid,-0.02982851105906683,-0.024355165254692734,0.044879736010536686,-0.04530825989159874,0.026355458526190565,-0.002752461431829643,0.053715125883173946,-0.017209232913657196,-0.0503023405938995,0.04724679927247745
F25_z_end,-0.02865234871649517,-0.021169138339073544,0.046264693882823484,-0.05293320665853977,0.05215457053861146,-0.03521289430200459,0.00876254370634809,-0.02971926604869152,0.03974582799062174,0.0024705660246785778
F26_x_start,-0.03944055189272899,0.03687720346792661,-0.007181459568205243,0.015509830148153426,-0.015388356126817207,0.004722790438510205,-0.036053778902423096,0.010666402015859387,-0.02709849828665354,0.02895044438103174
F26_x_mid,-0.039803423259652665,0.037356875829559814,-0.001278532636782091,0.020200330590254358,0.020147052986829738,-0.001033895644315483,-0.00923899775072545,0.010250164880528496,0.01353928333883361,0.01014398179589613
F26_x_end,-0.0395517894229073,0.03763805449159217,-0.0021286016165635527,0.013451560973570451,0.023193650705751395,0.006252339849091155,0.03293736440058703,0.005137640261806848,0.015329398358009921,-0.03681143885813971
F26_y_start,0.03685555464290739,0.02589994240916878,0.039018694336469255,-0.002275300164287628,0.03108260452374335,-0.030669322001437144,0.001187916347001089,0.004952466965414069,-0.00238436367541455,0.02691937560197472
F26_y_mid,0.03661208785527234,0.027069906962745964,0.04031268629898879,0.006017608690848164,-0.0010628368672175902,0.008161510490141036,-0.029221283761676566,-0.006089643289123209,0.04103831314925136,-0.002693861987567578
F26_y_end,0.03710923975602753,0.028021206427603584,0.036403975769796086,0.005506046356747195,-0.012956501173513607,0.027297574966846243,0.03710276829166771,0.0024648267046336976,-0.0292331584299439,0.007999989475971596
F26_z_start,-0.0327100926341761,-0.01515074483367128,0.032812176328281054,-0.043863505699709884,-0.013269435961382392,0.09980590638246545,-0.02382284195747148,-0.023948194686045317,0.03522612255860986,0.04555875132819919
F26_z_mid,-0.03471354605874591,-0.016559440803665924,0.029948998683812497,-0.05372133837511445,0.0437478821456617,0.005691414608860397,0.053301841126832915,-0.0175666427666586,-0.054341116335447866,0.05504313588318716
F26_z_end,-0.03349961117581618,-0.01285030898223134,0.03280954179728104,-0.060153545783066864,0.06491904211568039,-0.02615617041553227,0.017459223280482234,-0.029934292647512458,0.043993519215632576,-0.0038916596173498843
F27_x_start,-0.039288918316324896,0.03715939855181904,-0.009773381233239974,0.014787039019025509,-0.01792798724202045,0.002536336797947353,-0.033815017771425156,0.009967146888854214,-0.026724447947102777,0.025805246256342982
F27_x_mid,-0.03974417364985509,0.03794130702943369,-0.004256137757065434,0.018816423423109338,0.01657924397574122,-0.0027216289475615212,-0.008259666966149397,0.010104642971822333,0.013338220939236718,0.008655111423565563
F27_x_end,-0.03952076000745174,0.038122684611782934,-0.004933418185281985,0.012751388515490266,0.019571492271216757,0.004610657986283897,0.0313526519907863,0.005271220259219416,0.015311839231416628,-0.03511464334808592
F27_y_start,0.03639496961084659,0.027086016541158494,0.03881458143317224,-0.004619504524330612,0.031766895186920066,-0.027648254831391706,-0.0005088979272780977,0.00587102076737865,-0.0005765036525449508,0.028531779851100128
F27_y_mid,0.03609736991786574,0.02813639690450077,0.04037422671931018,0.0037142537074678064,0.0004887171561345355,0.008754520391767433,-0.028607083181552084,-0.004976483971407694,0.04151189000935565,-0.0011778547572101265
F27_y_end,0.03655843703433996,0.029131804735686325,0.03636384355295574,0.0025518601054311005,-0.010874741129577762,0.027146372806050825,0.03806817957847613,0.0035870200108072013,-0.028152824308394764,0.009356325739155215
F27_z_start,-0.03598590097396422,-0.006793914723035541,0.017792491556968812,-0.04848411602480993,-0.007802889651532426,0.10229732170900846,-0.03126410575001881,-0.023589146323524324,0.03388225116667029,0.05362587831973503
F27_z_mid,-0.03728500424544305,-0.007810931709898121,0.012788891663356778,-0.0589324757286441,0.056473844696765495,0.01310606415107018,0.049718189059305924,-0.018061114454894067,-0.05435472728453773,0.05863139306343806
F27_z_end,-0.036431087406805486,-0.0038647054062012133,0.017096575906376643,-0.06432577755844783,0.07223335961822257,-0.016868179309395433,0.025339256546312063,-0.029828611024522805,0.04570323924734559,-0.009960173967624443
F28_x_start,-0.03922240424091408,0.037272908694708916,-0.011059161629716607,0.014668898699906998,-0.020755045188142855,0.000507803996632844,-0.03149973075120971,0.008722116913577316,-0.02663790267104852,0.0230232868197262
F28_x_mid,-0.03968162783331246,0.038370866707287,-0.0058453610066355275,0.01815795994603371,0.012763703940060085,-0.004694165938559401,-0.007018500868792676,0.009236585815112122,0.013258808696337067,0.007232471541605763
F28_x_end,-0.039492364132580796,0.03849654644187331,-0.006476748518204868,0.012700766385576646,0.015974900002399844,0.0026495199108648513,0.029883043488854573,0.004651275978210357,0.015279129504354415,-0.03374972201635949
F28_y_start,0.035675892246760516,0.028663043241089085,0.03902313511219611,-0.008357454021720372,0.03116481239764531,-0.024960274357179364,-0.0015393458887986572,0.007097281061477947,0.0016464964940377637,0.02973630044741792
F28_y_mid,0.03530042698499155,0.02966007933580188,0.04079300188221727,-0.00044201929325849343,0.0010886879398586797,0.008982345408765701,-0.02759601303380243,-0.0032231055890068667,0.042596143256407204,0.0001542505584408722
F28_y_end,0.035710611833275195,0.030516662444380747,0.03683139148175806,-0.001967246443690105,-0.009730132648663592,0.026755495136244777,0.039023184468265915,0.005400275091407106,-0.02647529652364014,0.01144936932280076
F28_z_start,-0.037609421090305614,0.0037696883360334946,-0.0018202105159594467,-0.04998259000471175,-0.0028551677908608716,0.09738024039531337,-0.036526289051715094,-0.02310901418161256,0.02974289687256609,0.058170483979695216
F28_z_mid,-0.03744989181844568,0.002889536316797729,-0.008245273252505396,-0.059599562329435,0.06415836565150083,0.018267616106859876,0.042616306237919954,-0.017822941203756146,-0.04994478663023009,0.056452726597550885
F28_z_end,-0.037400422679725064,0.006876829389509575,-0.0029176285196424344,-0.06394573191375684,0.07382617680854558,-0.006774209039091077,0.03109294019304312,-0.02823479712170876,0.04495665440826629,-0.014460705492082409
F29_x_start,-0.039185626214301265,0.037369574856960644,-0.011344634497765788,0.014949285820521513,-0.02378798682575713,-0.0015499126609825635,-0.029374302498545238,0.006902550305158539,-0.02692997153449372,0.020562273412226682
F29_x_mid,-0.039588004958918434,0.038803007237750056,-0.006425375711307286,0.01810954553960756,0.00910084572330546,-0.0067946479617861525,-0.0056983504088312905,0.00758319537545544,0.013223037566219177,0.005880281253850573
F29_x_end,-0.039435189743134307,0.03889989612036191,-0.00704599985393013,0.013172109044189499,0.01246685184381499,0.0007072947941244233,0.028622057567461355,0.0033291885725443456,0.015180174160748976,-0.0327459657613014
F29_y_start,0.03474406372851848,0.031177187500262212,0.03860161969638588,-0.013291452064380945,0.030227676156883997,-0.023345427653737812,-0.002192397377026852,0.009794088027520569,0.003874384386634143,0.03080874293443218
F29_y_mid,0.03428634550816612,0.03217094002199825,0.04046989710700407,-0.006170871896273421,0.0014309899362764877,0.009682997984277544,-0.027180802442175748,-0.0001471463911602168,0.0448956657171147,0.0015009003271069514
F29_y_end,0.03456416079463523,0.03276700432008243,0.03662752345772053,-0.007651878350514357,-0.009425896256197814,0.027401166084420215,0.040964048305547,0.008581046238129912,-0.02454554208476659,0.013708401778472731
F29_z_start,-0.03642168727347352,0.013301314545186257,-0.019849951354671873,-0.04824764863192507,0.002284114865027812,0.08591746980277719,-0.039014418665366785,-0.02066779043032934,0.023542599524913586,0.05818642560939293
F29_z_mid,-0.03492122698406858,0.011866205031332342,-0.025625484700644897,-0.05631533247032324,0.06623463457717993,0.021769110522784716,0.03351951570934002,-0.01597232075763726,-0.04304311199092723,0.050629529980177355
F29_z_end,-0.03566920067362963,0.015892355813668456,-0.020391710678991225,-0.05951377582865988,0.07051941105450582,0.002982652757833852,0.03371588432133756,-0.02433056865112664,0.040840618042325895,-0.017607660283758552
F30_x_start,-0.039330145873442766,0.037241301328787974,-0.010141522726540137,0.014851486115037893,-0.02274106476627609,-0.0005083716135317059,-0.030356389254892445,0.007221356974536754,-0.027132435098641352,0.022289875686412795
F30_x_mid,-0.03974484577071242,0.03848724228058963,-0.005062182133355505,0.018258507209493062,0.010911825479768978,-0.005797523476002351,-0.006168764433433818,0.007844405303691722,0.01307915470536021,0.006648847499658448
F30_x_end,-0.03956554025805911,0.038586844407118195,-0.005633414493399033,0.013075570775090322,0.014322583535348932,0.0017337479325197655,0.02958695865115228,0.003252630471068602,0.015322010064767652,-0.03380123976855274
F30_y_start,0.03537422175992386,0.03156052937567834,0.03678789170670364,-0.012196138349187964,0.03037846126433718,-0.026086786891240575,-0.001604135964226447,0.009413374224041903,0.002392096683144482,0.029917327127125908
F30_y_mid,0.034973184595326196,0.032591265506630676,0.03846910053570533,-0.0050746042424253,0.0007283039867591491,0.010012176975088664,-0.02852061279631357,-0.0009971545122286493,0.04536304793154069,0.00013569803018036988
F30_y_end,0.035206410211692185,0.03319707905627292,0.0345364610206872,-0.006136981361277546,-0.011417061807890512,0.028656952823351768,0.04134033102344978,0.007902996215715687,-0.02595580764959869,0.012727755050937258
F30_z_start,-0.03669425509573049,0.008845090254402343,-0.010032022416790425,-0.04949598566254802,0.0040256564529436364,0.09497830080432133,-0.040866227332154094,-0.022279788285174212,0.026119159837514002,0.06331286733159497
F30_z_mid,-0.03574871430895587,0.007682207346338137,-0.016526307177795577,-0.057899417346737314,0.07129920707908646,0.02345594555007363,0.036922264195867055,-0.01854917888682974,-0.047473655234301956,0.05605072570623462
F30_z_end,-0.03613037057634637,0.011892135377501082,-0.011095140413262048,-0.06176287195869508,0.0776182759774578,0.0015326362459891815,0.03554731194494529,-0.02794686467590834,0.04246045985337698,-0.018855112442277718
F31_x_start,-0.03918095610695052,0.03737702284405449,-0.01125271179553215,0.015094296259967034,-0.026968542794089747,-0.0035768276324874256,-0.0272502050188142,0.004942665376689881,-0.02733037849744098,0.018043965831076945
F31_x_mid,-0.03952913780736579,0.03914355108272065,-0.006662000534314842,0.01788169218377479,0.005717258556533923,-0.00866161638963039,-0.0043347201890580585,0.005905132301602169,0.012771056904534119,0.004833535597339774
F31_x_end,-0.039420021248433926,0.03916638713171951,-0.007172277675470258,0.01351334685050791,0.009258127663328154,-0.0010827477489743903,0.027423779209223204,0.0017082222415413107,0.015278515663785812,-0.031847482839287594
F31_y_start,0.0339777949283555,0.035148459305151106,0.0353101256562279,-0.018132487121929327,0.029790005945107244,-0.023569985536397792,-0.002895101128929278,0.013014097526419282,0.005590686684184892,0.03158831072028434
F31_y_mid,0.03350561363332016,0.03618458320170719,0.03701695362583635,-0.01189658633187558,0.00178268850928682,0.01109539439654514,-0.027941511088860296,0.002896265302669381,0.048503877999883274,0.002536953756456339
F31_y_end,0.033561080598964774,0.03644887508900053,0.033219458878731484,-0.012973668247099229,-0.01033763472272255,0.02912267539680226,0.04384717010443386,0.011688987307056491,-0.0229898986606934,0.015664408533247437
F31_z_start,-0.03284371607024773,0.021438681197240534,-0.03530456930868485,-0.044027407116608665,0.007943152193747272,0.07073437665514365,-0.03992515448393143,-0.017866333436608494,0.01626121305298263,0.05598338645181767
F31_z_mid,-0.03059328624835883,0.01909528482695961,-0.039293746390653944,-0.0507728144456173,0.06591245065543731,0.024604348773688608,0.023403900032308474,-0.01490284581504881,-0.035018502975580915,0.04363381948098393
F31_z_end,-0.03190462154764389,0.023284374679314632,-0.03482510547903852,-0.052607640147377704,0.06472046601664413,0.012493313028424297,0.03511144197204247,-0.020821762441376047,0.034676045987036684,-0.020484311084871948
F32_x_start,-0.039308853372520054,0.03740661643259141,-0.009468295587794221,0.014875075256096399,-0.026743165921078196,-0.00287489370101647,-0.02813389822796828,0.0036943997358167262,-0.027915150099811544,0.020108952844313688
F32_x_mid,-0.0396979835431823,0.038978323627019744,-0.00462298578036255,0.017819486284564996,0.007148970097560755,-0.007923743563730391,-0.004581884985186845,0.004767276168855189,0.012223486975877247,0.005712408649822998
F32_x_end,-0.039554533508639335,0.03894577623781604,-0.004970440887561733,0.013261882728178782,0.010869795648862644,-0.00033417511186913893,0.028716263893630887,-0.00024118129855830485,0.015408591144172283,-0.033844457857109655
F32_y_start,0.034571363933281654,0.037642398512314004,0.0301746412001532,-0.01837951313976898,0.03025477482138301,-0.028010571861245632,-0.0026384775279808155,0.013788628011652444,0.0038945501850433184,0.03126083776268214
F32_y_mid,0.0341863589184084,0.03873034332719362,0.031363109060630126,-0.012417627278133699,0.0012817370164207337,0.01211659799375481,-0.030551784186898096,0.002846127676902956,0.051787534837459,0.00010636963195280681
F32_y_end,0.03406495147842549,0.03897250277916646,0.02737894934505826,-0.012494507955400231,-0.013994718290798465,0.032339324011658774,0.04576510544969096,0.012511189071386344,-0.02461616876257741,0.01423640067865637
F32_z_start,-0.03159230197346977,0.02108243000755564,-0.03084596485437057,-0.044914969897879034,0.018409912110996015,0.08052892888189227,-0.04761637167203261,-0.02042092477125544,0.01558788733638558,0.0695051419285298
F32_z_mid,-0.029281779146743646,0.018417265417489236,-0.035532391568951854,-0.05057054009768661,0.07983296229308594,0.032271456064285775,0.021076721691661877,-0.020510560033185216,-0.0376341754412627,0.05025205218495147
F32_z_end,-0.03061012231921026,0.023175689143457474,-0.03063765151230642,-0.05305238429890768,0.07783236760477469,0.01979981040141975,0.042175896921781336,-0.026804635869266645,0.03387483592870163,-0.026905107453490108
F33_x_start,-0.03943902650095215,0.037294089115830896,-0.007985893257943561,0.01469793958694957,-0.026652601464118554,-0.0021639911978383183,-0.028856559190964647,0.0028297447964602727,-0.02825222756170093,0.021524297429624566
F33_x_mid,-0.03985234152082522,0.03872050627455409,-0.0029018431394600883,0.0177484603868682,0.008021861191868417,-0.0075101571086509935,-0.004686424899811012,0.003983475066715511,0.011756193098325691,0.006324122494887657
F33_x_end,-0.039676231325741544,0.03866219532294388,-0.0031639503806290417,0.013017627755008684,0.011981764797148237,0.00011331585707127972,0.02953734960228821,-0.0014905338175803873,0.015403344005849546,-0.035158798987392055
F33_y_start,0.03494225782180927,0.03898748017539698,0.026770697680868687,-0.01806255027851279,0.0302787175234482,-0.03108874490358055,-0.0022255973827342936,0.013598923783345039,0.002643698600516538,0.030743631060079265
F33_y_mid,0.0346044675019488,0.0401363473931084,0.027536434223887175,-0.012336765610009437,0.0006993510234922521,0.012572427302172043,-0.03203875466521372,0.002225735072409376,0.05344844566647353,-0.0014879782345689839
F33_y_end,0.034376045576963415,0.04030807100973647,0.023553565619471813,-0.011724020634724773,-0.0164723431541813,0.033868809497974904,0.046637647511984,0.012215995743701136,-0.025667198907734754,0.013132833918125728
F33_z_start,-0.029862482861755177,0.020347290679878397,-0.025442599184736885,-0.04514852197489208,0.029176555184835598,0.09028470866566891,-0.05503750887976325,-0.02332438898936836,0.014703960503990076,0.08312402088316342
F33_z_mid,-0.027601793075877006,0.017372060422761827,-0.030851063308722344,-0.04971029006671649,0.09383730204085233,0.04000785471352297,0.018699001370678935,-0.026382374002087948,-0.04042286185312027,0.057059612382623894
F33_z_end,-0.028949106959287152,0.022683794854647377,-0.02560760323477491,-0.05289221254490048,0.09099764744204394,0.026872389808200055,0.04901406371332961,-0.03303008763893537,0.03291193533412298,-0.03330238529753512
F34_x_start,-0.039264253257888466,0.03776194067720247,-0.006283618003833514,0.015160040445758352,-0.025955397649121074,-0.002208409228982383,-0.030170157341413376,-0.0001691729162360205,-0.03079936284474055,0.02314167851273917
F34_x_mid,-0.03957206923451519,0.039382524135021975,-0.001022806131287237,0.018330131024688674,0.009219661247123749,-0.007477149897435192,-0.004152074681102132,-0.0002467294652038628,0.01088446888846421,0.006752269574464911
F34_x_end,-0.03925928079255837,0.03941366123916029,-0.001272657631805509,0.013444848613206608,0.01322474348594951,0.0011475626574006556,0.03085337860659166,-0.005182974672841232,0.014713994870554763,-0.03846822580291939
F34_y_start,0.03400546118092225,0.044696256105128986,0.016481331859642078,-0.020367084079779697,0.028952007921202505,-0.036928157553082895,-0.0017165973578999367,0.01460765451353099,0.001314805363577318,0.029309824456553776
F34_y_mid,0.033736011398932744,0.04583550233718508,0.016244216119442142,-0.015813253432328103,-0.0007701243341452911,0.013096040277173402,-0.033902946031782615,0.002952566381906701,0.057597322543530206,-0.004484076591923336
F34_y_end,0.03314671313183563,0.04569983273072747,0.01231017582703458,-0.013046424162773549,-0.02162310064324623,0.03632705066266336,0.048879180441477134,0.01340561237874914,-0.024952177816706764,0.01229333037475929
F34_z_start,-0.014446485960611257,0.028599710255507574,-0.0288172540938293,-0.03289004567590507,0.07156395164697016,0.08542976984125827,-0.07442863807963665,-0.022249148336484104,-0.00026908616814023565,0.11446118264316794
F34_z_mid,-0.013178703176172457,0.02273638949439186,-0.03282384669487484,-0.033108686486985096,0.12440610664887865,0.06353129113942446,-0.007453634018934247,-0.037168837685115474,-0.029623700361429677,0.06122943783259055
F34_z_end,-0.015578581254010756,0.029573192231855873,-0.0281872684511963,-0.036628419412992386,0.11172575616186335,0.060605728277349086,0.06774796794664581,-0.041461563446958324,0.017323195917210755,-0.053747227932642715
F35_x_start,-0.03886632257991595,0.03814260440904686,-0.010454749689146317,0.014241128199678812,-0.02895833002197754,-0.005218794076228396,-0.027455939933197084,-0.0008721236790365785,-0.029930586052079426,0.018316584244248698
F35_x_mid,-0.039286302110998775,0.04012317919586136,-0.00574905944642319,0.016618736738507667,0.0042062759416835694,-0.009958104908988106,-0.003586589160263695,-0.00026392662405331753,0.0117127644964402,0.004097139169976248
F35_x_end,-0.039064339779828205,0.04011248069658592,-0.0059168186979352295,0.01254625165002473,0.0076307942171732444,-0.0010871348195794987,0.028153712478414368,-0.004700961582233851,0.014690985179636979,-0.03564915629074782
F35_y_start,0.03278992428550402,0.044267417858205454,0.02094572114131498,-0.02464203554108259,0.031145383721575687,-0.027588981098459607,-0.004354499575743737,0.01900828854233958,0.005444920265321069,0.03358279634338307
F35_y_mid,0.03243848022897186,0.045590439619638275,0.021056530167574163,-0.019437706259793894,0.0032532810359125184,0.014491073757407448,-0.03129852818351438,0.007759497943226129,0.056460877197838905,0.0003873951704622368
F35_y_end,0.03179184693225448,0.04549087447048829,0.01687142827464145,-0.018389336831326594,-0.014757008282068936,0.03506946991537507,0.050091761539469114,0.018120692241489145,-0.022444274443966163,0.015572420977242638
F35_z_start,-0.020163096382712978,0.033051898997965325,-0.05135848578845271,-0.03195399132007235,0.03473932285228231,0.050396579547732294,-0.04908703441848316,-0.014022518931105774,0.0005159384976576115,0.06674835634794272
F35_z_mid,-0.018199560471715313,0.028286903518949535,-0.05211772082832408,-0.03570922102594485,0.0807517957773306,0.039372327844884474,-0.00024016829909634822,-0.01916713721620201,-0.022168231089668748,0.03871816938988731
F35_z_end,-0.020022065608033615,0.033389590064945185,-0.04896160584829692,-0.03566191777676282,0.06924767906911232,0.03951935082653031,0.04544830318222273,-0.02131803168411346,0.018993967346149467,-0.03386903334043389
F36_x_start,-0.03710146770065501,0.027308741758283295,0.03225139913790179,0.032057389158287694,-0.018197907834716566,0.008815408275349297,-0.03754358974455915,0.00474396379132959,-0.03405901470838278,0.03750824387219745
F36_x_mid,-0.03506787951512417,0.025698204834689202,0.039964160361453165,0.03929788730587563,0.014159082171286648,-0.0050951277887522385,-0.01046973967526717,0.00013427060944766348,0.015022703250358151,0.012978738483008975
F36_x_end,-0.035850860368681105,0.0269579085259595,0.03792309399562293,0.028968920665998793,0.02760784333238905,-0.0004216858582374866,0.03493964708474547,-0.00717112393360925,0.009960302652747418,-0.04070822654464958
F36_y_start,0.03729035406320304,0.02208875818841217,0.041250363919383255,-0.011524027295563382,0.0028832838432227914,-0.04554822420738964,0.01767755043890822,-0.015819021903493286,-0.00547529945215448,0.010631759316397881
F36_y_mid,0.0372713064282116,0.02430347690702585,0.04082252076480021,-0.009006119671133503,-0.02567143543077665,-0.00485262219135881,-0.01465219238828472,-0.022425490142893863,0.0361140646688977,-0.01094077909684631
F36_y_end,0.037783689468246485,0.022691420135791104,0.03891427370354554,-0.0043617208419244385,-0.03768170388251284,0.017225865630377306,0.029292985503417076,-0.014674454679202621,-0.024662704178524064,0.009578470755550909
F36_z_start,-0.035352174871556535,-0.016262633761560896,0.0005961323606396107,-0.028330432938533528,-0.09976657501250044,0.004657918199101126,0.04407998437194513,-0.0038067915099718806,0.034412974906286004,-0.06998249976598453
F36_z_mid,-0.03324835684376207,-0.013311584686150874,0.00154590605806542,-0.036366314366906884,-0.09436882291915447,-0.06529542965405347,0.06342128056950566,0.02537165610863031,-0.011101808778762122,-0.023879099655680858
F36_z_end,-0.0322561190442465,-0.017891580776458145,0.0026347801617562032,-0.03673996419786397,-0.074354586838905,-0.09126372950959268,-0.0541594796987889,0.0216635289660196,0.03866872614453509,0.060399642079334216
F37_x_start,-0.03785932475416181,0.028257751845525283,0.02892493806978917,0.029925552025928972,-0.017532497849946926,0.01002789063424777,-0.03822979052200522,0.0055938742483122245,-0.03289536471803138,0.037965594083921674
F37_x_mid,-0.036082072571131864,0.02678970077112072,0.036804105588786794,0.03703272011805601,0.01593350244762027,-0.004094359410644274,-0.00987153656502567,0.0013231215458901783,0.014133972496415494,0.014172270179472727
F37_x_end,-0.036711028753836986,0.027944124187183353,0.03467221800319977,0.026827987077750935,0.028775481696055493,0.0001937899838899945,0.03551777631752833,-0.006033450790899054,0.011057068121959474,-0.04081792658978932
F37_y_start,0.03745035295555994,0.021441790362209615,0.04185438077803898,-0.01086435290941208,0.005256842746881096,-0.043441209754320795,0.016042261520518346,-0.014038730093728934,-0.005202491092416323,0.012007058692483452
F37_y_mid,0.037322617924415685,0.023606772051291018,0.04174091325552853,-0.007877528765020524,-0.023055556922264492,-0.0037694490481797512,-0.01580679353082554,-0.02065005206174677,0.035082099923984894,-0.009604484160150398
F37_y_end,0.03789641425349137,0.022201631608267,0.03958311946199711,-0.003706420774355708,-0.03456930516355273,0.017874654922928147,0.02930964433183132,-0.012786715407765426,-0.024799778700803674,0.010360067997813398
F37_z_start,-0.032250447463804635,-0.02579682077147401,0.024134533123264783,-0.027178310184277937,-0.09179423015473087,0.02094923741464206,0.0400283626629803,-0.009459647745999175,0.036627747161097596,-0.058403147280766086
F37_z_mid,-0.030459737949157475,-0.022638915877337264,0.023876237845163836,-0.033550755013524496,-0.0847318709555216,-0.061309172609288705,0.06488350943090787,0.01699069396718841,-0.018180683513627068,-0.01532269669967108
F37_z_end,-0.029297181585921737,-0.026670362875336265,0.025241988263215626,-0.03664878567442142,-0.05839334470075168,-0.09066700990400146,-0.05002090801325655,0.010802744920140574,0.03722195985592214,0.05562325981707889
F38_x_start,-0.03874080479556307,0.03013390751327094,0.02330741299537589,0.028022178081427145,-0.017739218360489948,0.00862503805443212,-0.037990023426628425,0.006230581401920312,-0.03242126205732845,0.03676856461597287
F38_x_mid,-0.037303149064417424,0.028970182298913266,0.031358582898993806,0.03523246740676501,0.016390200535489546,-0.0036057456030674042,-0.009946170231781726,0.0027607079470486876,0.014331633685614681,0.01400420967196709
F38_x_end,-0.03772624248776775,0.029898855135803735,0.02920486327070096,0.02595927883442063,0.028248134158307944,0.0010296490933416399,0.03542311106896536,-0.0040797774028346456,0.012154448928816316,-0.04098720085937009
F38_y_start,0.03753034033649648,0.022467304494471655,0.04134069883639689,-0.010591015655545533,0.008329716390045405,-0.04237206995260188,0.014283340189355913,-0.011220935619669376,-0.00478259476186083,0.013411374906283236
F38_y_mid,0.037340474716081574,0.024491159533866706,0.04138127621724774,-0.0074357154691469095,-0.020737882204049457,-0.0019419274068677775,-0.01782978345242065,-0.018386263110492608,0.03646282297165617,-0.008517891335212927
F38_y_end,0.037915850673384786,0.023272340630213433,0.03908363605905394,-0.003657151364303789,-0.03232593375980135,0.019598351408088913,0.030538230799981986,-0.010647994421237804,-0.025351803913614603,0.01070110920986177
F38_z_start,-0.03278468533711065,-0.0260105610596925,0.029364650072394263,-0.030421046648920053,-0.08164338171546129,0.0362321135322804,0.03062535824396837,-0.014925100844358555,0.03707068846246258,-0.042344524139660035
F38_z_mid,-0.03164780339219978,-0.023764292311622352,0.028713215793634884,-0.037146777671261434,-0.06796423194421572,-0.054084313533380626,0.0661092888770493,0.009950670193227415,-0.025864291162514964,-0.0052307037047540795
F38_z_end,-0.030603897537705222,-0.02664528150298469,0.030387436714528124,-0.041607941171958734,-0.03959165912876518,-0.08502671586223001,-0.041590015581062914,0.001979222456552493,0.03964041993207874,0.04816549558261803
F39_x_start,-0.039270942852294786,0.03178256203600415,0.01840089238403936,0.026083610079933872,-0.018986555923759686,0.006630449766741371,-0.03714143863574061,0.005184413076057761,-0.03295957287074814,0.035178990952427436
F39_x_mid,-0.038162986530579604,0.030973096219082324,0.026500304461348052,0.03342644479778858,0.016114680340890978,-0.0037969113260733424,-0.009656545543501378,0.0028352223329891485,0.014067667112765376,0.01325234111382924
F39_x_end,-0.038372664641405284,0.03165281005761959,0.02447418184285893,0.025200565942251677,0.027125675531725256,0.0014568362029147863,0.0349561405750558,-0.003496980704938767,0.013057349348508475,-0.041341191227599376
F39_y_start,0.03791476476141494,0.02599520521338177,0.03722107647958371,-0.010402561560729075,0.012289223363539624,-0.04446340588237087,0.012228777410557818,-0.008320540907276979,-0.005446316114341604,0.014613477080972386
F39_y_mid,0.03778672263884681,0.02797437016391703,0.036936190194780845,-0.007113995060232098,-0.018557343724082274,0.0009409022512940938,-0.02230520453865462,-0.01708171325354083,0.04111786141590306,-0.009669031901700207
F39_y_end,0.0382006123593469,0.0268489805204151,0.03461156766822592,-0.003332811441112832,-0.0326277348084187,0.023617583283586895,0.03354041986638513,-0.008890954818872763,-0.02757059870782734,0.008941973054256827
F39_z_start,-0.03810844427560549,-0.01750743199276308,0.014521066409821448,-0.037177851398176025,-0.07823631570747859,0.042646230652016316,0.02263950731474597,-0.016831542679279377,0.03737892148702757,-0.03236887410095857
F39_z_mid,-0.037288710683214966,-0.016238574885171702,0.013718175603178265,-0.04640280222491117,-0.05486812856319252,-0.04869266644637236,0.06790649819819727,0.008660908501160566,-0.030285319017788487,0.0009165675841144332
F39_z_end,-0.03660927436340452,-0.01817202464836935,0.015924809572040805,-0.050155948380004395,-0.029445608058050573,-0.07932134349396874,-0.03507133538341256,0.00031523008955947865,0.04594077944315185,0.04398807025203282
F40_x_start,-0.03859085476827544,0.031076914157688595,0.022462923860797786,0.028974444924602254,-0.018564013005357802,0.006178400945883111,-0.03721556081823386,0.0048089764217245255,-0.03371019891592644,0.03612672900145285
F40_x_mid,-0.03718968363815372,0.03003650473608133,0.030383095206759345,0.03646103920577443,0.01569617183195868,-0.004626546518870318,-0.010441718817832804,0.0018704583205981847,0.014751872251866022,0.012488133282375795
F40_x_end,-0.03761433723560866,0.030916174408560433,0.028174793012185905,0.027294267315086468,0.02678902461285896,0.0011592327563619829,0.03552279148493551,-0.005036456505388932,0.011874619218441509,-0.04207589769110196
F40_y_start,0.037695419929340786,0.02555413960255802,0.0379570250923983,-0.011947092386471195,0.00828674412192147,-0.04520768168721553,0.014376633836191656,-0.010937596259911843,-0.0052459837687059,0.013545818166046239
F40_y_mid,0.03765396194460253,0.027479753592992866,0.037557575830206795,-0.008893191669677085,-0.02147170151668688,-0.0008804393943529917,-0.019164059890956524,-0.018930955976883813,0.039712349671121056,-0.009994973725008264
F40_y_end,0.038062126273950565,0.026134618587063,0.0354985995997268,-0.0045731972096565085,-0.03501744246521929,0.021624117852845806,0.0325132725564818,-0.010611110114560198,-0.025866107316591093,0.009648488994975687
F40_z_start,-0.03374106052720008,-0.023973235239696473,0.0225903823365763,-0.029639704325025232,-0.08935443316338312,0.027616106070567813,0.03591671620883098,-0.014180721308812243,0.037069827236919976,-0.05092443789678782
F40_z_mid,-0.032060427162824943,-0.021641984644027185,0.022575448780291957,-0.03662818424671084,-0.07767821273993565,-0.05881741696347546,0.06687034150028355,0.012651919730798515,-0.022254562604776314,-0.011097821370551954
F40_z_end,-0.03106049405190739,-0.025048529105618157,0.024065651713298643,-0.04002649377327705,-0.050729045467097174,-0.08913325036647768,-0.04720578505069075,0.0054227152072529854,0.04020758731947606,0.05353655728607206
F41_x_start,-0.03774845871860607,0.029327432274422062,0.02791584661010705,0.031168385528965965,-0.01833138872262458,0.007268447596816262,-0.037430418591443,0.004295393334116559,-0.034227975868432466,0.037171617549194284
F41_x_mid,-0.03602147839051841,0.028003390109619195,0.03562300254572159,0.038570720427229574,0.015108473534656374,-0.0050891665957445,-0.010637561562000637,0.0004716756456641008,0.014879281933865307,0.012445626800462592
F41_x_end,-0.036654420658858114,0.02912502916791612,0.03342433232727712,0.028507638057424966,0.02709536925967868,0.0003945762158050283,0.03570828398500592,-0.006897996949959582,0.010609690486903446,-0.042019716042886866
F41_y_start,0.037548158931561,0.024878402864198675,0.038426088660742326,-0.011617324123991265,0.005347960496281351,-0.04689337727502871,0.016557120412145875,-0.013431796589837388,-0.0057601380424263295,0.011818999515658483
F41_y_mid,0.03756969732737576,0.027060322093633692,0.03783609599413071,-0.008628358618082463,-0.023858680581548202,-0.002944477496276685,-0.017322741844119905,-0.020698660111712133,0.038800811220334845,-0.01141782302205273
F41_y_end,0.03799359814862771,0.025541716336781102,0.035812019852787993,-0.0040765699480017625,-0.03759754071275146,0.019927169040053188,0.03142249419715797,-0.012489030509398487,-0.025326992553631734,0.009291337378538381
F41_z_start,-0.032781916865393286,-0.023215410986167945,0.016352402199060714,-0.025881145079440976,-0.0989589220396492,0.011112856274189913,0.045160397860126794,-0.008722879230607324,0.03571749424201902,-0.0670372832659306
F41_z_mid,-0.030475383509723855,-0.0200980536816873,0.01709827954327768,-0.03242762587514735,-0.09412957661076511,-0.06604396328195071,0.06496615679659903,0.01960225008898756,-0.014054304013463751,-0.02194895837104603
F41_z_end,-0.02930972045658358,-0.024613215750605735,0.01811821130296441,-0.034244820521771684,-0.06953860672356221,-0.09414308700747807,-0.05549462205736766,0.014411857995576639,0.03735377254259902,0.06057248880522204
F42_x_start,-0.04007910244744421,0.035124092164207636,0.0035361971207600986,0.01997472055404923,-0.020793933193824003,0.004332061259256999,-0.033972104213486426,0.007445809331257202,-0.028493846601446972,0.030445244582520847
F42_x_mid,-0.039944031471467176,0.03572116376215779,0.009504116552707722,0.02529023168479134,0.014889168822627903,-0.004737960307187835,-0.006004566738380033,0.006274254915884972,0.013526633267121866,0.009924577662318027
F42_x_end,-0.039809778294271986,0.03605420580029462,0.008013406379280998,0.018361379911697725,0.02123312901086908,0.0023741758224669614,0.034105745140425074,0.0008978728465904515,0.014710995538384519,-0.03777161556570358
F42_y_start,0.0369878639839574,0.03012552834137085,0.036041579026448264,-0.012151270073022339,0.0208765801098126,-0.03750752823799111,0.005118526439630502,0.000669027458363495,-0.0038926018911337426,0.021268884444843345
F42_y_mid,0.03674884517668276,0.03168237683654342,0.0362033630591027,-0.006408226102731218,-0.009261461463514739,0.006794306152812837,-0.026751620216162578,-0.00939922053841984,0.04436495208525435,-0.006888411406887131
F42_y_end,0.03702350304645485,0.03154552747487344,0.03294036615800708,-0.004661408722457246,-0.02374652073385833,0.027512886747039587,0.03971798810846005,-0.0003249701195047684,-0.02867398840219245,0.00960259723693223
F42_z_start,-0.03897587734397666,-0.002982777035530535,0.007106795590911966,-0.04918898483551591,-0.021090513648410313,0.09206974794066383,-0.02452032683915118,-0.02703499643359651,0.03245123124062443,0.041521748341075256
F42_z_mid,-0.03971415627172645,-0.003614852280231901,0.0016918988503214385,-0.06032114916798108,0.040335497123937115,0.0017372529425653004,0.05375791004132358,-0.01720403143481481,-0.05121459658119972,0.0467256330792971
F42_z_end,-0.03918317814840648,-0.00038842557787988703,0.006129370640220107,-0.0649525755216973,0.056599701129985365,-0.025877196623617937,0.016121658367699358,-0.02827132655943079,0.04838317934072232,-0.0009122501913671473
F43_x_start,-0.03990370879848206,0.036055477166928564,-0.0013551354853497477,0.018303545557428122,-0.020338854763845175,0.003345199060063567,-0.033689171855156796,0.007891163104385462,-0.02807635433934994,0.02879120633846982
F43_x_mid,-0.03997399396182976,0.03677121072073799,0.00447892397586931,0.02334151842411385,0.015082686632643352,-0.004325556273978204,-0.006728893602475958,0.007156553327893211,0.013744265821729464,0.009120492948627651
F43_x_end,-0.03978423045460624,0.037099452853195186,0.0032279219250522136,0.016689964003687788,0.020158824468096477,0.003053423185649534,0.03316625900661204,0.0019510474387012297,0.014957987736087117,-0.03685007571580107
F43_y_start,0.0366658281641682,0.028498541601959027,0.03858032614788618,-0.012083143789704293,0.023795572413638832,-0.031373450890507554,0.0031798355329986515,0.0016801836621295036,-0.0016591389222073106,0.02447373288542746
F43_y_mid,0.036246559916242635,0.02992604287216196,0.03955708293259969,-0.006435393988495855,-0.005758111904324728,0.007208597437802793,-0.026354758214258662,-0.008372698953258833,0.04025675361292097,-0.0019496567995904099
F43_y_end,0.036694768126432076,0.029752694216286568,0.036228699065181315,-0.005497282479932373,-0.01797237307554028,0.026422687016330604,0.038817940946603034,0.000426143983856349,-0.027656708841303976,0.011003932896494912
F43_z_start,-0.03612744244536266,-0.006912726897280557,0.01849639701216264,-0.04783838909657675,-0.010713834380951996,0.10122286574768795,-0.029982266164902117,-0.027770666597759643,0.03226053746395514,0.05219152078274903
F43_z_mid,-0.03750760335083582,-0.00786365889041576,0.013215054001633014,-0.058451414010417264,0.05342403627046436,0.008773518952888998,0.051483446094371464,-0.02219518152842429,-0.05467091813581259,0.0544848723232536
F43_z_end,-0.03664618345533957,-0.0038049858114316817,0.01714120553859739,-0.06385735142497556,0.0698281631323893,-0.02019335409340637,0.02331764064123707,-0.03363240252221224,0.04600921690353434,-0.007953800211704646
F44_x_start,-0.0396895093839392,0.03671150718457338,-0.005242081915342317,0.016733863854585043,-0.020348889099124457,0.0017160347784638797,-0.032757238506179905,0.008305723315885522,-0.02782397535439685,0.027018175657144792
F44_x_mid,-0.03992644838058576,0.03755709751702828,0.00022226156683683893,0.02144815774698231,0.014555680687106982,-0.0041325440125886325,-0.007076015056081991,0.008024178160032818,0.014166198844408052,0.007912642789145668
F44_x_end,-0.03969758385365939,0.037816183327146334,-0.0007085057369332696,0.015274696642495596,0.018429696130823597,0.003670986848397844,0.03226634148009849,0.0031112111114739837,0.015168352075566582,-0.03620258233429942
F44_y_start,0.0364014923152277,0.02958965397455476,0.03754552323578473,-0.012476053495098347,0.02694173413430689,-0.028999485316054174,0.0009738593273931602,0.00496188046151252,-0.00028278504581660943,0.02696105385667891
F44_y_mid,0.03597463956374666,0.030784960044882587,0.03887776516043264,-0.006421519970682291,-0.002489127476097229,0.008981290718236725,-0.027875396099440876,-0.0056326132708013985,0.04144304373084267,-0.0002476373799618383
F44_y_end,0.03632350290627417,0.03084190322737417,0.035374573377821295,-0.006244697067490963,-0.01503596069357095,0.028103135188980468,0.0400580794415089,0.0033231280652216166,-0.027267024717093077,0.011639124703209786
F44_z_start,-0.036141889183007446,-0.0015468625546763589,0.010752530287949856,-0.048970922109901824,-0.0009654310249260465,0.10397172530693395,-0.03730510441350565,-0.026942320953621486,0.030191940241804296,0.06239894645370462
F44_z_mid,-0.036846839691594364,-0.0025049074519953984,0.004370681000361728,-0.05890870076105036,0.06754419724467563,0.018124242222428415,0.045358763736647496,-0.02381495204088198,-0.05402955410112087,0.05935986114555328
F44_z_end,-0.03631595346485106,0.001927366973099173,0.009045446821607057,-0.06383880304066204,0.07958522877694384,-0.009017957037763256,0.03149830658891645,-0.03462979290366141,0.044683370903165084,-0.01508770108396078
F45_x_start,-0.03968761634804622,0.03675927036806933,-0.006782753806336137,0.015793211131946476,-0.021755728632682093,0.0007211514644497014,-0.03128660027770209,0.007883237361125226,-0.027526275788612067,0.02518080402965053
F45_x_mid,-0.039994677508402014,0.037777096842185144,-0.0015507033517302303,0.019959795901667233,0.012660183681025295,-0.00496115827249507,-0.006285781660780261,0.008125474184144678,0.013634064538304446,0.007391501260319031
F45_x_end,-0.03977811827455225,0.03792619204972548,-0.0023091548694857246,0.014322186299901033,0.016617087942853864,0.002705100725000464,0.031182199952480383,0.003258022073207961,0.015500449925059927,-0.03520989419479132
F45_y_start,0.03584161173010863,0.031388891518786106,0.03655747627366124,-0.014267377685666955,0.028311559206127705,-0.027897200812490235,-0.00038548997799053636,0.00799681940447803,0.0010576923095026913,0.02859623594467872
F45_y_mid,0.03544990259292855,0.03241927584543409,0.037939390641380945,-0.007895599442293403,-0.0009218318147231848,0.01048484410045044,-0.028745416364938246,-0.0026134903341531015,0.044700559233631275,-0.0006014122013962252
F45_y_end,0.03560431005192484,0.03271814576420144,0.03435656658259828,-0.008296290639625463,-0.014053635385019058,0.029587532758454455,0.04208472136695509,0.00655456908384243,-0.026803011012235485,0.012380944744183204
F45_z_start,-0.03668546176687655,0.008992696905267139,-0.010088908757216256,-0.049459798946997265,0.0033006255539619277,0.0947918652042811,-0.040587379477482484,-0.02379491817155919,0.025746818226685158,0.06353530089231114
F45_z_mid,-0.035756872978096814,0.007794917095951464,-0.0166590525209094,-0.05798266396523687,0.0708218831615647,0.022443448695541768,0.03711693819900793,-0.020260021342681043,-0.0474438560991925,0.0553292625274914
F45_z_end,-0.0361213788626137,0.01205824106681345,-0.011239701768490122,-0.061804315562726427,0.07707890163339769,0.0009601851827347045,0.034870231862515255,-0.029448667456904734,0.042672410857588654,-0.018303299386270035
F46_x_start,-0.03995696496735011,0.03621488627302675,-0.003375509372492226,0.016202609230531555,-0.022370853675580712,0.0022273904298047353,-0.03218715741022972,0.006479082981244652,-0.027851313916598258,0.026816234563259395
F46_x_mid,-0.04020713208351103,0.03707065589608214,0.0022047410488757135,0.020469282771369297,0.013231371644678705,-0.0049083906214326695,-0.005700692596780135,0.006447718674943511,0.012754958979164059,0.008512230606292545
F46_x_end,-0.03999115112506182,0.03720472123504231,0.001423081573233527,0.014427041753629953,0.018076938316577657,0.0021887264185033142,0.032178330326169735,0.001044452209523884,0.015583578464035172,-0.03642591351053497
F46_y_start,0.036376516080119194,0.032653680883407914,0.033912567764373985,-0.013887701924381669,0.026981816949748993,-0.032082030119623475,0.0008165679718662891,0.006230455958113958,-0.0008966136881889189,0.027378644906032312
F46_y_mid,0.036139739787812625,0.03375226496885928,0.03461233130869655,-0.007297956674197498,-0.003023909033179628,0.01000055208900494,-0.02932238837392943,-0.004334595635656226,0.046599586928300206,-0.003422887212359553
F46_y_end,0.03621450077787022,0.034020371545193814,0.030997974155394292,-0.00702617442844809,-0.017773898230443584,0.030325761082727477,0.04290233999837907,0.0047778012269625485,-0.0281029883873873,0.011019596548410846
F46_z_start,-0.03604831757020987,0.003065946590863475,0.0031296023522694952,-0.049414838818368945,0.003468699055422711,0.1035926772238997,-0.04085744316063387,-0.02822778899215953,0.027982365418259943,0.06771916282810297
F46_z_mid,-0.036126266118239,0.0019224096434666525,-0.0038361696031941647,-0.058655951489611356,0.07388966408485667,0.02197627729530534,0.04179285019772226,-0.025554354883303827,-0.05274162860387315,0.05985099202008349
F46_z_end,-0.03593443354233266,0.0065307163776359995,0.0012740720624652836,-0.0631580483460966,0.08314244520360692,-0.0028323996922136217,0.034551728614192374,-0.03587261845440714,0.04433371771453382,-0.018121357360593327
F47_x_start,-0.040159607250191805,0.035452317380615016,0.0005633074207496268,0.017778769078897153,-0.02227124725609211,0.0037026631290452477,-0.03295446520387995,0.006506701741650956,-0.028080716545299284,0.028527471649268072
F47_x_mid,-0.040233191612176096,0.03616526377467421,0.006429390353502101,0.022432241482644003,0.013863773341385862,-0.004918399686920265,-0.005370904553489128,0.0059604332742463585,0.012712817838370801,0.009421292280262604
F47_x_end,-0.040049729825327354,0.036372578462440464,0.005334361070361164,0.015944794241898333,0.019729709487989466,0.001806364860719025,0.03307730032554024,0.00045131867209349585,0.015450570195490235,-0.037018817629931824
F47_y_start,0.036637705253002834,0.03159571560968267,0.0350879894796264,-0.013920988798005502,0.023260574416695663,-0.03440246098941602,0.0030095925910110784,0.002405778485856704,-0.0022718824246507254,0.02446463227808311
F47_y_mid,0.03641439264936259,0.032825442554574896,0.03550857429277079,-0.007890849245724136,-0.00645995584268575,0.008367724166759228,-0.027583397347757124,-0.007707610023158114,0.04498830390125066,-0.0048275932203187474
F47_y_end,0.03658826394669477,0.03279503115506611,0.032230920157514775,-0.006950924528442365,-0.020866714849177643,0.028398627241177286,0.04157943653657486,0.0010676082282551516,-0.028301726371557603,0.0103918958232556
F47_z_start,-0.03663008078969133,-0.002523427902212606,0.011289943181706688,-0.04902894790318056,-0.006585369794268814,0.10226478338943028,-0.03382580386174151,-0.02903398930570558,0.030956582056610362,0.058090506367347
F47_z_mid,-0.03756512115889549,-0.0034426571673138876,0.0050354549715904435,-0.05942122749652442,0.06074823024208343,0.013407287289537499,0.04849643596058295,-0.0240387961769528,-0.05407897626151422,0.05649645561173595
F47_z_end,-0.036932914582726135,0.0007720762388959093,0.00956114148989747,-0.06428943757629264,0.07450580279381604,-0.014086350760809219,0.026977483546939938,-0.0352067945031052,0.04633800750413055,-0.010998069452537475
F48_x_start,-0.03977513364453644,0.034204330483511756,0.009352730308521273,0.02198081305455522,-0.01542959312440211,0.008965118405318849,-0.0384497059089623,0.0065211631307222975,-0.02992419019396281,0.03639478422750379
F48_x_mid,-0.03927560533828473,0.0341065732752996,0.01628939436232571,0.02792148659340849,0.02179505084615313,-0.0010932976396420076,-0.00887910899231007,0.0037877436702537875,0.0126508666599795,0.014051779621882287
F48_x_end,-0.03917744813911323,0.03470099052433356,0.014592286113379628,0.019402912008112526,0.028905064209059212,0.004747700163683481,0.03689613226495058,-0.0034450210571698946,0.013985081249756684,-0.041500599713055655
F48_y_start,0.0381843543032508,0.028369804269245836,0.03403990923771109,-0.006313050466806219,0.020828516721605635,-0.042950250798976186,0.007543685396687192,-0.0038070093490083874,-0.006807702010383168,0.019319571348122438
F48_y_mid,0.03813721491115569,0.030372532126471025,0.03350862192412134,-0.00039258158919055727,-0.011401373540400807,0.0039415701562468255,-0.027640712386484995,-0.014564653223827016,0.0431919249568382,-0.009419941668837972
F48_y_end,0.038414534736999004,0.03000055969519035,0.03046617778075433,0.0023690768443099097,-0.02780421864119919,0.027923498937979786,0.03504708848212216,-0.004649951526484102,-0.029397967132975027,0.006922370974513282
F48_z_start,-0.01985707859008316,-0.031877725450947046,0.057931525283135825,-0.024415854520723704,-0.03297181852655321,0.06925485367989337,0.003551771342836201,-0.021980393186582618,0.03349242062922687,0.009088594009592986
F48_z_mid,-0.020664508889529542,-0.03274606454943828,0.05875558509813649,-0.028374866815947634,-0.009957502231212428,-0.018578939989378058,0.05096539240206396,-0.014045885637705242,-0.036257596728254994,0.0271378852218765
F48_z_end,-0.019836116118309374,-0.03156264785918982,0.059083072920710474,-0.037194915366933284,0.020376091669906,-0.050260044891885326,-0.008289914094702424,-0.02552325733563558,0.03089949042837578,0.01664092207333842
F49_x_start,-0.03966580127834409,0.03445867230450478,0.00968789357761951,0.021772714291438747,-0.015951187721010538,0.008815775396703827,-0.03844574207399332,0.0048168723879750165,-0.030604197206293347,0.03699196169389837
F49_x_mid,-0.03918895246341491,0.03439857049191899,0.01649746302446032,0.027668455949325318,0.021982235957349175,-0.0011002997896925213,-0.008634923630934993,0.001956160929936734,0.012076400820812811,0.014314236659954344
F49_x_end,-0.03902597130679344,0.03495471598134323,0.014952635271267386,0.01920276169061828,0.029084717922573465,0.005068227267264474,0.03734045757197631,-0.00540878013646156,0.013938263273834949,-0.04235790392597888
F49_y_start,0.03839115587227949,0.031128816808351813,0.02935236082497572,-0.00706972131658325,0.021545340290973134,-0.04597461949148898,0.006843451848723756,-0.003263058566012428,-0.007702074846989771,0.018767027413606335
F49_y_mid,0.038369167966864993,0.03292436357069339,0.02878082504202625,-0.001409864897337293,-0.011473737841444539,0.005068227930477962,-0.030195807324514715,-0.014447486299591965,0.04548822732983341,-0.010638167968437992
F49_y_end,0.03850330076632989,0.03251099351869345,0.025593303553216942,0.0019989080329427746,-0.029668193251956684,0.0301806760886621,0.03668325788376393,-0.004418993411139198,-0.030677095641825736,0.0056157070192420595
F49_z_start,-0.010111732635905082,-0.03505187085426581,0.06610947736317298,-0.01377145700399634,-0.023200159636787263,0.05884520305926865,0.005262476856307814,-0.019575237564127258,0.027800564718652214,0.009136725518117306
F49_z_mid,-0.010448533913441754,-0.03567811595778379,0.06726065314459184,-0.014308180407883096,-0.010100646710479003,-0.01427853658714306,0.039270657730996195,-0.01712056437246333,-0.02817805241976486,0.022985208877396822
F49_z_end,-0.010061709718772122,-0.03481213265527035,0.06705800654778166,-0.023822910733040183,0.01825067082346099,-0.04258303472235522,-0.0074836612653463985,-0.027152458562241043,0.020488337532242003,0.013606039257623477
F50_x_start,-0.03955296993503961,0.03468679429568459,0.010047543072014635,0.021537527626808738,-0.016406220373002538,0.008762713807212648,-0.03847858843939061,0.0031307488513370218,-0.03124585365577669,0.037636433496799446
F50_x_mid,-0.03909806431124029,0.03466456837438372,0.0166988534291978,0.02740179679746505,0.022243581787766767,-0.0010231350722662614,-0.00838860842201845,0.00014109299101166116,0.0114975618173756,0.014660320399779716
F50_x_end,-0.03886504220287369,0.035186132212094746,0.015290689951864693,0.018974571181474404,0.029281746900996324,0.00536005911530963,0.03794177073850955,-0.007334749666001742,0.013866658743181475,-0.0432788472823497
F50_y_start,0.03847864201997781,0.033458412192381264,0.024776553714842286,-0.007571845993705359,0.022013745387591252,-0.048672469567632624,0.006220336323582967,-0.0030210922988569,-0.008919268535913289,0.01820563074502927
F50_y_mid,0.038496761537942584,0.035049973447793106,0.024259986765782594,-0.002071351287252553,-0.011260628497035213,0.005733054394011218,-0.03212941230103828,-0.01419643158767463,0.04696378629680228,-0.011996638245669976
F50_y_end,0.0385057431118574,0.034601260290598755,0.020944138178439785,0.001994138020637625,-0.030989854490772843,0.032038167345120015,0.0373784401097661,-0.0039419998098145495,-0.031442085500125956,0.004587227832559865
F50_z_start,-0.0002987997159955787,-0.03590450569975996,0.07017397976270583,-0.0030423622467415407,-0.012166883113957899,0.04573795809179509,0.006182096474404539,-0.01611535981653861,0.02026001080427158,0.009012810064053559
F50_z_mid,-0.00036217940101407076,-0.03601089974874782,0.07113350397832577,-0.0003625742148060847,-0.009051688788904331,-0.009828066133158892,0.025897601985837456,-0.01818087153474209,-0.019219252524042,0.01725935994346883
F50_z_end,-0.00025447234040322053,-0.035727752821129756,0.07084734861896838,-0.009692974149403745,0.01574378945463251,-0.03253523010425464,-0.006689248732436802,-0.02644230381096373,0.009628455115632682,0.009705568943010716
F51_x_start,-0.03943861226459139,0.03489111645852972,0.010400810690064242,0.021309510873636833,-0.016850871303478013,0.00874599454492715,-0.0385076815954251,0.0014894242702114412,-0.03185600676891472,0.03827584369074349
F51_x_mid,-0.039001639610341726,0.03491374001604761,0.016899968224691017,0.027138624905854745,0.022512699760127545,-0.0009538604142775517,-0.008146808638785696,-0.0016228077750216133,0.010935655741590326,0.015017291898170906
F51_x_end,-0.03870005850723321,0.035401486564245244,0.015607346595006802,0.018750237831856253,0.02946996589278297,0.005631942496871842,0.03856098343510734,-0.00920420805405457,0.013817702075989128,-0.04417737710003475
F51_y_start,0.03841855565736715,0.035499238911683446,0.020419123054773003,-0.008011759730044274,0.022149173061159745,-0.05095981665610762,0.0056892790129503944,-0.0031060623173635414,-0.01003276270595066,0.017645600651280603
F51_y_mid,0.038492955058293275,0.036895181955918996,0.0199483264511388,-0.002694884063381149,-0.011032797492920085,0.006135247604571875,-0.03361663707991712,-0.014172358083914576,0.048013334612495066,-0.013253056387574354
F51_y_end,0.03837640986984945,0.0364229538693084,0.016543591251366643,0.001976882762232012,-0.032138403960755714,0.0334727480348008,0.037749898313789075,-0.0037248729139666135,-0.031848877522986256,0.0037872590275003447
F51_z_start,0.009149316531269004,-0.034858661535507277,0.07030516179631291,0.007258988322664254,-0.0016249158611289802,0.030956759249213005,0.0066884310325448166,-0.013161808741094232,0.012195222218617196,0.00822398102951244
F51_z_mid,0.009054859932385256,-0.034461793803734576,0.0708492368072826,0.012400445259951244,-0.008124672713255978,-0.005374618549722896,0.012326372824356623,-0.019526996704381044,-0.009889140533657546,0.010990782793123708
F51_z_end,0.009113512262247334,-0.03474517774131419,0.07066939653391253,0.00394141413899232,0.011934074412283386,-0.02185883613555901,-0.005403467132413905,-0.02588594559863639,-0.0011414661603897274,0.005541320092231718
F52_x_start,-0.039302995243782404,0.035112254539420774,0.010783063438470884,0.021038000717426786,-0.017317796079866454,0.008764524590151767,-0.03856756584825664,-0.0003452681546819173,-0.03252165133909047,0.0389932451196187
F52_x_mid,-0.038886188118041336,0.03518471625618352,0.017112767437538454,0.026837098347015538,0.022841850286184726,-0.0008677643614339052,-0.007870086800861804,-0.003605040775094787,0.010282080028199221,0.015428663976252388
F52_x_end,-0.03850624476464855,0.035633042167312376,0.015945091913671338,0.018488853711813767,0.029695893495904412,0.005930077158509426,0.03926517190327803,-0.011301277324396695,0.013761473190043155,-0.04519432930643473
F52_y_start,0.03820738962359079,0.03750165604146454,0.01574094006368872,-0.008508128336396642,0.02217520165098557,-0.05309052385984702,0.005081226711538482,-0.003281648848920695,-0.011198518984075886,0.017036504636446344
F52_y_mid,0.0383476189225155,0.038708464333029,0.01531952246274665,-0.0033978613016077018,-0.010691790123838633,0.006546817942966915,-0.035022812314160955,-0.014202712952336329,0.048820586829119744,-0.014509568954226311
F52_y_end,0.03809390358123046,0.03820526457943329,0.011860808271218751,0.0018808677628573366,-0.033195855943182105,0.03487706527030858,0.03796403185376524,-0.0035688273183648454,-0.032155523736366994,0.0029890107153338046
F52_z_start,0.015559805787407448,-0.03297557728004302,0.06827394293434666,0.014372503151007522,0.006049544468110777,0.01944900307591805,0.0068144307771924595,-0.010565482119508687,0.006207128989421013,0.007397799272888524
F52_z_mid,0.015277801871871879,-0.032312073886418796,0.06859949182175218,0.020886509040730434,-0.007247813838383844,-0.0020334535639703034,0.0025166965188939813,-0.019662375728863493,-0.003072108287023628,0.006301716810041662
F52_z_end,0.015455975604976933,-0.03294339473862175,0.06844174532335237,0.013526996930630357,0.008917341697427356,-0.013495516992522176,-0.004229156154636808,-0.024577340590821662,-0.008865242542424464,0.0022731493050672344
F53_x_start,-0.0391517327991219,0.035326092247583096,0.011296728661024047,0.0208642301214031,-0.018203386190434257,0.008391514152318157,-0.03834268249864836,-0.002416366585290329,-0.03335862820201502,0.03936516720484583
F53_x_mid,-0.03875085099677704,0.035475581332562456,0.01746366814049481,0.026609793689811655,0.022625504622273786,-0.001106245226900725,-0.007504957435358058,-0.005805935010547763,0.009693097130078787,0.015598872703550686
F53_x_end,-0.03829504226749993,0.035869935706198904,0.016440942805304004,0.018349499359858565,0.029434926070692823,0.005999258417379274,0.039778675447792906,-0.013587002256608924,0.013683847054303509,-0.046195745071302016
F53_y_start,0.0377605670922209,0.03961186285053795,0.010655974475138321,-0.009542294370925039,0.021788200340983273,-0.05488506570087853,0.0044937093950286056,-0.0035253100999019177,-0.012253160883501866,0.016435069087247945
F53_y_mid,0.0379706781365076,0.04064131283211085,0.010291904958218051,-0.004754715798710549,-0.010342591370982816,0.006908945698549922,-0.03595793773765465,-0.014185280194582033,0.049403599469389214,-0.01562663669564369
F53_y_end,0.03757903411418776,0.04007120909626129,0.0068641517653454595,0.0011503568828869061,-0.03419344649708825,0.03603572943277379,0.03818106346233443,-0.0033606637427144675,-0.03208677643930565,0.002354183759765005
F53_z_start,0.02025952106590693,-0.030916516369455617,0.06550901657810201,0.019595187084115753,0.011691281617871623,0.010216119916849049,0.006866058684415119,-0.008838208809840495,0.0014701576132868236,0.006492137126887554
F53_z_mid,0.019722976158851033,-0.03015548603361047,0.06581120547975647,0.026897358126347554,-0.0067243703389011445,0.0004543064550168692,-0.004821944637882436,-0.019902033787048492,0.0019287031860383125,0.002617232619374527
F53_z_end,0.020066224358483847,-0.030980559707022615,0.06556053757998401,0.020553526503125807,0.00634538538230437,-0.00698184240107936,-0.003440868688997512,-0.023599341787135547,-0.014675365273954279,-5.51416400337177e-05
F54_x_start,-0.03891626737666756,0.03299079712150725,0.018635975043854724,0.025248553837216133,-0.022899014542501296,0.006025912431103233,-0.03521225966866332,-0.0040157853203411495,-0.03428633603785478,0.036686630779457274
F54_x_mid,-0.03805165827366915,0.033148960166912794,0.025016566761151837,0.03139831341034332,0.015176770600989122,-0.0046406022760426165,-0.006892700031116303,-0.007799050484620168,0.012374268386864706,0.01331412354450012
F54_x_end,-0.037909733117286265,0.03350824475652081,0.023917841210522567,0.022544111451372095,0.02445662826283004,0.0016019691248518304,0.03819504444598282,-0.016134619843186426,0.013185576370738625,-0.0447964086578954
F54_y_start,0.036719515567261087,0.041499841301153396,0.011037030463909003,-0.015278737798728908,0.014528662471776666,-0.05530869959033723,0.0077350462435036085,-0.008022541793426458,-0.010600645053467167,0.015442969906593555
F54_y_mid,0.03692975353875966,0.0426531555598055,0.00980119311344763,-0.011957722794005811,-0.01538554313109986,0.004729087367816597,-0.031006490537129096,-0.01720966318043376,0.049860553139937716,-0.01586007875527158
F54_y_end,0.03657405267387533,0.04171627784341735,0.006994557447460766,-0.0052399207684040595,-0.03869215059842144,0.03277259818022059,0.04047015389291936,-0.006740027789146219,-0.029075431097995347,0.0042701784240573954
F54_z_start,0.031819552057449255,-0.024526277055978873,0.048642393433825086,0.03691787112532958,0.003400385966581881,-0.03501423720330995,0.022474813883963215,-0.008223854610942122,-0.009646597107340067,-0.021111837159844722
F54_z_mid,0.030488746227187107,-0.02292796816557507,0.04913798660806547,0.0438175646964878,-0.03733190004637152,-0.008898244637123742,-0.01887209534144021,-0.02197339511272086,0.024471813038804753,-0.024301058211326037
F54_z_end,0.031487222707692684,-0.025051534338924097,0.047355646209692126,0.04163081797995426,-0.034487635640038844,-0.007315569892574043,-0.0159394303953408,-0.020832962054714483,-0.02955450340714323,0.00997559070894341
F55_x_start,-0.03892308972836515,0.034134584028229206,0.01607078691665593,0.02398905696311248,-0.023099548666909303,0.0052275009236966595,-0.03541723617553558,-0.0052616590125873375,-0.0348886003026858,0.03656818312823702
F55_x_mid,-0.03822881599069485,0.03442144407506566,0.022410513808342553,0.029957037745748136,0.01576795335096049,-0.004652713508351581,-0.0067484137550022335,-0.008741875191323351,0.011763112411615107,0.013102667588004274
F55_x_end,-0.03797977357271537,0.034724549055038814,0.021385906682853457,0.021511533346150143,0.024365940155736537,0.0024824660144127206,0.038343682121886685,-0.016783188169376486,0.013302953357848405,-0.04548799891750983
F55_y_start,0.036278072861490186,0.04291979747729272,0.008134526081504657,-0.01566692698708766,0.01597334241045723,-0.05518327362437535,0.006629184076345169,-0.006053421827715353,-0.010665763189285736,0.0160499760847462
F55_y_mid,0.03648942888564822,0.04393306563728051,0.007266401041243096,-0.012338385741251892,-0.013670820310559316,0.005761093223626038,-0.03200118272795487,-0.014944889658311204,0.0508377973459829,-0.015627788220217306
F55_y_end,0.036084005467583564,0.043021106119053645,0.004365087567097857,-0.005511485889742923,-0.03746271772383022,0.03411413935192536,0.04095744648560005,-0.004282083574079728,-0.028930627827815154,0.00409060557570585
F55_z_start,0.03540984742140407,-0.019765926519118557,0.043139938655415155,0.039822166261215944,0.018589179397012566,-0.0360223029099861,0.015204728116413657,-0.004957035342729351,-0.015325074775159665,-0.01090472985693091
F55_z_mid,0.03419572540844172,-0.018876987145072383,0.044227848975925285,0.04808328746138651,-0.021530884448433124,0.001268982580345805,-0.028744461572813698,-0.02178599021185924,0.025826233755657308,-0.020285840760327738
F55_z_end,0.0351815753945185,-0.02031945890278258,0.0422551325013137,0.046612506100127495,-0.02266349382801621,0.007948475090919718,-0.007350554092897219,-0.019699909854734767,-0.03458005126524759,0.0003223531505123005
F56_x_start,-0.038995704576889126,0.03540051768486161,0.012408860417184702,0.021990061038479582,-0.022552898256267127,0.0045799723991766985,-0.035848829048412904,-0.005147501379943679,-0.034979021928063805,0.036170954326320885
F56_x_mid,-0.03854156733211984,0.03582065940579021,0.018669113539349094,0.027721181692177268,0.016942741265240324,-0.0044280917296263,-0.0067777211362760326,-0.00801034433793794,0.01075934211598326,0.01283124282351974
F56_x_end,-0.038173477004589354,0.03610346602961687,0.017726235676444695,0.01984142532195205,0.02446645216401665,0.003772762230924992,0.038016000027597766,-0.01569122793165347,0.013463116801937824,-0.04565148642317779
F56_y_start,0.03616173721051829,0.04344372803969143,0.006702547684559944,-0.015194585622993705,0.018701073678710513,-0.05439583336044173,0.004972134442298967,-0.0031128682414514872,-0.010639151196150776,0.01704598553173211
F56_y_mid,0.036357050938372146,0.04436584910746637,0.006206125762616825,-0.011582915792112299,-0.011275970962822882,0.007013829922130272,-0.033620717435424496,-0.012339647030437736,0.05142073694213317,-0.015152959014324206
F56_y_end,0.03590849323823199,0.04355493916306831,0.003088819476884163,-0.004949075701650382,-0.0354864186388509,0.03568205338531463,0.04102291806102514,-0.0014547460312261382,-0.029358781478574444,0.003949725638544545
F56_z_start,0.03459819556474606,-0.019678485226893003,0.046512118241997046,0.036906651475176834,0.026900402400727566,-0.024104849527371658,0.007378012000544251,-0.007582633961844417,-0.014705103636379053,0.002004944985135907
F56_z_mid,0.0335344419718539,-0.01922713283330667,0.04718903227876923,0.04563750365908717,-0.006931100595745739,0.008283963102998152,-0.0291122519060727,-0.02635666423673609,0.02103770195100303,-0.012175598905544767
F56_z_end,0.03441574256025337,-0.019909270433103105,0.045870980510116045,0.043209228911769974,-0.007231361120807466,0.014209569729073673,0.00046324879029933865,-0.025806462133400647,-0.03317663118090128,-0.006580750021862757
F57_x_start,-0.039074608766289314,0.03635765280615314,0.008886032808855294,0.020416161118115575,-0.022971498410607465,0.0028082362021158063,-0.035259799109886886,-0.004320300923573968,-0.034811655730629804,0.03422991995678092
F57_x_mid,-0.038827753972924935,0.03692371343049248,0.015167582668431103,0.025847900734543048,0.016269916467067463,-0.005034429139585561,-0.006565203023759661,-0.0064822978166265924,0.010286078449002867,0.011728493858593514
F57_x_end,-0.03840519679128471,0.03717667253491619,0.014326328126697905,0.018705928553809856,0.02282587147479072,0.004110298605433106,0.036839771599880146,-0.013657082656058615,0.013548079365693083,-0.04500277907960171
F57_y_start,0.03566431685820345,0.044427821302268265,0.0066859056509861675,-0.015981163727944916,0.020481625510344763,-0.05285724115753917,0.0038122482863338705,0.00025696560988118153,-0.009005897882799626,0.018682122724218632
F57_y_mid,0.03578743815204686,0.04529854084840277,0.006243839591040822,-0.012410264035035416,-0.009725618180132695,0.008208541779324442,-0.03444677533487093,-0.009391134219027824,0.053186578732000125,-0.014094155170962115
F57_y_end,0.03530541958806105,0.044582860405758734,0.0029995175604158545,-0.006041668968595995,-0.0339790730257433,0.03650075639407373,0.04247256354787778,0.0014426019679210607,-0.028814364645846507,0.004922082281567481
F57_z_start,0.03585572922531123,-0.0164071119599684,0.04393893817935327,0.03655088827766306,0.03806333554603253,-0.01812447150681258,-0.0008767800750254528,-0.00984393164915488,-0.01696381444275148,0.015004332235249315
F57_z_mid,0.03492790733983283,-0.016428731895611646,0.04423902339635524,0.04576344480030966,0.00906106283832873,0.017700755145775682,-0.034354208783880014,-0.03219413390749154,0.01988354132470906,-0.00577488477263947
F57_z_end,0.03567130571862707,-0.016140473833272866,0.04323900203726456,0.0431200951760007,0.006797059511183898,0.02550714762175422,0.010292647494188715,-0.03228243752147783,-0.03454501460773501,-0.015383281972239982
F58_x_start,-0.03909196034910683,0.03696067128107253,0.006227926997336247,0.019569424786200364,-0.02287771604061938,0.0017974780845179852,-0.0349682257877852,-0.0034264444967199207,-0.03457766928277359,0.032931855211015
F58_x_mid,-0.03897529365040509,0.037593394689051506,0.012566321541305332,0.024831525184059778,0.01605578876502589,-0.005253771119264363,-0.006537185643445149,-0.005192484932161979,0.010117619178170693,0.011025196398629769
F58_x_end,-0.03854623305081446,0.03784960299877823,0.011736250450902213,0.018088895419192137,0.02198189965632629,0.004287710716586257,0.03599379160416583,-0.011897607860940095,0.013565940676716851,-0.044365067876083526
F58_y_start,0.035720703138952974,0.044097556094428614,0.008631314259012347,-0.015802625620235506,0.02220279968763524,-0.05135516919399465,0.0029231552909086533,0.002417783142817958,-0.007948327337955413,0.019897896184843458
F58_y_mid,0.03576537485514943,0.04500943762646465,0.00815451987040882,-0.012068983301976689,-0.008777865860630963,0.008983738861035376,-0.03527304874224581,-0.00801724031824687,0.053845795878403345,-0.013278480035655408
F58_y_end,0.03528690350207186,0.04444215172492978,0.0047408433235114405,-0.006177346042977377,-0.03269296974803242,0.036857358661858915,0.043050353029451566,0.002742596850018306,-0.02895552762840624,0.005763309685500726
F58_z_start,0.032366303193202675,-0.017914233375945013,0.050645584430739694,0.029806367904107834,0.04114146949919244,0.0018901011508937495,-0.009396652279778317,-0.020138903673586575,-0.012346314202537009,0.03037085985664167
F58_z_mid,0.031747655890973066,-0.018471776660225956,0.04987325643672921,0.038572690543592504,0.023119355424108746,0.023522511657664207,-0.028845807751880115,-0.045192638040116154,0.01128487904746373,0.005041198313042035
F58_z_end,0.03199816881059942,-0.01704245349407996,0.050055823203652976,0.0333649098879382,0.024402830018491507,0.025939681927186466,0.019078166466700554,-0.048621927095878696,-0.02909240784981622,-0.020913437927642466
F59_x_start,-0.0392128693808632,0.03724322248671905,0.003609051963630948,0.01825852235024833,-0.023095374081648072,0.0012320398759443974,-0.03436263095370752,-0.0026003494939141917,-0.03377359225245453,0.031404419567521
F59_x_mid,-0.03924242448939392,0.03800319794678746,0.009790547860169465,0.023084580480984895,0.01536558321522254,-0.005505915364644606,-0.006087073597199928,-0.0038129939464768077,0.009945176583494612,0.010385490687312152
F59_x_end,-0.038805094555429354,0.03823639773390769,0.009063692160054954,0.01678990147873158,0.020875709855826187,0.0041455466504965385,0.034930394193473185,-0.010228223982408347,0.014018261654695635,-0.043180667474836586
F59_y_start,0.03549213840731839,0.04429266138025259,0.009898755947625276,-0.016242168374041962,0.02348761419512888,-0.049520826268308636,0.0020998204282448698,0.004721951625218424,-0.00633389482276186,0.021353440243644637
F59_y_mid,0.03544697911502723,0.04525043759819785,0.009416141341614654,-0.012459957312165457,-0.007677545858493741,0.009825954583197585,-0.035695033239218715,-0.0059658672774060085,0.054946078761796545,-0.012113047894340586
F59_y_end,0.03495301992814638,0.04479830230574877,0.00589486142532729,-0.007010751367040257,-0.031286119923695316,0.037115953410025916,0.04403177661435952,0.004599115003163666,-0.028470871625852916,0.007051360596037953
F59_z_start,0.029968179372744198,-0.01620099334441551,0.052104572331820934,0.02419581055014779,0.05136848570555993,0.01969705694545522,-0.020934202414724976,-0.02556095437596304,-0.01126081910960488,0.049634680557485225
F59_z_mid,0.029522141429287888,-0.01739663269814079,0.05067748589450017,0.03304828266833253,0.045460290398093635,0.03336097151923871,-0.02867559824620081,-0.052846114740567676,0.003590048936720472,0.017421116754601305
F59_z_end,0.029226435225003792,-0.014449138618464844,0.05131102589215155,0.02619703408201625,0.04779771363936363,0.034866925878939664,0.030779288088499456,-0.058228805479515526,-0.02474263291890636,-0.030402148718641865
F60_x_start,-0.03924205263236992,0.037208142834749595,0.0034414092482044517,0.01813765984459285,-0.022162460594482042,0.002204990979116283,-0.03489695149863242,-0.002125626643949547,-0.033357697039548106,0.0322642723538771
F60_x_mid,-0.039271645487419904,0.037913147540051255,0.00953601088617228,0.02296157113452997,0.016685948212054613,-0.004710748260122608,-0.006265062409016569,-0.003551595043477437,0.00987431577610469,0.011037999620900057
F60_x_end,-0.03882177080994763,0.03816525814869146,0.008811661418104622,0.01650617581483873,0.022041091249550282,0.004625815734813814,0.035446664001596434,-0.010053955491722388,0.014114784105165205,-0.043247676890126444
F60_y_start,0.03603136801497254,0.0432155527884804,0.010579572231965243,-0.014621072985797927,0.024378094271405186,-0.049703148253898495,0.0019075729646909946,0.004145914873250536,-0.007263544663747212,0.021041483191513822
F60_y_mid,0.03600286619054043,0.04421358491017544,0.010230272175372025,-0.010462469777046552,-0.00725004961657869,0.009778755651205298,-0.03630651897259983,-0.006837570095264841,0.05398028087999096,-0.012245411986413055
F60_y_end,0.0355458333751328,0.043810794277324254,0.006634404103226527,-0.005199059704818074,-0.030700103286541262,0.03728061827980396,0.04297999933235843,0.003837293734954944,-0.02937119563484916,0.006200231836524867
F60_z_start,0.02504657738439969,-0.02167539706786238,0.059745110751483005,0.019521149914933818,0.0411997595403632,0.026592721065297142,-0.016468474856203473,-0.02337383161865602,-0.0051963541895090485,0.04349785402711035
F60_z_mid,0.02488811661963639,-0.022730147668530577,0.059076286352439625,0.028002277795326522,0.03708013867726378,0.02606982772092967,-0.01876449103883373,-0.04651340293465379,-0.001494967143055927,0.01864799325026618
F60_z_end,0.024430071398746107,-0.020475027866231687,0.059749358145543434,0.020011489599531716,0.04428096927759519,0.022405930131458408,0.023982940730553973,-0.052509338904221894,-0.01872576026227024,-0.023748440093494413
F61_x_start,-0.03934002451099843,0.03709910478697352,0.0030132671464867112,0.018083303419820732,-0.02284879094477582,0.0013878519265453167,-0.03417760307835018,-0.0015346711453410335,-0.03310886338382099,0.030902161099018798
F61_x_mid,-0.03938843871413387,0.03785685826771459,0.00916563667750908,0.022758654347085155,0.015183074245452543,-0.005413085676449925,-0.006058711325245626,-0.002646980724017759,0.01023687085376303,0.01028207866802157
F61_x_end,-0.038978292323804745,0.03809231311845789,0.008444028149749289,0.01648507715610648,0.020684451973493636,0.003947359249694958,0.0345324748375022,-0.009011152728352788,0.014210866141418565,-0.042429286461856154
F61_y_start,0.03574736671139008,0.04344553876934188,0.012205329705138398,-0.015967131935249023,0.023913107012601638,-0.048347447131116765,0.002158959756225048,0.005072796560383139,-0.005719054417078612,0.021913181302124135
F61_y_mid,0.035667875485703264,0.04449229050378961,0.011745928299802805,-0.011968311178153637,-0.007476049825893867,0.009776939341523195,-0.03525997618241311,-0.005759826630496969,0.05465292208237699,-0.011316268883132261
F61_y_end,0.03522960517156528,0.04408057476130343,0.008202831255592393,-0.006904514372896529,-0.030495423763089835,0.03663817498634569,0.04405708728861728,0.004755112390807882,-0.02844292331345966,0.007405810946775685
F61_z_start,0.026452833621585962,-0.01565744427721193,0.054088351370857546,0.018382782451626476,0.05587556623453591,0.03582925243273258,-0.029036200754019907,-0.03140941086879027,-0.008521472806336736,0.06381110141365372
F61_z_mid,0.026255061346103822,-0.017295055954102263,0.051961043978147034,0.026653627662626345,0.061113803319948486,0.03946127751940526,-0.025095291970549834,-0.06051067986680441,-0.0036617211734538977,0.027394653297215445
F61_z_end,0.025297556492914788,-0.013153044375792945,0.05293894856941147,0.017985987879462994,0.06491634728876472,0.03809905453461058,0.03881999181175817,-0.06761057063570343,-0.019149491494813153,-0.0359090936418615
F62_x_start,-0.039358303923385775,0.03703953992372042,0.003127878481327726,0.018109408118540487,-0.021956747733584737,0.0022772248657460937,-0.034746510130955685,-0.0011100191906758049,-0.032804179917045886,0.03176098428067968
F62_x_mid,-0.03939464846503844,0.037723935175343844,0.009250887561669514,0.02283801013160605,0.016366044280182002,-0.004708995457242232,-0.00631467611320511,-0.002435208126747051,0.010220045185112176,0.010870670887966392
F62_x_end,-0.038978377483486246,0.03798253945313966,0.00850119761215281,0.016383741676232123,0.021804267376766363,0.00438134041796388,0.0350173391128925,-0.00889508164962454,0.01422093530451413,-0.042548059385694496
F62_y_start,0.03625151326652441,0.04235267842472102,0.013042929448925263,-0.01441564697940963,0.02445959071641015,-0.04863846185563112,0.0021772145325254363,0.004286869618246007,-0.006540778974645772,0.021514869767534285
F62_y_mid,0.03618279629726297,0.043447053190854394,0.012661834850571823,-0.010109727408294843,-0.0073927112663427835,0.009615067015790096,-0.03567999779712498,-0.006785879775602894,0.053797524921009525,-0.011551196265998416
F62_y_end,0.03578378693598411,0.04307968170180349,0.009065341238803527,-0.005205338909427308,-0.030225140903312114,0.03664011014266463,0.04309302497246087,0.0037853698159661365,-0.02924494370773884,0.006728000441717802
F62_z_start,0.02175675872294556,-0.022193431227015118,0.061935134394501865,0.015058737215354967,0.04146967651035397,0.03756220662363386,-0.020269322046036365,-0.02673794455796823,-0.002183864022139665,0.05071441032130493
F62_z_mid,0.021802408066803454,-0.023616525132172734,0.061201939905228236,0.02301876630066784,0.0446854168106463,0.02829000760105777,-0.014481540394928103,-0.05024798869930711,-0.006801091768388923,0.024841973181579775
F62_z_end,0.020944998259659387,-0.02069348298311443,0.06198055560997762,0.01376072314625888,0.053618730224126165,0.021687517920282288,0.02758745375669429,-0.05742139192478025,-0.013915778247493923,-0.025444602001554954
F63_x_start,-0.039520255419350614,0.03659072790020693,0.0037674167939948967,0.018805801011150952,-0.021728648725801866,0.0026055357849170996,-0.03460827211287195,0.00020389971079487127,-0.03221612314891508,0.03147815378360954
F63_x_mid,-0.039484467897112324,0.03721723303839543,0.010045573972154742,0.02362687168219332,0.015944979127715378,-0.0046648364235359245,-0.0064658544027330215,-0.0012825785352981766,0.010934602453650202,0.010894294288418475
F63_x_end,-0.03913379411163258,0.03748919263426846,0.009207515364911018,0.01692756327442702,0.021723487694695853,0.00378562002728206,0.034845340077367525,-0.007773595917883078,0.014223958211680019,-0.041984633170004226
F63_y_start,0.036691405816255664,0.04057107059847512,0.017051390497289876,-0.014233949392781926,0.02382872700051301,-0.04711929391912305,0.0030072106971140806,0.0033189803883191048,-0.005934645249554879,0.021828701009552327
F63_y_mid,0.03660130238829499,0.04181109681667587,0.01662529181915908,-0.009658443168482675,-0.007974606003250515,0.008845350433983852,-0.033932320745555404,-0.0076803933517929635,0.05255149465853246,-0.010617067785173065
F63_y_end,0.03632096133634155,0.0414430525332619,0.013105154827694894,-0.005216965530802686,-0.029684113053503717,0.035149569274314896,0.042734390689379766,0.0028065619935686544,-0.028971864124381203,0.007163125210201454
F63_z_start,0.011652005310136338,-0.023960800434823175,0.06556448491120573,0.002485764415037895,0.03619691470464735,0.06326427938868215,-0.026617511806100013,-0.034185004925973976,0.006562774906764301,0.06307697191476169
F63_z_mid,0.01203415665377887,-0.02618232896352218,0.06511643324110117,0.008099621239739336,0.057710556287494594,0.030278770512154485,2.477961319447819e-06,-0.05751929282086448,-0.020661977097105714,0.03884288852976322
F63_z_end,0.010363990594657565,-0.021749017148307622,0.06557295586319056,-0.0038234894680239293,0.07080165845635476,0.014447984470811246,0.03253733528448162,-0.06654250416862688,-0.00031285222067773294,-0.025665087807650967
F64_x_start,-0.039367400221719584,0.03705678613022415,0.0029335708348413414,0.01827440237558405,-0.023480410745871094,0.000741232823341645,-0.03364328964740047,-0.0014353872396514462,-0.03311549675875824,0.03002800274145745
F64_x_mid,-0.03940511844692295,0.037865752593722074,0.009156193101012995,0.022930806491268795,0.014038818926514719,-0.005972145002837498,-0.005927647160396554,-0.0024327124240697056,0.010496683213868567,0.00978219551522042
F64_x_end,-0.03902364001631458,0.03808372645062249,0.008425399791796306,0.016733704249120893,0.01966466302482084,0.0033861203694885047,0.03406819612444797,-0.008707371989718698,0.014159976755334876,-0.04211235449896752
F64_y_start,0.035519335807622766,0.04370389878643818,0.013034376411747359,-0.017136188212138293,0.023231745457972307,-0.04747115778696038,0.002417498234948454,0.005311829576793224,-0.004752949879859134,0.022411214635618803
F64_y_mid,0.03540721125910321,0.044774321016030426,0.01248622598732357,-0.01329727373422034,-0.0077794767519925685,0.009643754194350351,-0.03431972987316567,-0.005347829286066272,0.05500060135101891,-0.010723596954711487
F64_y_end,0.034976712228307366,0.04433845625231399,0.008999226596344645,-0.008335533857150685,-0.030518018078381327,0.03604544573711115,0.044767825987353835,0.005084715480820407,-0.0276738612161572,0.008248692707590568
F64_z_start,0.02828169997720136,0.0036893627934972742,0.028189833282245055,0.016287878295483157,0.08708575836616664,0.04779618484052176,-0.05511731203737374,-0.045254613413864594,-0.018997518857673663,0.10443116525415615
F64_z_mid,0.026273009034980786,0.0009524144625545608,0.021396136120483085,0.021587180669248418,0.10830555733730603,0.0655577236072548,-0.03943201845560055,-0.08150901069861534,-0.006136977542812476,0.042127356600211066
F64_z_end,0.024333550392345544,0.008813826633259723,0.022426936750961583,0.013558855602720623,0.1010743252843525,0.07268498099820761,0.06549890723686536,-0.08799823266605922,-0.018774902000873138,-0.057333757204889285
F65_x_start,-0.03717699616775374,0.033473915167407435,0.0230423590812362,0.03134622540191213,-0.03294267193094618,-0.003185859185485607,-0.030363530752848637,-0.018201184817248278,-0.03994708388588761,0.030999784761427392
F65_x_mid,-0.03580760193784224,0.033820177655511936,0.03008180375054389,0.03778944540050948,0.003131498429571776,-0.01327242151074498,-0.0052626428503339566,-0.021187515808185495,0.012424268296584445,0.0075133416458295615
F65_x_end,-0.03594706989002444,0.03377287367024328,0.029368712007048464,0.028764520406037948,0.014427181379687213,-0.004550415009743386,0.03543967209162156,-0.03080647898630928,0.011410528592006718,-0.04574163234474756
F65_y_start,0.03229127416778548,0.04892845709147766,-0.00041286189551051914,-0.024266954489414946,0.0014528847512147141,-0.05464870223344676,0.01470175425370815,-0.01275947172315448,-0.005604715338032219,0.016914608036569464
F65_y_mid,0.03257528346308321,0.04971405235693786,-0.0018345099834238352,-0.024435025737649135,-0.020513603288042373,0.0020123670249651694,-0.023032119894592435,-0.018306259317706443,0.052469572689350236,-0.014411135090501712
F65_y_end,0.032201125528299214,0.048221316781942386,-0.003730428027534775,-0.016111896196721417,-0.043038550240303626,0.02847537158544442,0.044246506961909814,-0.01018669979579209,-0.020786419457641522,0.011879745314656747
F65_z_start,0.03357604644997791,0.012022498513197557,-0.027975065392422862,0.04069666581501791,0.019212899337308773,-0.10051130061723117,0.02360680158239549,0.036903975776862954,-0.0396376020737977,-0.05123285729312845
F65_z_mid,0.03577256659023524,0.013611103193108706,-0.022689131738639234,0.0538582034081739,-0.0437831891687522,-0.0059076596960491185,-0.05193573758915369,0.03943333283391579,0.04601072575303294,-0.05651503792648912
F65_z_end,0.03459533332845352,0.008680972368545667,-0.02599037051251437,0.06058142936890663,-0.05920663472100261,0.02880424661546028,-0.0253455836694006,0.05217734173886993,-0.048231261369773515,0.0015387332404124315
F66_x_start,-0.037369081763535594,0.03526682096412759,0.018822241748532104,0.030451488150993425,-0.030056928543039138,-0.002364186069477953,-0.03220736647592113,-0.017702517190103094,-0.040739969634090226,0.03233629690743132
F66_x_mid,-0.036147255535921734,0.03572796046833314,0.025932156473283657,0.03705468320769413,0.006734557712606352,-0.011361605570612809,-0.006334974430440269,-0.021639459150463378,0.010993250922482989,0.00863296772273644
F66_x_end,-0.03622701135470966,0.0358176743827395,0.024940251388639003,0.028250416635846393,0.017368500810976625,-0.0020416755561196154,0.03665109657712828,-0.030309857761859137,0.010307056762569147,-0.04683949582715793
F66_y_start,0.03413749918160078,0.04661929806755405,-0.00080562415341727,-0.02005163263129793,0.006053905718353651,-0.05668734124831242,0.012033409421459439,-0.013031077812742575,-0.008784631971595467,0.015083585442297185
F66_y_mid,0.03424493359438353,0.04781173164806722,-0.002263614167446016,-0.018882314369899615,-0.018540150521643265,0.002511869209553692,-0.025173926666505995,-0.020105170534537177,0.0512346068263969,-0.016044873746099402
F66_y_end,0.033811004698459955,0.046384514167868464,-0.004563512082581745,-0.011306357777382047,-0.04132697524822932,0.030207896509988053,0.043165822592525535,-0.010351706432974643,-0.023674326247285826,0.00841520188970772
F66_z_start,0.04039975954689496,-0.002874319912225055,0.005170873355503305,0.04488116032306916,0.021839305061352454,-0.08354068405901732,0.022208271915338026,0.0210368789364737,-0.03422344972475004,-0.03925797035072568
F66_z_mid,0.04040448064856475,-0.00259920271412054,0.011986143640405296,0.05673520690402582,-0.037922386613559664,-0.004142720199494083,-0.04577829855760078,0.012583896528376175,0.03871322806241741,-0.045087635603092806
F66_z_end,0.04025892629955929,-0.0053895444683649,0.0065886874105700296,0.06093798025641827,-0.04855716345431575,0.02219341849060865,-0.021725897408024473,0.023860350781707236,-0.04826965976757068,0.00046943286548247935
F67_x_start,-0.037826562089150174,0.037327909528200046,0.012081680215271002,0.026178817523218382,-0.027397781385046175,-1.8318718062989406e-05,-0.03352516671601914,-0.016159944493766846,-0.03955774623075152,0.03336514945695583
F67_x_mid,-0.0370631625614156,0.03798617307684426,0.01910450346855796,0.03216172174740604,0.010419745120503211,-0.009042224703819815,-0.0064785091459936914,-0.02084760390830519,0.008649377285346198,0.010556845009035584
F67_x_end,-0.03689433259300391,0.038251200776747485,0.017980132877474825,0.0243100753154578,0.019767295708916693,0.00012951761946954998,0.03733547607692003,-0.028336520714587945,0.009761213281346215,-0.045930181200454785
F67_y_start,0.035387205727596155,0.04488141251394478,0.0001557196158416461,-0.016508496365549265,0.013300108836933115,-0.05748687623694962,0.008424091621048123,-0.00615293041437233,-0.010812268300964226,0.015095381369893463
F67_y_mid,0.03533285628029038,0.04640387811797846,-0.00138592920696376,-0.013842858461941934,-0.014315106392841176,0.00518706407302527,-0.02907179154836797,-0.015456162116162705,0.052389583754765205,-0.01655488884397788
F67_y_end,0.034762315841952406,0.045124851183822895,-0.004267137591962834,-0.006790923005523892,-0.038257073896923614,0.03433873035944164,0.04354497023186983,-0.004047142537783472,-0.026180845012836285,0.005576257742118223
F67_z_start,0.04028438008131022,-0.011266367718322998,0.028152105124551463,0.04111945091262669,0.029700286973790586,-0.05180891847304264,0.010467446934856307,0.0035772363586396992,-0.026612830194584804,-0.012778631644930892
F67_z_mid,0.03906248945352361,-0.0111026302096221,0.03190538179875319,0.051491803696497106,-0.01515592976744945,0.005316479288268034,-0.04021037392702727,-0.012206970555292093,0.027923597823057752,-0.02586358689045345
F67_z_end,0.0398896310714555,-0.012083286986648428,0.02802131482330796,0.052966084953595505,-0.022828820332458716,0.023492380155255312,-0.007726022123407897,-0.0058287051864738685,-0.0424690620064909,-0.007023440601492116
F68_x_start,-0.03784098039257653,0.038302597275788906,0.009053781650696271,0.024098988365208608,-0.026964287807674986,-0.0002781618736834708,-0.03340497606719321,-0.015534742193897779,-0.03945506678445936,0.03272704885524262
F68_x_mid,-0.037328401786427566,0.03917222287449283,0.015836908468187087,0.02960376812917349,0.011052149584966071,-0.00850333591718,-0.006326822824534151,-0.020016251577540882,0.007687674598265685,0.010689312303581807
F68_x_end,-0.03701325654233532,0.039419644843000104,0.014861514450963013,0.022501339663347213,0.01946549179176427,0.001228202647615663,0.037019411974733955,-0.026907269784389003,0.009573872892197861,-0.04562765458810102
F68_y_start,0.03466647064409926,0.046180119445720126,-0.0014912037841332548,-0.017345995226015192,0.015338552365206511,-0.05673365456084798,0.006720573106332281,-0.003079098167005612,-0.010431948158726247,0.016459988103490013
F68_y_mid,0.0346573681883926,0.04748122747004673,-0.002837556790206803,-0.014523977702899251,-0.012195503215016829,0.006651009945221044,-0.03034047189563217,-0.012267690378464579,0.053706261896721764,-0.016207602617196462
F68_y_end,0.03399256954004243,0.04629658800642226,-0.005872451387688074,-0.007499993678338633,-0.0363786387536374,0.035867009591827925,0.04483730761635996,-0.0008689408756552442,-0.02544658545718405,0.005683573714030218
F68_z_start,0.04065756224162176,-0.009765279620535765,0.02849878977094268,0.03916136650495528,0.038357174233563114,-0.043737496927153466,0.0029527736373332115,0.0009710686053642295,-0.02805824198964694,-0.0013873972645013386
F68_z_mid,0.03945599789875547,-0.009887532268797778,0.03190933242686212,0.05013566996580115,-0.0013605204317870853,0.012248308480063422,-0.04273928923327901,-0.016712656786176908,0.02454429215159002,-0.01947979632647151
F68_z_end,0.04027833843931835,-0.010057108130704205,0.028290335095924785,0.05123679246818086,-0.009768644311982634,0.031379413144727156,-0.0004312247705800281,-0.01096562586272059,-0.04266596375024919,-0.014343142086118449
F69_x_start,-0.03812865332070855,0.03852738519741466,0.006649641195848716,0.021913870934613375,-0.026348805774571066,-0.0003151428753220589,-0.03318154193898972,-0.012678625571571117,-0.038441935133079336,0.031762547149651564
F69_x_mid,-0.03785308274112029,0.03949824289590839,0.01318913059522045,0.02691694986639515,0.01154042498356047,-0.00785242388734434,-0.0060902586862890355,-0.016501664577539567,0.007547840349500227,0.01055414773185349
F69_x_end,-0.0374584071220222,0.039730176491509436,0.012367201060305961,0.020488184057188594,0.01901678066191077,0.002057776571460142,0.03615687286185699,-0.022949401869819724,0.010152618447229611,-0.04464347145405793
F69_y_start,0.03451889195703403,0.04648325884641212,-0.0002563920196454246,-0.017890127569001327,0.017741526835670443,-0.055700286844931494,0.005311847239933285,0.0013251566815213498,-0.00946818398267636,0.01786178679273076
F69_y_mid,0.03445631165565785,0.04774831920181103,-0.0014800917777768783,-0.014737284489930058,-0.010284331150835897,0.008265818754311998,-0.03196589442698246,-0.008647407974165638,0.05525040989567523,-0.015639246603129396
F69_y_end,0.033736402404010914,0.0467004209520566,-0.004752485459886109,-0.008044503982457275,-0.035102494030435284,0.037205078421969795,0.045857392774804405,0.002939330773804537,-0.026007731045907204,0.006138629645126614
F69_z_start,0.0408453536052218,-0.007655595845070113,0.027781806747604984,0.03787402580078312,0.047484714556846865,-0.03611123455746564,-0.004433272405596624,-0.0011354379733405564,-0.029125973607901753,0.010520934958533455
F69_z_mid,0.039690835145618525,-0.008121773877125829,0.030653935357315185,0.04913059302806281,0.013081306245534793,0.019937528532674373,-0.04606757680028964,-0.021213805901256887,0.02245420929213723,-0.012834592631268838
F69_z_end,0.04043019020142805,-0.007432563992822056,0.027395702918588605,0.04981654374484065,0.003572768181722572,0.04000980714296142,0.008108021329298042,-0.01621943703225125,-0.04265089928581454,-0.021823303036393453
F70_x_start,-0.038598723429312747,0.03820561941690181,0.00464096868190859,0.018566261420533643,-0.02812093275030398,-0.001585941730730226,-0.03116138795258978,-0.009574127068591492,-0.03726537409832102,0.028915283254510787
F70_x_mid,-0.038651128667192926,0.03937325717908467,0.010755593718445705,0.022669065572254253,0.00951219467978012,-0.008242254038678665,-0.004734248824650005,-0.012050552889345844,0.007884141029486511,0.009237863810598067
F70_x_end,-0.03815455014768642,0.039527427779687326,0.010373710061288234,0.017319105677571875,0.015737550323477,0.0016269257550517737,0.03396587171677024,-0.01780842990224101,0.011390621397270298,-0.0429856664126548
F70_y_start,0.03132458828641703,0.05099915689110797,-0.0011228002058937345,-0.024817317298284607,0.01735354373733929,-0.05161601021320089,0.003934232144114474,0.00844609636747486,-0.0045690444440491425,0.022444215912886357
F70_y_mid,0.031449556424270525,0.05143725065628833,-0.001628376132792927,-0.022423186156860973,-0.007907658859048613,0.01095742328612981,-0.032726232345755425,-0.0004774098040106113,0.05988133365389853,-0.013938437009649446
F70_y_end,0.030609314413032322,0.05060447849335152,-0.004978772043174364,-0.015721971019498533,-0.03327618482068541,0.03761821080067388,0.04938588675478382,0.010020369011005007,-0.02279646374089975,0.010569488417181076
F70_z_start,0.040350627214436524,0.011023050924475381,-0.0009753545573334334,0.03282837375233316,0.07788901420905293,-0.033822531562577,-0.025248481778529144,0.007789960300388863,-0.04169139146014758,0.034309373758302515
F70_z_mid,0.039696212132346684,0.009649454044318261,0.002234943775097049,0.045004723715418186,0.05604182850593335,0.04344805085855745,-0.062587313015132,-0.01381803014801019,0.01848540321162895,-0.0007387292883453484
F70_z_end,0.039011144294953795,0.011981377805379794,-0.0013344437904391467,0.04756142630869732,0.03621743046955542,0.07460121429035131,0.028112680502326976,-0.004915923527800797,-0.04610832264838669,-0.04567554614955068
F71_x_start,-0.03871888425996129,0.03802667655960719,0.004412964943799008,0.017867398994565308,-0.02871889574853661,-0.0025079300748310283,-0.030480918871360813,-0.008459633829431932,-0.03724193636671399,0.02779108341746696
F71_x_mid,-0.03882038083584385,0.039283771753037974,0.010412501960002964,0.02189458803057556,0.008670575346405602,-0.008469781742589996,-0.004479298594565119,-0.010525937429445862,0.008329520036080902,0.008599500931105671
F71_x_end,-0.038311175100921524,0.039395601357537516,0.01013224023669306,0.016811793466055,0.014497041479272992,0.001636618822433253,0.0332376304951941,-0.01600112857644192,0.011731344187560557,-0.04276972246352249
F71_y_start,0.02954906917195928,0.052996190372352966,-0.000976441742046624,-0.02824040644800233,0.016485829389773405,-0.04915705610959323,0.0038671651692262737,0.011972595571629314,-0.0021193543270453955,0.02468442914598086
F71_y_mid,0.02980921620472509,0.05301576032749978,-0.0011815285073770033,-0.0264395656937742,-0.006942953424274738,0.012228429749964624,-0.03266775125861431,0.0034195412914588964,0.06188144384471201,-0.012625452091340129
F71_y_end,0.02892151660432932,0.05227043339996768,-0.004490851584628303,-0.01945872415569036,-0.03252790344101323,0.03760945476671443,0.05100030699643098,0.013424702963797623,-0.020816669139274612,0.01278054521623749
F71_z_start,0.03544014694773469,0.021247097546219344,-0.02047212040536052,0.026720577409487672,0.08528090185302584,-0.03370460242387657,-0.032196404804481014,0.01621426922052862,-0.045278037669035515,0.039126223229179205
F71_z_mid,0.03492523021508281,0.020025552829828902,-0.01772528690168551,0.0374300700415272,0.07156073125288347,0.050462198368721574,-0.06512040220061392,-0.002338269544322212,0.014826711384651473,0.00405700023510667
F71_z_end,0.03360837642414124,0.021999498288913164,-0.020131466244937002,0.041776574644090576,0.046317495522974365,0.0848083808665856,0.03350226084485065,0.00825710066504394,-0.04335329333857437,-0.052617708813111404
F72_x_start,-0.03869315929406214,0.03805758311339533,0.0042906995302064025,0.017849129831859732,-0.029078261604543108,-0.003884677075626634,-0.030091260947528568,-0.007946001573815514,-0.03768068162174276,0.026805039065842706
F72_x_mid,-0.03880632622373958,0.03940912988633544,0.010204052264747746,0.02200011930826365,0.007949833114965525,-0.008782674264636749,-0.004471148519079197,-0.009548287866277483,0.008759309347045111,0.007876172986475326
F72_x_end,-0.03829798092054432,0.03946745462139598,0.009988405503509289,0.017041500317325976,0.013458209608124855,0.0019646673047531006,0.03273917186831023,-0.014837247219749375,0.011817870240455481,-0.04299768314096439
F72_y_start,0.0276521259490562,0.05479079902702915,-0.00030143150467660016,-0.03138442404452417,0.01578827649401351,-0.046625935421702,0.0039917395714345475,0.016512349035793978,0.00011823614077695399,0.026825768705266727
F72_y_mid,0.028053252559999346,0.05445600673254322,-0.0002535919533749183,-0.030258681944622796,-0.005714627781875264,0.01371243279615456,-0.03253935108251362,0.008324622098153985,0.06360648083184192,-0.011087261356588725
F72_y_end,0.027138520676981952,0.053769114876328294,-0.003458646134471748,-0.022814664605224074,-0.0315547643368816,0.03803525658559374,0.05247954469442624,0.017905571985117642,-0.018756217455890595,0.014813444840410266
F72_z_start,0.029101033816984867,0.028566781877998666,-0.03655665245366025,0.022263344688699338,0.08194353091141317,-0.03611249190108955,-0.03251912431435393,0.02248388864633216,-0.044266019884102496,0.03657284531455692
F72_z_mid,0.028365124544362994,0.027649079953815867,-0.03500843269904726,0.030388113671684258,0.07302015532450111,0.050392170573072645,-0.06337415068654395,0.007824441217362818,0.015091271851449857,0.004356943904684811
F72_z_end,0.027157691403065187,0.028985403746752368,-0.03604711722294359,0.036493265992810685,0.04467757574745527,0.08565813160139996,0.03368616139279073,0.01885097335406806,-0.03840508796108281,-0.0507578162438642
F73_x_start,-0.03859250814034292,0.03809435351018713,0.005154669567440862,0.018508789400808693,-0.029265664014218106,-0.003906991161063457,-0.030046843988388618,-0.008547790628126984,-0.037878022817149706,0.02713344706389362
F73_x_mid,-0.03866565984720846,0.039437012319786864,0.01103812380402482,0.022689700607874563,0.007855277994268512,-0.008829010558397035,-0.00447499805522514,-0.010228713698370416,0.008732667239582754,0.007971499129235492
F73_x_end,-0.038160650115004496,0.039450912900113405,0.010845877702738807,0.01760546495401674,0.013632561961518018,0.002042877495013843,0.03306636380213381,-0.01567949218954716,0.011655636357192202,-0.043188270977455964
F73_y_start,0.027245694978668744,0.05527343635577131,-0.0010008317812053586,-0.030866752031265092,0.01716951541990236,-0.04692056832303126,0.004490413724853938,0.020888119081330443,-0.0006871978377244873,0.026270318587671305
F73_y_mid,0.02757978373140629,0.05507832962876002,-0.0009432218009273453,-0.03011201740141058,-0.004715356467870357,0.014719835083106163,-0.03294254648171619,0.012514550980598662,0.06326660973030926,-0.010942529923102304
F73_y_end,0.026758390994724844,0.05421739713367123,-0.003982169162293938,-0.0220537557791052,-0.0312907182965849,0.040226799121847456,0.052092526180720744,0.02239481683535622,-0.01954484919085408,0.013900711077848424
F73_z_start,0.03398114942585132,0.022637091775977572,-0.025628579668218274,0.030347404132146618,0.08268217282866004,-0.043328315271928604,-0.025796459387083057,0.028700227180456263,-0.04500229751462006,0.029413030117771525
F73_z_mid,0.0338201159424151,0.022012334429839974,-0.02306538524371078,0.04117734286039131,0.06434836292541886,0.04750270623507205,-0.0676787654115133,0.014318440107825075,0.020779137823883936,-0.00019234239797678203
F73_z_end,0.03262311173956842,0.022527183196280786,-0.02491920124818891,0.04647903684914141,0.03755858270989212,0.08366474087363014,0.029080825815171633,0.02520198177101237,-0.04391586355491668,-0.04817843944290313
F74_x_start,-0.038413454298846544,0.038195145701799056,0.006112520772418448,0.019507516000709744,-0.029528617475065945,-0.004012731668820683,-0.030115393256366436,-0.009875947543084957,-0.0383108104059845,0.027627713604482212
F74_x_mid,-0.03842182437483746,0.039535055843236716,0.011987307912589357,0.023795314998336318,0.007711619936443257,-0.009080715941257828,-0.004454906889100186,-0.01175959777181561,0.008555777167534664,0.0081071219225057
F74_x_end,-0.03792752678483946,0.039506044364863935,0.011787516200104858,0.018454905845776404,0.013904511598461802,0.001969153611042947,0.03359514071906396,-0.017465177174585136,0.011337483999009903,-0.04357987964883425
F74_y_start,0.02685516011470744,0.05557884893513254,-0.0019036541686844148,-0.030106506530928667,0.018431465428919897,-0.047853541209568924,0.005101159470503118,0.025512076119798204,-0.0014454363192947122,0.025273418589425264
F74_y_mid,0.027105416607408676,0.05556800406482636,-0.001958657478719334,-0.029777936726997464,-0.004069552370908432,0.015554850928764562,-0.03335155732813625,0.01718769754282598,0.06338726556225843,-0.011181078450425944
F74_y_end,0.026382033028849713,0.054486144312338836,-0.00480302376937122,-0.02107705005998863,-0.03161849021756824,0.042657947766928876,0.051589267638100025,0.027215461322806483,-0.02007266523170913,0.013083566635662318
F74_z_start,0.03772999162256835,0.015864305021846922,-0.012573564909268588,0.038859624169455015,0.07964918526827972,-0.04898495221907969,-0.017710183838798427,0.03237027412627172,-0.042419722466368555,0.022543034419714583
F74_z_mid,0.0376382916063918,0.015080386255429769,-0.009298197910401209,0.0509598959349692,0.05225970544975281,0.04237230760243242,-0.07006744322675142,0.017194640908843453,0.02768460243525117,-0.004235750652137641
F74_z_end,0.036744305587554704,0.01521181375550658,-0.011992711208644296,0.055388848291311826,0.02776748209055587,0.07832303109890651,0.024345219374801517,0.027123129040159937,-0.04693291887383544,-0.042562351681230244
F75_x_start,-0.03808406057585326,0.038393140467387364,0.007454914099423925,0.02105262254028136,-0.030079977759243294,-0.004216805364218183,-0.030240381027662508,-0.012560628300555368,-0.03921645279962403,0.028387690956145652
F75_x_mid,-0.037972731791183295,0.03973896529680039,0.013390114391236232,0.02558010871942368,0.007357052891073139,-0.009700458991570963,-0.004459978284792721,-0.014905463362616193,0.008243435060551934,0.00828993770498999
F75_x_end,-0.037498411108816194,0.03967982774840844,0.0131343536078526,0.01983589529003694,0.014171283061537003,0.0015313037615465735,0.03440198381145362,-0.020946332589811725,0.010712884260064351,-0.04438015606869323
F75_y_start,0.02644524491212127,0.05582115354843385,-0.0032576871945159762,-0.029249183119439894,0.018841190258040673,-0.04917558177522779,0.005941028548479899,0.028615997089080147,-0.0022805064958706846,0.024039331077090557
F75_y_mid,0.026621136158326,0.05602353822518858,-0.0035124049526161897,-0.02945920935337618,-0.004026671143252896,0.015773192394058843,-0.03314984523365775,0.02090652506688712,0.06321585070274732,-0.011745465467056182
F75_y_end,0.02599908273683522,0.054661177778069454,-0.006106484361166649,-0.02013275659197348,-0.032454521703418455,0.04455062747409136,0.0509974700899754,0.030735113405028176,-0.020245790107866393,0.01246273395353369
F75_z_start,0.03945000739253666,0.01066987385765865,-0.0034555730220037057,0.04372335845780679,0.07345712951539433,-0.05295307822581914,-0.01091884221076508,0.033022001905775346,-0.038988560564976064,0.015799607730863082
F75_z_mid,0.039291224038717196,0.009832917720239965,8.585695639546212e-05,0.05595205752886547,0.03970019981242101,0.03664397631239869,-0.0696320975674472,0.016854889260441243,0.03280636479998235,-0.008225825079898568
F75_z_end,0.038766006715878355,0.009726317977458154,-0.0030736367853867823,0.05996113695308263,0.017237454430165194,0.07116584098111293,0.02002216055893178,0.0258575004960869,-0.04786778823875081,-0.03644931694901703
F76_x_start,-0.03766738138477276,0.038546633670089564,0.00913852217735703,0.023020904011446287,-0.03084681046911656,-0.004412767525859152,-0.03047223609817029,-0.016310436269663185,-0.040405906015218436,0.029358437672398232
F76_x_mid,-0.037373349022547644,0.03985483717195505,0.015271373912087573,0.027979956388912073,0.006773570401749336,-0.010602160760655566,-0.004600576529150826,-0.019333982712546032,0.007967941137021133,0.008545313965417916
F76_x_end,-0.03694039564626115,0.03979437950060093,0.014901320982931687,0.021693532251067044,0.014480915484626445,0.000610400711410015,0.03537376765110277,-0.02574115705812984,0.009981099411858438,-0.04550331810304322
F76_y_start,0.026489199411398816,0.05564520779595069,-0.0039995058388581995,-0.02839318331967794,0.018077174862352427,-0.05068393148091248,0.007211329276294894,0.02879955317233721,-0.0030256072350858267,0.02275580626386575
F76_y_mid,0.026612205090800298,0.05606399918718915,-0.004530858735310593,-0.029063351019897692,-0.004995712223431944,0.015094677755971219,-0.0322290414583084,0.021720106422880858,0.06249804588748411,-0.01242502124329973
F76_y_end,0.026089189658073882,0.05444389987598065,-0.006915213082820542,-0.019253267033664413,-0.03393390797439119,0.04508455105549937,0.05032487544052059,0.03120637331083949,-0.02041022324917806,0.012139615143317973
F76_z_start,0.0402935438000007,0.006114815492731401,0.0031477202138106048,0.047534774232667616,0.06264563347820598,-0.05965154760624395,-0.0026558103304472423,0.03263208627171811,-0.034509860119479395,0.005369200533346528
F76_z_mid,0.04014382462329642,0.005371026240690689,0.006775383216914143,0.05925080799793038,0.021886673869882432,0.028509442620287827,-0.06772627395911175,0.015319618590331568,0.03933069177173856,-0.01496216821107037
F76_z_end,0.03997580750713808,0.004806244913218939,0.0033665482452947927,0.06330863723358554,0.0007781038940513703,0.06086261788290878,0.014033157694501643,0.023561591282003764,-0.048190952556807415,-0.02789563341124952
F77_x_start,-0.037217704081490326,0.03856200769342508,0.011020759177507245,0.025186685541543498,-0.03176391474463927,-0.004476161055741708,-0.030831982314253062,-0.02075582124030164,-0.04170599720614696,0.030386891082405377
F77_x_mid,-0.03668465289063526,0.03976379485092776,0.017490247829404143,0.03068852561249133,0.006010015189954748,-0.011629358908484254,-0.004860994228675101,-0.024568874158655673,0.007888804593201579,0.008730162723255048
F77_x_end,-0.03634070535225119,0.03972173736319082,0.01695270761543935,0.023667729468074158,0.014825003023093287,-0.0007420252208671879,0.0362545963864833,-0.03133397248371012,0.009311551373451953,-0.04673902507844638
F77_y_start,0.02710181345642716,0.05504777063457219,-0.004096304205464654,-0.02752091079241909,0.016166445824931146,-0.0521114165232358,0.00878003407028306,0.025171041163791125,-0.0038038939925572677,0.0214198507354962
F77_y_mid,0.027225769620286278,0.0556374311226404,-0.004871145380287876,-0.028458191328445685,-0.006984632439703576,0.013500565827020005,-0.030843316712829402,0.018531403872817685,0.06099002155051304,-0.012932964028839486
F77_y_end,0.02678149045042604,0.05385361551775726,-0.007085200463017129,-0.018330559335554802,-0.03573880052661339,0.04400280644154197,0.049457377568561806,0.027862928139307637,-0.020775051171100314,0.0117305006944174
F77_z_start,0.04030351377665913,0.003775202004638408,0.0048536303903645725,0.04957461543379573,0.054217488414442946,-0.06640529327084717,0.004189331658920619,0.03422741838952229,-0.03253295638051529,-0.004611540786098209
F77_z_mid,0.04028057140053387,0.0032913698396976527,0.008752732316774982,0.06106758617527129,0.008306366448181375,0.02184037359302665,-0.0653984503374073,0.017992596502628255,0.04284400708075989,-0.021065514278305733
F77_z_end,0.0401699169478939,0.002004692239403649,0.005143120853977645,0.06532351593082313,-0.011776263826759647,0.05312142412523626,0.0072843070024069725,0.026252668429507443,-0.04825173609921593,-0.02074965153602365
F78_x_start,-0.03699690647170364,0.03780770590522609,0.013837528747008124,0.027286722668410028,-0.03294784546791769,-0.004649934530139842,-0.03094282751450431,-0.02354214177741185,-0.04233552403225045,0.030972665802294064
F78_x_mid,-0.036213945848890275,0.03880550903756672,0.020608874733911,0.03328274470177633,0.004710791525105105,-0.012797389716507564,-0.004956423301055647,-0.02765935737105585,0.008559259211090308,0.008482998470853167
F78_x_end,-0.03600019945301975,0.038777395666485824,0.01994390667007371,0.025527232423293324,0.014561020566725333,-0.0025118844629479246,0.03665766929847295,-0.03500831558088497,0.009331284405776005,-0.047500687058211456
F78_y_start,0.027981281316668397,0.05419232258478234,-0.0037789476897278056,-0.02688255683973366,0.01335971880930973,-0.05333038010085063,0.010549785750820087,0.019183328646479772,-0.004430272790727901,0.02021203240389707
F78_y_mid,0.028156006870834225,0.05486442531169619,-0.004782310632557848,-0.027957405091763567,-0.009721736676318685,0.011504750154252097,-0.02918452889223511,0.012734124348044053,0.059303786965439566,-0.013500417293546787
F78_y_end,0.02775813442734772,0.05301690583917975,-0.006848174750586937,-0.01769871971310001,-0.037726615827549624,0.041827544230773894,0.0485437649904489,0.022021027286964222,-0.020968811007325543,0.011435099077372566
F78_z_start,0.04012940946731294,0.0022391516575011932,0.004713428806115493,0.050458047333054035,0.04730643346141405,-0.07280488678152862,0.010031194398201408,0.036056368812269084,-0.032149289860726155,-0.014544501210059511
F78_z_mid,0.04027585239072573,0.001992001625715634,0.009296550024350175,0.062094636343548136,-0.003469858043489159,0.01571029707763121,-0.06238762431216663,0.022155639672603165,0.04427956327351818,-0.027002626934911875
F78_z_end,0.04008389368351959,-3.3814429279877506e-05,0.005327472381464298,0.06644529515029296,-0.021906527394777664,0.04641767876476546,0.0003438042995504091,0.03086427237708385,-0.04849123236862348,-0.015078830087565801
F79_x_start,-0.03687873633898068,0.03680656069104361,0.01674015255793612,0.02911669717425972,-0.03342093649596595,-0.004499625718788966,-0.03099684315579089,-0.02419098184860063,-0.04251707916755268,0.03130265975102921
F79_x_mid,-0.035856710841970105,0.037582368205376145,0.023745296398324667,0.03547001057910848,0.0038955351136456904,-0.013484295503036032,-0.0051788488428064555,-0.028251640702812456,0.009478339316987968,0.008229876090828453
F79_x_end,-0.03576953492433179,0.03757247489957216,0.02300811376723787,0.027116660303960514,0.014522158624038314,-0.0036553298560521243,0.036675942707239534,-0.03627895528219354,0.009508956423736451,-0.047725063432693685
F79_y_start,0.02920753897282901,0.05293964685231233,-0.002900093321193937,-0.02622179520501138,0.01009712929600327,-0.05414898598090588,0.012131424214502638,0.010907305435208941,-0.0048465114095078855,0.019114147770010744
F79_y_mid,0.0294482129590185,0.05365275334455545,-0.00405525926063906,-0.02719112746400764,-0.012905668405959286,0.008968866285907115,-0.02744241632108334,0.00455021227262654,0.05725293265486061,-0.01382035063570258
F79_y_end,0.0290812999975799,0.051837187273923536,-0.006056065481278699,-0.017078172032128986,-0.039569230030827386,0.038528751680300295,0.047423044078490455,0.013826601063957793,-0.021259715934926673,0.01111948052760405
F79_z_start,0.03947637180507782,0.0028073389927024523,1.5261146203926778e-05,0.050154711250385474,0.04242323272692526,-0.08084031781551429,0.01495567806574114,0.04046637719304657,-0.034640853562480776,-0.025082688793427343
F79_z_mid,0.040024296621281256,0.0028410923342535132,0.0058381748446042865,0.06271834645325125,-0.013079705105849918,0.010103790277204629,-0.05987473279938167,0.031470717481511916,0.04431240338752846,-0.03401470113798045
F79_z_end,0.03952552910996525,-5.777756267824404e-05,0.0014215995205847328,0.06740254170088397,-0.029908782416295545,0.04201878470216342,-0.007404540623126203,0.041162639304263705,-0.04911785573433317,-0.011091526990803895
F80_x_start,-0.036927279609675685,0.035558688395180574,0.019470401966912385,0.0303949103662065,-0.033404306196014234,-0.004108967943468003,-0.030886132489415786,-0.02270363148407768,-0.04199252553582291,0.03126628131254076
F80_x_mid,-0.0357260299672719,0.03613266161792203,0.026580679846067705,0.036884401456487234,0.0034663261441388892,-0.013676348387627308,-0.005331150195575851,-0.02639136926604654,0.010617296634697172,0.007932502093631676
F80_x_end,-0.03575188624374052,0.036127388968563316,0.02582013578445383,0.02812006842682927,0.014459385621773561,-0.004264933204619471,0.036277889942755395,-0.035083676322109035,0.010052946865982324,-0.04726204310042042
F80_y_start,0.030555237403863726,0.05140175345908545,-0.0016961491521656534,-0.025451082792064747,0.006768099836058365,-0.05447415485242045,0.013409813636398479,0.0016545227663985202,-0.005285193537792209,0.018175417458698166
F80_y_mid,0.030832781372833788,0.052148918500292296,-0.0029525529816235027,-0.026135934925312167,-0.01599891571185219,0.006234171876660892,-0.02569617856728812,-0.00464802371613241,0.055000591879789014,-0.013926238000057871
F80_y_end,0.030477631589843374,0.05043946839261865,-0.00491687201136844,-0.016524950646476046,-0.04104287671974975,0.034661991748049896,0.04612717056929401,0.0044567931025985465,-0.02150854953713817,0.011048196017845987
F80_z_start,0.0385268215565847,0.005057506274620079,-0.007243192789442476,0.04839370232285927,0.03821269803532904,-0.08752605688328928,0.017523063812835436,0.04242586254074619,-0.037286788079873116,-0.03286904744955113
F80_z_mid,0.039615547476534,0.005435817769948519,-0.0008635365127020333,0.06177475986926248,-0.020338868485874056,0.006261284963389795,-0.05863241511271695,0.037156786708456194,0.044688107579502645,-0.040295825558544614
F80_z_end,0.038801833404947125,0.0018783593221748615,-0.005302235214254349,0.06689319282054566,-0.036749786473032744,0.03960173589961685,-0.01276981754304709,0.04783788557650058,-0.049933478652768544,-0.008630986241721317
F81_x_start,-0.03704958641635759,0.03442402074514665,0.021471934600470133,0.031085509286086513,-0.033264996122660886,-0.003719783997692811,-0.030631942926106274,-0.020569679261247843,-0.04108575652170543,0.031061782259011836
F81_x_mid,-0.03574312524377425,0.03487540260198866,0.028567871913321725,0.03758329085368315,0.003190224109326158,-0.013624236096395235,-0.005305739675146066,-0.02378315172429128,0.01159660482065414,0.007637859696054032
F81_x_end,-0.03584206896670324,0.03484043104087761,0.02783663174261567,0.0286218341534661,0.014410054599416373,-0.004524746065549952,0.035804659748221355,-0.0330282518362867,0.010780016039824397,-0.04655137954638126
F81_y_start,0.03153748989357247,0.05011315677823502,-0.0009983079796081259,-0.02479516616835326,0.003856783948677046,-0.05447500576965531,0.01422640260369365,-0.00635832077823304,-0.005587254633289149,0.01753207567382414
F81_y_mid,0.031821292506071096,0.05088059457328894,-0.0023061534759747345,-0.02522883262153966,-0.01845929805461386,0.003914814091125835,-0.024143496848358845,-0.012330398415469327,0.05329425844311471,-0.014055731231611421
F81_y_end,0.03145971476712727,0.049289213925372506,-0.004221129803083683,-0.01627369840384944,-0.0420527378403296,0.03121288860893493,0.04505852552055126,-0.003661056231151722,-0.021296323979726844,0.011382460868522697
F81_z_start,0.03647342393727706,0.008729496981497362,-0.018256226463772236,0.04432153801642383,0.030597550867554228,-0.09450804004026855,0.019934579103731323,0.0412260803772234,-0.03989306964702284,-0.042116423314110515
F81_z_mid,0.03825451934982817,0.009785464051165264,-0.012124265952773381,0.058258369853017265,-0.030592278378981343,0.0013226236583185546,-0.05600918021210261,0.04054120037075053,0.04474931149391448,-0.048407212186036594
F81_z_end,0.03713542649484733,0.005435450608600023,-0.016072241619625,0.0640969240508331,-0.04647622574006293,0.03580223475113921,-0.01914690697553018,0.05259352997781082,-0.050156560964816195,-0.004860603265436909
F82_x_start,-0.037389152687785275,0.03363456007942893,0.022207029177791875,0.030557793009097785,-0.03259597194092115,-0.002966283649145445,-0.03040645175975161,-0.016913123752565776,-0.03945267999824919,0.03093981648394757
F82_x_mid,-0.036112823005200655,0.03401493603503282,0.02921997543536835,0.036881313791770856,0.0036009783468684293,-0.012868174711121795,-0.0052047384472658125,-0.01982416832243056,0.012375469368658774,0.0077308707419646554
F82_x_end,-0.036211921669402306,0.033977267448876976,0.028499233767226344,0.02803832587858965,0.014563228384549326,-0.00409344581395734,0.035420474743358174,-0.029276818568861586,0.011621597172898217,-0.04539552652979805
F82_y_start,0.03245219059073019,0.048891350024301686,-0.0006777184475329072,-0.023739134443481306,0.0029642212797159695,-0.054549059319963705,0.013965179280324142,-0.011389960686114971,-0.006049972539084793,0.01705222668866216
F82_y_mid,0.032681600029142895,0.049739333596151375,-0.0020453323134549716,-0.023712103186546835,-0.01939849986444419,0.0026488314857269013,-0.023747975403427615,-0.01723903575639095,0.052458699799837416,-0.014576755205659427
F82_y_end,0.03229601157390976,0.048247984616628596,-0.004009943989173758,-0.015451934539653513,-0.04220114936487773,0.02948465206212188,0.04432717612912488,-0.008786777803279758,-0.02145649692226973,0.011379384896196866
F82_z_start,0.03553958292521539,0.009986603989979975,-0.022525677409587073,0.0416687426324516,0.025818440534966916,-0.09654551030156208,0.020787763423459702,0.03822841922078588,-0.04063099984790074,-0.04561995146449876
F82_z_mid,0.03756750150252259,0.01131123130747982,-0.01659447918710998,0.055525749891895154,-0.03577717510380386,-0.0016082581860633128,-0.053653662597164066,0.038973958743952195,0.04384921202787358,-0.05207800736399386
F82_z_end,0.036366083706706936,0.0067733332171314616,-0.020393254985594328,0.061844518340456456,-0.05117074898039262,0.03295362830019896,-0.02240747749927448,0.051715353139583614,-0.04962311922318101,-0.0025111768933651765
F83_x_start,-0.03774615184910849,0.03612956019950757,0.015547480071847896,0.027581672374909844,-0.030419884149780762,-0.0020201206403673137,-0.03184732912151525,-0.017327609116686772,-0.03999482016870942,0.0317277080633369
F83_x_mid,-0.03685671155767971,0.036830389252656554,0.022453979855808794,0.03361103810565049,0.006873781757350108,-0.011000015270704194,-0.0057664943619667765,-0.02119460132460306,0.009999387344262596,0.008968827463218183
F83_x_end,-0.03675457575887906,0.03690453385152613,0.02161887055344485,0.025562105438883664,0.01680722218802459,-0.0016723270937084103,0.03622743051884465,-0.02936806599690499,0.010594614589779124,-0.04594231098070605
F83_y_start,0.03367416875272385,0.0473904727803996,-0.005285036139995956,-0.020185284495742025,0.006811338553173705,-0.05577020516050433,0.010489792731203523,-0.014005299949993524,-0.008925205707758009,0.016118939742598638
F83_y_mid,0.03374395179294276,0.0484314816586266,-0.006518191030974132,-0.018812425665366096,-0.017310809011789097,0.002548588413370305,-0.025249277844258563,-0.02097360179158664,0.05156817240759325,-0.01663054687746196
F83_y_end,0.033272379067761,0.0469519101513528,-0.008826233721250364,-0.011352620854855045,-0.039914569274408354,0.030087944498941695,0.04409060678239512,-0.011238056511682849,-0.022954765127170807,0.00802596202811836
F83_z_start,0.04158273000000772,0.0035242862344051465,-0.001584676375429948,0.04334475210334869,0.029108017591375747,-0.0789649035867938,0.012311322310809194,0.009748546794452596,-0.03552154296314933,-0.024602312373325882
F83_z_mid,0.04189207012685515,0.003191355538839567,0.0034512319740398166,0.055020822551753674,-0.02341011952975909,0.004763865184324334,-0.052514960156424755,-0.0047921311529768125,0.04012845361605175,-0.04086252667185888
F83_z_end,0.041476219113106186,0.002036480372735995,-0.0016933782351514868,0.059509781982381216,-0.04055918519605731,0.03299262519566904,-0.010446604344448515,0.006182563011099337,-0.049140861146594515,-0.006874189969930977
F84_x_start,-0.03774815954006142,0.0380967660192689,0.010236207086995278,0.024471154831449262,-0.028707743623923775,-0.0018023337221944528,-0.032381160203459124,-0.016597481747624283,-0.04026681216719813,0.03149826084767532
F84_x_mid,-0.03723704292188681,0.03904785837914817,0.01692677611970365,0.029989578042264358,0.009079020541433025,-0.009512928572340089,-0.005937650606077717,-0.020520053670865922,0.008044677551075925,0.009697357887535023
F84_x_end,-0.036907910045201206,0.03919791851405628,0.016158245833126767,0.02292721218055867,0.017648782489313678,0.0005744277398435225,0.03626689010658231,-0.027514210622402436,0.009640202121572579,-0.04598559634714046
F84_y_start,0.03313479785742732,0.048273087669219256,-0.006981117116385279,-0.02039181486952623,0.010378545493199276,-0.05519786956138939,0.0077556890524370726,-0.009456035413632151,-0.009032330837271424,0.017359228985164822
F84_y_mid,0.03322362659718291,0.04916471403363977,-0.008002654727081263,-0.018569368317687754,-0.014305748500258668,0.004486513214443983,-0.02736106904846848,-0.017057441886882477,0.053123041799694834,-0.016503678385546984
F84_y_end,0.03262485600332261,0.047778864237725295,-0.010610978950225359,-0.011243875810392294,-0.03753143244721914,0.03234743762578644,0.04553799644457723,-0.006974470095142688,-0.02283222860564751,0.00744121027709273
F84_z_start,0.04265904244796909,0.0036833530111389044,0.004318384324132867,0.04154359180497729,0.040651947597378134,-0.06343966960974833,0.0009800543595610402,0.0009820071530692775,-0.03473256568098149,-0.004533821161712139
F84_z_mid,0.04233389611557876,0.002805436025810563,0.0079605706639678,0.05282073672002701,-0.002276176046208508,0.015561902707621757,-0.05583505536221696,-0.019116130340571236,0.03600327027944095,-0.02888590135401223
F84_z_end,0.04229614432622132,0.003467033055765897,0.003147043625259834,0.056408683566240285,-0.021168463676635135,0.04295911637398727,0.0030778618772811087,-0.010521412045662756,-0.048227863030820085,-0.016993338015743747
F85_x_start,-0.03819332689985891,0.03829111969938805,0.0072412402696132305,0.02137931387025536,-0.028272949799431537,-0.0024657947550808705,-0.031688492743740915,-0.012246769174810601,-0.039172895153711855,0.02955151316058001
F85_x_mid,-0.03802486698498302,0.03937903886985762,0.013599152551993576,0.02625818026676489,0.009210251445727978,-0.008852936699248788,-0.005467564497712351,-0.014942515612780004,0.00802842480752718,0.009067191331824091
F85_x_end,-0.037584599807488635,0.03950826174578307,0.01307635883245775,0.020183487525607467,0.016294669959988448,0.001571704341282146,0.03471624012800869,-0.02117776873907874,0.010394624273986257,-0.0448426923128217
F85_y_start,0.032107233629012605,0.0499715632130613,-0.0056118193556808325,-0.022885051579257683,0.013052711898366381,-0.05293794005906929,0.0058918494203277745,-0.0022650073338841468,-0.006714192758956838,0.02033901782996494
F85_y_mid,0.03223371932781003,0.05056233919345281,-0.00632618139651812,-0.02083738447106186,-0.0112834446908097,0.007316728309843897,-0.029474348242419488,-0.010415697268501473,0.05620155760032235,-0.015376036324764851
F85_y_end,0.031517786311897715,0.04940950375609079,-0.009185785399272986,-0.013786365674903874,-0.03536902412521101,0.034309223235544445,0.04772117062652654,-0.00031287505058667054,-0.022340439080040464,0.009113383959048121
F85_z_start,0.04164414792832108,0.011317476106754893,-0.005240994600686253,0.036808885642570156,0.05919107367760171,-0.05240467396945955,-0.013598287686614325,0.0018935573543351564,-0.039956334946929954,0.01530285280062241
F85_z_mid,0.04141884293882459,0.010124137778910714,-0.0021787632270846686,0.04856383846446732,0.027570552421761506,0.030377400058358865,-0.06228483670421705,-0.01975413166814773,0.02976123615961315,-0.01716553803232116
F85_z_end,0.04086607642096049,0.01209555592346225,-0.00663709065765384,0.05222590624683956,0.0052197951434422496,0.061922683551075344,0.017223321486317267,-0.010501073543339222,-0.048017429009066526,-0.03244448619843269
F86_x_start,-0.038183945777714196,0.03828072067453311,0.007416817140295192,0.021412810795447133,-0.02868172476860034,-0.002795717150016492,-0.031515613361810274,-0.012472601958794757,-0.039048863663467596,0.02939807420780574
F86_x_mid,-0.03799062304852583,0.03941473016725547,0.013716715529172098,0.026330606706669653,0.00879029279387161,-0.009156778851265576,-0.005244680049151003,-0.015128040956742058,0.008317887806549452,0.008985461405026146
F86_x_end,-0.03757959113948794,0.03948633459424304,0.013200140056265023,0.02025000770103678,0.015863276026030725,0.0013399313304350417,0.034859165996091304,-0.0211836219493269,0.010651110960614262,-0.044659275982971654
F86_y_start,0.03007913230986798,0.0522771212984995,0.0027635472077466366,-0.02532595391690068,0.019528134795090222,-0.04960538342964783,0.0060064591175377526,0.02056431962964388,-0.0044192132367766555,0.02272897190908207
F86_y_mid,0.030047835962663385,0.05307319047007595,0.002324451277126726,-0.024536289571180665,-0.005329179591143216,0.013645225502690947,-0.0330378459611006,0.011087726967717945,0.058406702789210604,-0.011405099937464372
F86_y_end,0.029486486765403077,0.051835535520180026,-0.0007015082247977313,-0.015830480992556267,-0.03283227581129484,0.04212929797368435,0.048623307964280174,0.021372294855207773,-0.025201084373179892,0.010656833984987756
F86_z_start,0.04022428964944736,0.008657992319512697,0.00017782627211831845,0.03955497347242023,0.0732726334148361,-0.04939848094396841,-0.014126383719745741,0.030264605589940687,-0.04085550322167576,0.017386071317719565
F86_z_mid,0.04000549139972737,0.007745110476610282,0.005097360282368437,0.05260836214020996,0.04121104144821232,0.03542558979244454,-0.06782018239033558,0.014599677143986441,0.027543345297574944,-0.008022640457989807
F86_z_end,0.039419749726051265,0.00803054469274096,0.001209701059047212,0.05663672889206511,0.02010715515611249,0.07068633886671048,0.017663574732551448,0.024226380468048873,-0.047689134996113776,-0.037830126394794474
F87_x_start,-0.03769305149900542,0.038171763130551456,0.010285379683245536,0.02458910732509919,-0.029370730502115663,-0.0024069613899801254,-0.03213264991491449,-0.01711040451722021,-0.040236678355985815,0.03131442678615762
F87_x_mid,-0.03715550342874097,0.03918845685566444,0.016939429768943397,0.030129543298546863,0.008349127777581383,-0.010070999668629404,-0.005599729344207877,-0.02096585579024182,0.008441787695329866,0.009587882292688546
F87_x_end,-0.03686271351693342,0.03927506999695018,0.01617141203215278,0.023052134114267677,0.01697740820073912,0.0001486992685710782,0.036500075765972105,-0.02774053016719395,0.00990865886688394,-0.04587389595756159
F87_y_start,0.03095897405464308,0.051133661080450386,0.0027283889363557455,-0.023313125840859785,0.01797200210097694,-0.05181047145325835,0.0079684143576119,0.016972584019925914,-0.0061739431946782036,0.020273950782407357
F87_y_mid,0.03090815770936163,0.052287594367279984,0.0019264362331473353,-0.02290049720415877,-0.00755688971689186,0.011837052117378233,-0.03159944819187867,0.007925257049322548,0.0560600966230991,-0.012018988713350833
F87_y_end,0.030462970852723537,0.05074952729586737,-0.0008736602594522392,-0.0136350210158652,-0.03504881624133193,0.04158469222868496,0.04689720640556152,0.01806364989728033,-0.026171450984258098,0.009570581033668195
F87_z_start,0.04109672343570208,0.0003291174558876451,0.010730043724240731,0.044779117074720404,0.053223915133934534,-0.06156708354108041,0.001844780511797405,0.03069231437313886,-0.03469597953892345,-0.004158535976186313
F87_z_mid,0.040789365459707745,-0.00014854547288566984,0.01620046951537901,0.05716243543419248,0.008582488575368863,0.01908740483040136,-0.06098276267738552,0.016091360799048868,0.03483197466105166,-0.020817922907229214
F87_z_end,0.04071969414088508,-0.0012228073524941335,0.01180099764802559,0.06120407954503723,-0.008234163398500685,0.050563893552033966,0.0023567684024708613,0.025135807946037363,-0.04779602486010072,-0.020995159990825255
F88_x_start,-0.03766118256539174,0.03627138577210439,0.015535109273544767,0.027711505267350084,-0.031006087759307376,-0.002611480081379784,-0.03164590854802297,-0.017893785548388275,-0.04010814874218328,0.03163686442819558
F88_x_mid,-0.036756837929285135,0.03701277053286251,0.02244906208424198,0.03371934650926178,0.0061835796818507285,-0.011530413614970826,-0.005525960584434001,-0.02170235184881931,0.010338752633248257,0.008926823811237257
F88_x_end,-0.036673429364566065,0.03705657321347323,0.02160945000729752,0.02568968689648567,0.016184464781774523,-0.0020433090226144356,0.03647109988570546,-0.029712189855027566,0.01068459191843088,-0.04597421322009167
F88_y_start,0.03201054658212545,0.04980489984935667,0.0024991131660966463,-0.02260961639726217,0.012802114385960631,-0.05314055843868486,0.010836356409089256,0.00699525789456654,-0.006696483478931417,0.018483837422082386
F88_y_mid,0.03201123889592851,0.05103826793477701,0.0014549040123814185,-0.022435726402135234,-0.012169544061515538,0.008328846283730134,-0.028541342139509353,-0.001385885768604856,0.05378472537270231,-0.013037118999954174
F88_y_end,0.0316426027229967,0.04941790285890852,-0.0010087356476840685,-0.013290943697453948,-0.03804414264028288,0.037412663322754926,0.04522533588981313,0.008438196359369366,-0.02579303958682584,0.009567112383932557
F88_z_start,0.04023360672970276,0.00023323333265785445,0.003786757680040549,0.046562798320852306,0.039664594853775624,-0.0786261390303793,0.014095984520530435,0.03732714940083249,-0.035701197794411485,-0.026271847101662422
F88_z_mid,0.04054760783588319,0.0002877646022202614,0.010715775283451854,0.05936923607246866,-0.015230351826353473,0.007138343418127681,-0.056596632802460654,0.02888972247243725,0.03915019238727728,-0.03446439416747296
F88_z_end,0.04009572917383077,-0.002483991909778932,0.005740714923601874,0.06410225171094355,-0.0300329626757431,0.039085459710700675,-0.01181969445314935,0.039295567960159546,-0.04882290839969043,-0.009961791216304824
F89_x_start,-0.037671760399877054,0.03730278926581769,0.012795227305260596,0.02625079228214116,-0.030314446834169305,-0.002492801009079628,-0.0320035201280005,-0.018094383926812525,-0.04028240635966125,0.031643884639033726
F89_x_mid,-0.03694127310660853,0.0381892598651122,0.019608436179619656,0.032074007241871524,0.007221056177741978,-0.010902776349043457,-0.00554816234904527,-0.02205308409289098,0.009376924752298522,0.0092951857647772
F89_x_end,-0.03676176403708923,0.03825788220285519,0.01877143792772044,0.02444119315307012,0.016646919793082127,-0.0011057665579989751,0.036679553337230615,-0.02945948353198939,0.010290107483800725,-0.046065796547026104
F89_y_start,0.03156875497269375,0.05036328592830336,0.002790178053914792,-0.022749533209133962,0.01564743881617491,-0.052597570526058915,0.009426407148647498,0.012364555380608122,-0.006602942331063894,0.01924146316033287
F89_y_mid,0.031534832772626586,0.051603387597342835,0.0018499994655095792,-0.02245453327428627,-0.009767988479452087,0.010159228434786735,-0.030166234250907486,0.003552820320224258,0.05478370581080458,-0.012517893879057542
F89_y_end,0.03113976760271479,0.04999047729417295,-0.0007890675416473738,-0.013176399203583378,-0.03659165219349492,0.03972714228013254,0.04595387845054664,0.01359576330975655,-0.02626637228081504,0.009402433250173536
F89_z_start,0.04080299670846819,-0.0010218966211935465,0.009584016425829291,0.04609709796363567,0.044758600643461315,-0.0699827481839699,0.009147315348969365,0.03349558696648169,-0.0340869641680525,-0.016314662901051952
F89_z_mid,0.04067160723823088,-0.0012034285354168652,0.01574438464446735,0.058418474628723085,-0.00546953942106305,0.011862473231993227,-0.057851076769289966,0.021722228985924876,0.03702496470972833,-0.02776075851986721
F89_z_end,0.0404984117820374,-0.0032124373415319653,0.011003695253054465,0.0627603146968629,-0.020786853441097285,0.04289370919184114,-0.005770898567191725,0.031277517833744876,-0.04797895920530469,-0.013981454427639425
F90_x_start,-0.03795695062258155,0.03828415856440128,0.008725009201151265,0.022893910023474316,-0.028762462419637588,-0.002529024201216781,-0.031880149112780275,-0.01438213595229841,-0.03957471656809843,0.030392432005432988
F90_x_mid,-0.037611327129185704,0.03936375281446068,0.01516837656200955,0.028090310261684376,0.008834501883302823,-0.009446146782242476,-0.005466193051549052,-0.017615155615554715,0.008248676070565732,0.009407119323317543
F90_x_end,-0.03724285163478068,0.03944520325088747,0.014531157444672569,0.02158098388539029,0.016591227114857224,0.000996306435282822,0.03571459378791938,-0.02399782419187117,0.010224377799517468,-0.04522632091208492
F90_y_start,0.030550352437970104,0.05165988684680218,0.002879001414116546,-0.024097055762069115,0.01928180744435565,-0.050673920294201535,0.006843350549583608,0.019548679540266383,-0.005458341821869582,0.021480913206103274
F90_y_mid,0.030487843208844092,0.052680399192443036,0.0022616891599626563,-0.023491010068415967,-0.006078463126842856,0.012978835125801792,-0.03257196349445783,0.010168398110848222,0.05713657728402227,-0.011609018611412008
F90_y_end,0.029997304120382495,0.05126620777993984,-0.0006686250342505898,-0.014464870491239885,-0.03375034193082876,0.04227421803372801,0.04770211940070628,0.020419832375651894,-0.025981191650920613,0.009952813834838451
F90_z_start,0.04101635110290179,0.0035014816619803333,0.008010043914558904,0.04251791693485528,0.06352238637264208,-0.05410604819883173,-0.006382409045298116,0.029737956105807834,-0.03725465655729769,0.007704762023340376
F90_z_mid,0.04065425191757383,0.002724730288229575,0.013144378643298368,0.05530242533607103,0.02518525604700093,0.027331805550711144,-0.06465359456794899,0.014107052185509844,0.031283516949411,-0.01366307344140383
F90_z_end,0.040449693651891085,0.0024867294571133385,0.008989020166491,0.05919250140889137,0.006541471617111077,0.060488563493681945,0.010632023672616925,0.02319203929666146,-0.04777576821220758,-0.029712503279185124
B1_x_start,-0.03883962149754454,0.027105524774317335,-0.021989473344801367,0.027169331602971542,-0.045289481057558326,-0.022008762585623943,0.00041180519116573976,0.00513154589455295,-0.011786251717677646,0.004903018285497235
B1_x_mid,-0.039602345598797654,0.027476081140570124,-0.021034529540096825,0.026906693703554446,-0.0225282930646826,-0.023860532717551085,0.010554879559360037,0.014914758826920501,0.01242756072262165,0.00868264507713171
B1_x_end,-0.03932582916674767,0.026850897739881557,-0.019894086038466607,0.02586632488654696,-0.022371499772901357,-0.020049083488357117,0.01880750353971099,0.0017780737110759442,0.030386178395230282,-0.02074266152901178
B1_y_start,0.028504581814908725,0.011326742937433546,-0.04114689418042565,0.010939622852791762,0.0020846463925102447,-0.011197694469330633,-0.017467657785128366,-0.10087613405569813,-0.03235549480094151,-0.0013216208891792432
B1_y_mid,0.028766102077097844,0.011990585171893829,-0.043364767155937095,0.0025391459504054636,0.0005140027017932873,-0.009246566047775814,-0.021085071941323693,-0.09258038060072843,-0.027476629879729424,0.0072594234937214605
B1_y_end,0.0279536107954097,0.0105139875769287,-0.04510767948772255,0.0009567826000916533,-0.013908612111751114,-0.013563563965044791,-0.0007054240878952123,-0.09144017657501799,-0.028928879712896316,0.013391429577675083
B1_z_start,0.017241342260141193,-0.03629987209497329,0.04892587687061035,-0.0015963616361392798,-0.018647139101084276,0.018415121282860682,-0.01758445326538155,-0.05782220376232279,0.007674125128040187,0.028973772906055854
B1_z_mid,0.018853768902570258,-0.03853289010085828,0.04735826477116519,0.0055287875604282345,-0.017662335357848783,-0.003409253621121093,0.02338277989611202,-0.043807579137048226,-0.007704909340326353,0.01962687215713551
B1_z_end,0.016990396826926827,-0.03534479769049119,0.04508313364906529,-0.004327575691000251,-0.0012580115376839066,-0.01546001525854867,-0.01568074766516553,-0.06513608899336545,0.011949013462360521,0.0148831067200556
B2_x_start,-0.01733867509434303,0.0081746630914213,0.07165034184177743,0.021023885095353252,-0.038359140720308445,-0.017178018335301838,0.0015888196904706904,0.006599346855979948,-0.014203630574483738,0.00042898381745200384
B2_x_mid,-0.0162605937439151,0.007907946718380847,0.07385253231483639,0.021603215462719955,-0.022336911476076658,-0.01921426041525616,0.0010025477724149813,-0.0006670467587837404,8.995516365743632e-05,-0.00416243288131479
B2_x_end,-0.01560099472521489,0.006829403324935599,0.07391511774098698,0.018681077167411023,-0.018249389849399788,-0.011743412041626225,0.00947493054514351,-0.006692377571213962,0.013598808982989864,-0.01432422562197925
B2_y_start,0.03640932480529171,0.016872680409338182,0.0021821850099210415,-0.03649108660885219,0.0038273031430113946,0.005140235907630489,-0.010915178021234238,-0.02864701258761969,-0.040207449340752384,0.04271859438900638
B2_y_mid,0.036687290836148766,0.013962844626895921,0.0004767070064983304,-0.04108452297090217,0.01733305881153313,0.006077347729702252,-0.004469748988208672,-0.013420375006007165,-0.019842801651121914,0.033592789732764215
B2_y_end,0.03563459898154512,0.014857307843063114,-0.0016577347686160687,-0.03779299434567289,0.0025228257830276647,0.01746562281728472,0.0020985330987220996,-0.025318324252843572,-0.010930522755567855,0.03558229106187388
B2_z_start,0.020454348430408713,-0.0398374035434313,0.04733991614718738,0.001230928841975602,-0.02151165007546467,0.003789729454692625,-0.0024130052094121102,-0.04197688402906276,0.005644747918994909,-0.0008292760984573318
B2_z_mid,0.021366250726274304,-0.0408518045507064,0.04571793348256172,0.005450872188110938,-0.03111808957206915,-0.007859079985571117,0.013326233507700324,-0.03720118668051579,-0.014172970786162739,0.0032729654021999136
B2_z_end,0.02004606104926932,-0.03928243607814832,0.04411873796540671,-0.0005517369961961711,-0.014050071563165028,-0.026089066598855116,-0.01828599806478776,-0.051393772941632165,0.007616543778482846,0.00883857058811661
B3_x_start,-0.03971126019435509,0.014165972039064353,-0.01443193027777024,-0.005419020662084188,-0.03436518762255734,-0.008069220650952095,-0.011828025128560028,0.06462349991804617,0.0025461245429256396,0.014148653892780368
B3_x_mid,-0.03959925946143558,0.014660611842670779,-0.013163321127995585,-0.010365473318767268,-0.01032528543172533,-0.017486908563717065,0.003614659487087723,0.07221989285820749,0.028580029155339262,0.01622092874012094
B3_x_end,-0.03877503165800639,0.013058681049690189,-0.01098472531316184,-0.008089631594286648,-0.012272131504668484,-0.005895369246956754,0.004265737653721961,0.07000435886290576,0.029085502864527376,-0.011293648134689126
B3_y_start,0.01849623895436721,0.008615239069874757,-0.04869646881057326,0.0239482509856293,-0.006045500172671319,0.002956211500627807,-0.017456751611685382,-0.12237804948467586,-0.021823834024997154,0.0019833240270471604
B3_y_mid,0.018101037751529575,0.0040432678187859675,-0.05343772366398157,0.017793677077323298,-0.00984666460454119,-0.00573699391315643,-0.00042249657919952397,-0.10824734693109853,-0.020279610790877728,0.010922658741216182
B3_y_end,0.01818471265276346,0.004874958628255923,-0.050148386388852745,0.021731036404793062,-0.007335065105119147,-0.018756839530276362,0.010063270528141485,-0.10448509337516039,-0.007967628354442959,0.03379510509296703
B3_z_start,0.017799465330315813,-0.01730607698897378,0.00754480682227407,0.05093763722932095,-0.014491709497411784,0.01591064780855215,0.02155034288243313,-0.06343150781526474,0.05498031539592335,0.11278601409037864
B3_z_mid,0.022063768789195103,-0.025782536958375138,0.0024694940365604266,0.05880565912770824,-0.014022891880395771,0.0027147529178510707,0.0828986515564688,-0.004093620833769365,0.04058799676203089,0.10415007853983714
B3_z_end,0.017394443667359195,-0.01773120007877292,-0.005654171603068547,0.05470705745375132,0.005487551433643784,-0.014282277155514445,0.05327521699613758,-0.06665960728495762,0.06680893262236004,0.06780356914962173
B4_x_start,0.0011263031913310237,0.005197918314480344,0.07478346648721572,0.008983098107815,-0.03401525301180586,-0.013674276571448193,0.01223575353410226,0.006770252361468733,-0.0025842997571291415,0.0036638683215822043
B4_x_mid,0.0006106751781231155,0.006275858831381271,0.07346610625608314,0.014134298370663068,-0.023402759191326325,-0.014111685054164545,0.008991716548506584,0.002904830549227625,0.0018227275330063271,0.012591055297626028
B4_x_end,0.0007371066759703795,0.005263370617311488,0.07554952757404891,0.011378244125799668,-0.016623249745582654,-0.006376847186570114,0.008710617728283375,-1.4554093233527972e-05,0.02546416372732069,0.0089896747994912
B4_y_start,0.012074102703114424,0.013160885396410221,-0.05970974672325825,-0.00016353336875219698,-0.01276429884579893,-0.0018261468432017808,-0.01147700293037018,-0.06768208229411334,0.002666726022049963,0.04685231330691789
B4_y_mid,0.012539194068139919,0.01084784195641616,-0.05763057883943146,-0.0028780394547597322,-0.0007177027902763732,-0.01340214187553382,0.02675716322070738,-0.024385930158506753,-0.0023288302654051753,0.04184241376325331
B4_y_end,0.012613402438327731,0.014626779855570897,-0.057969975786206523,-0.004602219422133025,-0.012671732211169259,-0.007044819289616792,0.01708460502346037,-0.050059541761490196,0.026352171268527264,0.0047533731765336444
B4_z_start,0.022649458758665364,-0.033576218562890045,-0.0015823847556253466,0.0646555085258391,-0.02350484751558637,-0.005353991294846452,0.050148069260246154,-0.04726922839474207,0.050214886550214735,0.04765610185940458
B4_z_mid,0.025421378763132652,-0.034972707974584856,-0.0007371891165554462,0.06496535359592222,-0.0351404309871082,-0.001776840260096319,0.0684084069304185,-0.0028919856527763327,0.02825648239722453,0.06636917463113264
B4_z_end,0.02231590052567864,-0.033210958265042,-0.007534085548493577,0.05932810508413109,-0.019055571480090693,-0.038410998397551244,0.0313000209133692,-0.060039829633928,0.0634211696994923,0.02338187177311267
B5_x_start,-0.03248507785472629,-0.00559716598059674,-0.007863566889015799,0.01014660526387892,-0.04277230432056665,-0.005511139414562089,0.003146769055638547,0.07860033751215434,0.02194335860663287,0.04681303311649154
B5_x_mid,-0.029936987264368466,-0.006520169294163424,-0.01328573147412378,0.003287264640803177,-0.01906649644743463,-0.022031162903610957,0.02696458087469568,0.09042206167521219,0.03476260538676142,0.0570367479186504
B5_x_end,-0.03008182954141792,-0.00467400133175498,-0.011410847581520002,0.0027605207908269194,-0.023533164044820643,-0.012550856264098508,0.004078367662333827,0.05902986689185376,0.05636495117418679,0.006295976100566466
B5_y_start,0.016242226087041466,0.0008242001056739374,-0.04784319919304516,0.05085988856823095,-0.01447260247734933,-0.007412711297374192,0.01259102461273465,-0.08783039946238244,0.002846197106175388,0.04434351309616855
B5_y_mid,0.01718013078143794,-0.0024115974414405466,-0.053418566703993024,0.03975976827449442,-0.02055018082477917,-0.011723142627101465,0.04477884908662982,-0.046343433114751045,-0.004180919623535809,0.06902147808496643
B5_y_end,0.016487867785415822,-0.001130341639150626,-0.05256676562948191,0.04216461788869822,-0.01263980880820589,-0.025861418737803166,0.03395149753460944,-0.07704800759384849,0.017418427012369155,0.059647151493923425
B5_z_start,0.0072229839856960045,-0.004657218554746839,-0.00023858071070621587,0.0585921106624919,0.004327647185756281,0.012408964604244016,0.05044108840492679,-0.0029109846226461292,0.08845869203358527,0.12535449543543775
B5_z_mid,0.013185036362605176,-0.01392473229107025,-0.006800595365598392,0.06975298431165664,-0.00215977815612079,0.015231819426401,0.09296296002154465,0.050822844856045934,0.07371690703014523,0.11440016042283335
B5_z_end,0.005820749360343523,-0.006614703123566698,-0.01396188125158378,0.06816814886623607,0.01617067891108931,0.004256038322997052,0.08758031986794905,-0.0002831775301858322,0.08658491576317291,0.0713920059729236
B6_x_start,-0.010611357290667532,0.020321856582777357,0.06696146071801375,-0.017439252642492034,-0.017235511007700724,-0.0058024674706448585,-0.0003093861913025907,0.02600132357055194,-0.007982470428898427,-0.0007571010416026537
B6_x_mid,-0.010593499917982483,0.022340490163451295,0.06557775533519711,-0.011207537267893534,-0.009561851519766825,-0.009136004435837577,-0.0005905994546688362,0.012677670468698032,0.004973580557363347,-0.010896701402490178
B6_x_end,-0.00972826750901823,0.01846173613536348,0.06837943321041823,-0.00850931785339436,-0.008290035075804534,0.0071881634968043034,0.005529966379851353,0.02964888947988941,0.017548349087166855,0.008058914290112898
B6_y_start,0.009943904141023497,-0.008873852256048408,-0.05807123137049266,0.04501901936325501,-0.013365814252199723,-0.0027553341839785493,0.018982238113189633,-0.0659623209870636,0.041750562768822656,0.0556148479474149
B6_y_mid,0.013072201355403676,-0.009995755295235609,-0.058546889236423434,0.04286474590065662,-0.010586309154066035,-0.011506986446967463,0.060263037355541595,-0.013531787452149495,0.03216264099974319,0.06443048463258838
B6_y_end,0.011307676600903574,-0.006706883739819736,-0.062373934731436154,0.03649925183207481,-0.004910333517211993,-0.02437602589018792,0.03503306515914279,-0.05617019949061291,0.05152598008716627,0.00988517266271802
B6_z_start,0.009455488911927832,-0.013467279004738158,-0.01741513078790499,0.08189880686442277,0.006353957876254934,-0.0016686972793867549,0.07516059354726531,0.009531812463270534,0.07598870293485946,0.07370013159688686
B6_z_mid,0.014551672419177361,-0.015473000834734817,-0.013700980088436175,0.08699695858553559,-0.009484493034973715,0.017655485805958233,0.08597943822956454,0.05130978767822353,0.06405145062508699,0.07850407943344453
B6_z_end,0.008133359843441771,-0.012627907508124578,-0.02210089703725763,0.08301812651267562,0.001439403760530482,-0.009380944384207567,0.06897102046549976,0.002045967024920198,0.08810541199778116,0.019827123742906856
B7_x_start,-0.028697770579331955,-0.010217619242312482,-0.008646342428257753,0.015223583655760426,-0.044280152361236454,-0.0032884276406548313,0.008550458384694542,0.07416709573274287,0.030589878634366966,0.054941252519602364
B7_x_mid,-0.025893802403549743,-0.012203147780949455,-0.015387782195397782,0.006858306385405309,-0.02082705251805598,-0.023762851147796853,0.03567855935761273,0.08754826649411639,0.0379916316251246,0.06742309419239487
B7_x_end,-0.025731128879777444,-0.009299418412154562,-0.014061214343088229,0.00810011908398321,-0.024662659188990837,-0.01413554203177955,0.006831301602661458,0.04849575809568191,0.06380289681186956,0.020010869199308296
B7_y_start,0.01593177830314421,0.0004357964781538102,-0.0459092350953319,0.05265710764750229,-0.015129681461713567,-0.008410917884416894,0.015165269658539362,-0.08281135939653604,0.004505345816131534,0.04653561409551385
B7_y_mid,0.016975167526851142,-0.00282670506896198,-0.051734355520018,0.04118407515400553,-0.02083185386226337,-0.01237078502359897,0.04799407596362361,-0.04151111781861606,-0.0016256925120977119,0.07288077919879286
B7_y_end,0.01627967391649149,-0.001112179474166393,-0.05142443012250409,0.04341520492041659,-0.013466823001075923,-0.026274640439349146,0.03584347552396,-0.07337794437777048,0.01775947467374721,0.06285241379265927
B7_z_start,0.004771407125430014,-0.0029960020542953627,0.000614329807372859,0.05779734350383884,0.008421270427817162,0.012251369346003708,0.05329377763093587,0.009457315267041747,0.0909361513216184,0.12360210584944775
B7_z_mid,0.01084766925630724,-0.012284091210327792,-0.006429139060222168,0.06986363007150799,0.0008395105755347605,0.017677011186723518,0.09171126214078924,0.06064530034166655,0.07830761345293978,0.11291150725233003
B7_z_end,0.003213851528098611,-0.004925478708716829,-0.012898768017010662,0.06848222919421681,0.01784531680774393,0.008948863624100255,0.08957228172620618,0.011685878684578791,0.08737942257463828,0.07007701268402242
B8_x_start,-0.011716251598738712,0.023201400837137686,0.063820594562787,-0.025177723931721303,-0.012003938640597357,-0.005190082032629813,-0.005112417283455401,0.03272236571367244,-0.015224851058372244,-0.008112724006388792
B8_x_mid,-0.012155720170144657,0.02493617963375946,0.06262695748748597,-0.018308959480292965,-0.004467775090691239,-0.007393388035588497,-0.008268545623149996,0.012457087132951494,0.00012150081023771772,-0.017652180079671037
B8_x_end,-0.010768976563964987,0.020899441523735348,0.06599454475004374,-0.014289345217326482,-0.004676853921180544,0.010457207361288193,0.0010690001411782788,0.03576895465948331,0.009042466950044707,0.00507923961726881
B8_y_start,0.009673765204931583,-0.010541492280676003,-0.05742523205528551,0.04794746725342988,-0.014442053513712397,-0.0029188434443803753,0.020683790259453046,-0.0635829099800662,0.04339634034173786,0.05513407947642017
B8_y_mid,0.012971628466172093,-0.011830142798340087,-0.05719661922867864,0.04592988606960885,-0.011678203731479719,-0.01119970020230344,0.062126534346607025,-0.011234372847250502,0.035626187707615956,0.06530445858414628
B8_y_end,0.011081613288875355,-0.008611514280456312,-0.061596942797047145,0.03918805860452683,-0.003972496373133275,-0.02589361572085892,0.035852407312928,-0.055950060499772296,0.05458414334728299,0.01003623559499022
B8_z_start,0.006504595988554431,-0.0115300296688183,-0.01716017579127384,0.08079946737914977,0.012140519120033727,-0.001231071957039246,0.07803317083143246,0.024804925628604833,0.07961771600192871,0.07253212468896826
B8_z_mid,0.011722218201855053,-0.013566164304511207,-0.013751181047869189,0.08723244312917917,-0.005213567827955492,0.02092043999077543,0.08430046728937837,0.06309051879227977,0.06968611726903852,0.07667365801570988
B8_z_end,0.004864970613603942,-0.010545123219854858,-0.02128104065142461,0.08256217735737142,0.004923308246254278,-0.0033350389964033104,0.07168244075969073,0.017243470998326755,0.0894809141910052,0.017603545961275443
B9_x_start,-0.029415663849154863,-0.006415493201792994,-0.007406775487899062,0.013247568577835094,-0.040675558768304726,-0.0014866739757144678,0.006343001081657197,0.07485218143570498,0.028821661453375953,0.054699520898522945
B9_x_mid,-0.026755530659208562,-0.008053772182180625,-0.014108118062189905,0.005019150721996877,-0.017190214652636742,-0.02439665117035534,0.029997711861013913,0.08904926089232296,0.037723128659386804,0.059281269195112014
B9_x_end,-0.026826480431425284,-0.004386072017371802,-0.012573667776466148,0.00591027518626802,-0.022418479961277736,-0.012000987756772033,0.006846692810813397,0.04885038215213905,0.061111630727436764,0.012721443370633146
B9_y_start,0.015892621571804686,-0.0008726288179535816,-0.04364034106711176,0.05397683887355325,-0.014633690843331097,-0.005978613736014212,0.018129766170635424,-0.08186504369711692,0.00935497514518282,0.04985692675775479
B9_y_mid,0.017007643603721187,-0.0033809524771340476,-0.050524072949241564,0.04267909811444803,-0.021399004676703828,-0.012457542800994812,0.05222263803479514,-0.038277249207867334,-8.951980273381875e-06,0.07715237933162128
B9_y_end,0.01631244357909749,-0.0018713500100246622,-0.04987497176588766,0.04470661725866621,-0.01345980332225448,-0.026526720183937504,0.03854690001998356,-0.07193507615933592,0.019860541731931507,0.06544569378780032
B9_z_start,0.001748141922583156,-0.003572976869847521,0.006169481893603082,0.05387413667419149,0.013810241113691946,0.015470183365708347,0.0538956141139833,0.02340510231878051,0.09484720843191288,0.12202723698984919
B9_z_mid,0.008265012190180386,-0.012875989896064388,-0.0009546648435293784,0.06841860814806679,0.00480948440195644,0.021771684439294763,0.09026933988209379,0.07151784108635774,0.08335657050809882,0.10762281716444168
B9_z_end,0.00010190074452274097,-0.005605838595175382,-0.007092024212340612,0.06582547462098279,0.02291167628912729,0.014175099307816649,0.09123876366074005,0.026114898350330436,0.08913089976033556,0.06358841873404783
B10_x_start,-0.013729148849676782,0.021196592128465353,0.06349633476000323,-0.019534216200482533,-0.015106585380049112,-0.004061431787088992,-0.0023248007711379063,0.027371245150370753,-0.005605029408523605,0.0011346376166038845
B10_x_mid,-0.012610406746280238,0.023339897100188047,0.06157918361268489,-0.011462803214126951,-0.005631893711802564,-0.008695331978449702,0.003273270929891617,0.013840807565093063,0.009127929548535115,-0.010527358426864983
B10_x_end,-0.0118438859737854,0.018869404412548446,0.0642635456335455,-0.009394378251145032,-0.003904780280078183,0.007285622932797623,0.006506053067717275,0.03379840885564005,0.016936440452016446,0.006791303996628407
B10_y_start,0.010131022793663095,-0.011803479429012024,-0.055857641594363606,0.04968725000338814,-0.015310771627743892,-0.0029416200901261165,0.02248392249277669,-0.06607313729166678,0.0450373236935812,0.05572151727798395
B10_y_mid,0.013555126067361329,-0.012609473517028054,-0.055281542994154616,0.04908623710996813,-0.010304686217943275,-0.010199219236812477,0.06473235663176367,-0.014320347174960406,0.037811641960805956,0.06417353101055433
B10_y_end,0.011405991598971628,-0.009635995341537388,-0.06058714215440953,0.04099333292864276,-0.004242926536438857,-0.025764199927265613,0.036528614467251495,-0.057890677325695215,0.054443317971029595,0.012159020247767799
B10_z_start,0.004218399044917382,-0.01101998498614169,-0.010385590080421912,0.07840477181389283,0.01818567736357702,0.0005506027505493187,0.07976219167915584,0.03830286721876948,0.07926106301246277,0.069015898801608
B10_z_mid,0.009663422477479706,-0.012787464483519662,-0.007155823070828797,0.08652889802175426,-0.0015012131352931486,0.02505344411948392,0.08197962395771725,0.07116810139932422,0.07218938661641681,0.07022773554209305
B10_z_end,0.0022192213987538524,-0.009956956025984337,-0.01353848626912701,0.0818569411694172,0.008075443172666022,0.002908032575656655,0.07154219204300506,0.03128597433585635,0.08881768375668829,0.013764716069646634
B11_x_start,-0.030351621260769332,-0.005150877639898608,-0.005520394196802591,0.012272561877485745,-0.0435406079200394,-0.002923025405388197,0.005783171360031771,0.07703239975894825,0.025488835429814654,0.05303712729045477
B11_x_mid,-0.027868185996153472,-0.006970518996877724,-0.011337585836154206,0.00519652052388042,-0.01779488237574696,-0.02476624063783843,0.028280197258647284,0.09088878810968119,0.038835311553697606,0.0590612361609906
B11_x_end,-0.027675981933734703,-0.004309852321097444,-0.00947726599588727,0.0068823078780969995,-0.023080132346028896,-0.011946435896491834,0.008353585001485354,0.05541615864542585,0.06137143544019388,0.00852737803616847
B11_y_start,0.015876041609082153,3.255074565616224e-05,-0.04467037469916215,0.053442156849478666,-0.016167683252644564,-0.00669701182141756,0.01762373172464356,-0.08018066016694606,0.009625029715799906,0.051585298176072596
B11_y_mid,0.0170630223640769,-0.0030373887192186194,-0.050755411363928124,0.0424149984512818,-0.020888240772192368,-0.012210265651094844,0.051954237761544175,-0.037996375450139834,0.0004712268440007716,0.0772924669263904
B11_y_end,0.016661355334443823,-0.0022836919003132146,-0.04965266589692463,0.04587348521250798,-0.012463527767105685,-0.024950919509742427,0.04120857442325271,-0.06897568991390969,0.020275325439829333,0.06393387534832125
B11_z_start,0.005735126163755496,-0.004564981732728286,0.002163077388185891,0.0572430019399916,0.007125610786911282,0.013484730549082509,0.05165126810782209,0.004756446266919972,0.09091216361621257,0.12492673658189359
B11_z_mid,0.011912736962687654,-0.013895688123019695,-0.004605334560401898,0.06960144785066831,-0.0002592125589200295,0.01722535309904764,0.09261110504263902,0.05695450430018872,0.07673459587044526,0.11281218937105514
B11_z_end,0.004263979359823641,-0.006638670193563385,-0.01149002613400105,0.06769159926338139,0.018502839667840488,0.006965832904096742,0.0892513690015458,0.007607088668948259,0.08780807206170667,0.06920751669159553
B12_x_start,-0.0139213766220921,0.021107332545626974,0.06379215148467891,-0.016382026594605623,-0.01581484772194705,-0.003842943296885403,-0.0017600893779024355,0.02829718636111045,-0.005523503155425551,0.0029654349363159678
B12_x_mid,-0.012422595564187957,0.023422099617502322,0.061726608063924354,-0.009703746465767864,-0.008339222176064646,-0.009362516009179518,0.005233414366190063,0.014529040451180331,0.010213608945392747,-0.00910861044363583
B12_x_end,-0.012041101111357328,0.018476284193445998,0.06473353376696293,-0.007413138477506436,-0.005434032493185581,0.006702212797506282,0.00822177332741398,0.033183207643890475,0.019123196958654564,0.006710034738403079
B12_y_start,0.010228715061359195,-0.011346861059281378,-0.05631646064536374,0.04936159354088407,-0.01506281795595605,-0.003070197951618664,0.021990988212953637,-0.06576395216886294,0.04475132747337626,0.05536537680798446
B12_y_mid,0.013638885405705469,-0.011958172043340922,-0.05547739239679779,0.048656100815955484,-0.0092171771942731,-0.010251482581812047,0.06471476682315509,-0.015616782448684823,0.03811809116622691,0.06232209588920129
B12_y_end,0.011492410160110413,-0.00910743718931387,-0.060754687428837065,0.04008117143213422,-0.004157346004215029,-0.02545911099087743,0.036095877995822666,-0.058335270593820786,0.05360725268926882,0.011520636181171991
B12_z_start,0.008002344960089648,-0.012636446376246497,-0.01512433033369783,0.08166209992422985,0.009729582757108607,-0.0007403950490827708,0.07679352017919261,0.017216501864869768,0.07699026140546696,0.07348583885154329
B12_z_mid,0.013275146627800598,-0.014568363545891123,-0.01144105528741444,0.08742007382810138,-0.007215744206550762,0.01985110229207868,0.08584028605525823,0.05681885604952736,0.0663945469359355,0.07671446298938647
B12_z_end,0.006493324686680554,-0.011683228354279864,-0.01937672945791019,0.08349120366411511,0.003276502002426144,-0.005929889138346427,0.07022465853991341,0.009962995535617261,0.08903632491179175,0.018288089630323287
