,PC1,PC2,PC3,PC4,PC5,PC6,PC7,PC8,PC9,PC10
AU01_start,-0.01621670673960019,-0.0009631524311315272,0.011669976533110322,-0.023000690697758758,0.03160943577397153,0.027538854141846276,0.01614622558153004,-0.00607488489951067,-0.022554304301753734,0.013224967947707613
AU01_mid,-0.016040233694928484,-0.010854376324377654,0.009604582256539592,-0.02203503431451554,0.020366170323420953,0.03556749831733966,0.015897945948111152,-0.0013195382861334653,-0.031937965083874975,0.009253944034541136
AU01_end,-0.01650582249103305,-0.017980510629007955,-0.003161283528054884,-0.027629977424836565,0.02114503346639081,0.02559704997532134,0.020270177341756315,-0.015366666814355999,-0.025336010918799157,0.005245123563115557
AU01_mid_minus_start,-4.364330525338885e-05,-0.012900184771927184,-0.0024934802458073365,0.0008698990662234916,-0.014111935432510688,0.010922282774578984,-5.107801916252953e-05,0.006091678749011981,-0.012603207717026907,-0.004949456074860362
AU01_end_minus_mid,-0.0009335226487673052,-0.01067115687966465,-0.01866869742424744,-0.008586540533611877,0.0014619671225794659,-0.014148081190755165,0.006689677632284802,-0.020725652916197507,0.009238904710307983,-0.005766313728842371
AU01_end_minus_start,-0.0007991582328232893,-0.020431742931679066,-0.01745797674759937,-0.006192584246274381,-0.011665477860484158,-0.0015599342641755027,0.005395397927294475,-0.011310928953645234,-0.003964765656595646,-0.009199315729811666
AU02_start,0.009241800488910103,0.001336900565158325,0.011042548845072624,-0.019545945259623606,0.021135146595895236,0.027386501756900113,0.020850022432514687,0.002471190988150276,-0.023671896447269206,0.026785753421765243
AU02_mid,0.0067360292528325545,-0.0069583333588891785,0.010236434289725805,-0.020737495624783532,0.019476610500899452,0.029502888993084956,0.018968678965335422,-0.0026960087009088953,-0.018154329794094815,0.02343994610664676
AU02_end,0.00936925524788417,-0.012214218419569768,-0.004649125784205527,-0.025418501485880728,0.020386014206577045,0.023277410137399084,0.023514248509803937,-0.0069806332010944275,-0.02082674463274077,0.012655564026287997
AU02_mid_minus_start,-0.0028935254316591504,-0.008570538227563993,-0.0012089618124262991,-0.0005508446117282244,-0.0024327710658630748,0.0012310207781813408,-0.0026519089240429256,-0.005395156625676829,0.006485868234159183,-0.004361411013689997
AU02_end_minus_mid,0.002952227353371211,-0.005573528413516545,-0.014312259242775204,-0.005679138181679166,0.001863191832603257,-0.0047450569119947454,0.005457328938075201,-0.004397157475598342,-0.003552896527581981,-0.009580826343060666
AU02_end_minus_start,0.000271255184781341,-0.012672027443577403,-0.014517706472907675,-0.00582229115866698,-0.0003544543291783464,-0.00339916954958262,0.002838320200996302,-0.008813378880678843,0.0022762140774160756,-0.012796293202610807
AU04_start,0.019183456938857507,0.0035065576209930317,-0.01347153737443574,0.0220074197037226,-0.008020005024173979,-0.0041323081885452,-0.009005965793264408,-0.011670196976042138,0.019965923269431803,0.001444726901256729
AU04_mid,0.022411365646644418,0.0038242336328604284,-0.0065874931038840175,0.021299223618353572,-0.006513102948730478,-0.006603369118586056,0.002053842109726576,0.007775649011132963,0.014737496233819378,-0.0005456439716131976
AU04_end,0.0179544062157884,0.0068414326727525955,0.0008136438206016287,0.028382601160031752,-0.011334132618827767,-0.0044860467374028615,-0.001612219462501004,0.0025214947960098847,0.0061808227049638415,-0.00511591622159552
AU04_mid_minus_start,0.004289611852747036,0.000525187998842682,0.005686812645173445,0.0007275237627297083,0.0009220557267802897,-0.002612118241194793,0.009940707568484008,0.017743262742444428,-0.0036995451130807768,-0.001800176717091917
AU04_end_minus_mid,-0.005978191284041289,0.0025340950286007516,0.007487878439890112,0.00496789299049312,-0.004017040984332193,0.0025179657415754946,-0.003612722320238482,-0.005562560550025101,-0.009224147305102532,-0.004256396727000888
AU04_end_minus_start,-0.0013290667752214522,0.0029977026598263273,0.013152963990162253,0.005562987956078713,-0.002929376377867742,-0.00027678515884016394,0.006830003619987502,0.01304811928672213,-0.012768819950560404,-0.0059887150077374525
AU05_start,-0.009034445794383372,0.00533066737261668,0.0047991475640064485,-0.016959244767724358,-0.007237797061424021,-0.010842401769930189,0.0012977616689592599,0.01314040783602869,-0.011111310980194295,0.008524664328340608
AU05_mid,-0.012541551114372261,0.0007135860502508914,0.005653046122164336,-0.01965166521624642,0.0002556308032373195,-0.012802849313424304,-0.0038372179013565245,0.013693025849538276,0.002680770758096577,-0.023201910370263604
AU05_end,-0.00994604772747355,0.005493915610791515,0.008713971422085333,-0.019891228534440746,-0.0073689433184527435,-0.011266545108425258,-0.0017253067049107494,-0.006109996749750405,-0.0018722296703455566,-0.004503744943304033
AU05_mid_minus_start,-0.0026840010826002215,-0.004219643183762028,0.0005499363444534199,-0.0016612135642582585,0.006792073537084104,-0.001269592884391388,-0.004508481037754826,-4.384487730472996e-05,0.0124131483006405,-0.027875915134815032
AU05_end_minus_mid,0.0028587148544019936,0.004000440786752418,0.0022855844611248313,0.0008413163342363782,-0.006454683940494661,0.0019777993146670764,0.001987899531338507,-0.01745648199504481,-0.00398867057522948,0.017028132484589648
AU05_end_minus_start,7.381822312188812e-05,-0.0003283047872048436,0.002568292118918998,-0.0007892925924775769,0.000514553021454039,0.00059775657789777,-0.0024079016594319943,-0.015746964752150868,0.007965380625911234,-0.010626049597329117
AU06_start,-0.015287893951704015,-0.005503551017386608,0.0012178474360808357,-0.010971793447755977,0.010579749854735383,0.0066177123592522594,0.005083396627300494,-0.01810206972004597,-0.016950929355285804,0.004315107953095434
AU06_mid,-0.015783428851510493,-0.013165192204086356,0.009814298248090145,-0.006528676314884512,0.005628923895305299,0.023273158616199042,0.008224824432608926,-0.009825111445735937,-0.011975998411181682,-0.00500991634750327
AU06_end,-0.014026616201276064,-0.005730281891435949,0.0025652638409045868,-0.00892169806025236,0.01200457416642078,0.0026156784458082533,0.0125289154737555,-0.008573061237345766,-0.004194459974116915,-0.0063900149970019995
AU06_mid_minus_start,-0.0006230704581416807,-0.00773715242773828,0.00864045660915167,0.004370568546805956,-0.004883505826702107,0.01677568330445539,0.00319560865886304,0.008161005590100315,0.004855372969924191,-0.009326463920417824
AU06_end_minus_mid,0.0014312496897841691,0.007183775720906714,-0.007067658415494248,-0.002538360819431593,0.0065157125779554065,-0.020239236319230417,0.004491600192587436,0.001049930817907212,0.007556571891650117,-0.0014900668005690529
AU06_end_minus_start,0.0007265331526271598,-0.00034256009901366386,0.0012269407653241998,0.0015373718363691162,0.0015361025146618868,-0.0033813063517206835,0.0067375141527474865,0.007990795612675208,0.010884320704385433,-0.009388581368917726
AU07_start,-0.004241111865551346,-0.002884179946312219,0.0008836460027909161,-0.0017426739214565954,-0.007898606667379444,-0.0034305817445361973,-0.013042509359783261,-0.009050494467529436,-0.0012845670466864125,-0.017162074481404863
AU07_mid,-0.006168529210148664,-0.006816847932381985,-0.0008287972891765195,0.0003882509877463201,0.0014798537561916231,0.0035147303268511943,0.005216483399928116,-0.0083499443384083,0.0029685850451736497,0.0031566275948232687
AU07_end,-0.0022253446101401643,0.0026526442581643393,0.005862675537965347,0.0019417348807367586,0.005010797081703062,0.0029557079790068063,0.00014658658156064557,-0.002263198387199662,-0.0038929673976332404,0.0015520431704869133
AU07_mid_minus_start,-0.002000812874635447,-0.003473511330136287,-0.0012866943792274638,0.0015332594882676391,0.006723904620786206,0.00523474343163016,0.0133372986961817,-0.00039068641998763815,0.0032917875314341636,0.014562304926777257
AU07_end_minus_mid,0.002940210830648176,0.007060867375907947,0.004989454685765439,0.0011583455076889222,0.0026328257135238486,-0.00041683150256340516,-0.003780336719615067,0.004538543888893506,-0.005116273482950232,-0.001196448297934865
AU07_end_minus_start,0.0011767674728288724,0.00415739498986761,0.004105569668230961,0.0027851207093877823,0.009569283992355892,0.004784260229220658,0.00925176729760563,0.00451426383634245,-0.002237533666288057,0.013269264795557564
AU09_start,-0.019153862663158584,-0.00971200381665336,0.0014922378927338525,-0.0034113138415362023,0.017292643181936015,0.010222323183980758,0.001484136930417519,-0.02756364973594055,-0.011306900045722825,-0.0020202811853875075
AU09_mid,-0.01867900749810267,-0.010595308464507857,0.004087162224892573,0.004678443945940775,0.00799892599816906,0.024755083134166928,0.00842887364428585,-0.016149706954707892,-0.014747076205043008,0.0017305278416878717
AU09_end,-0.01813063946638483,-0.00953839745231891,-0.0007848299769813387,0.0031082911488908363,0.019234203611305706,0.012188091930566027,0.01073074330237671,-0.009910042206603173,-0.006678754289581015,-0.0034812557313668654
AU09_mid_minus_start,0.00034527880846923955,-0.0009202407853656672,0.0025376671866454772,0.00786182333354764,-0.008949871984801268,0.014223528052319198,0.006776115963753971,0.010952872538463044,-0.0034214582992619833,0.003642438365735418
AU09_end_minus_mid,6.12866683371267e-05,0.0008205796137647736,-0.0050199813858334205,-0.001524912054648547,0.012058321290891953,-0.012555756665594726,0.00265823297701269,0.006127402451570069,0.008092803360188349,-0.005443134407126051
AU09_end_minus_start,0.00039005493904461006,-0.00013617313340684458,-0.0021560066743649235,0.006199954402201461,0.002419663131077625,0.002221688127052046,0.008991224335922388,0.01621420570428404,0.0041230071104428525,-0.0014765422276258812
AU10_start,-0.01149907791316492,-0.015737383704402193,0.000776220838391813,-0.011854014553414503,0.02745816020062175,0.019404542589615673,0.004992408622148766,-0.003196523111351132,-0.014333554238752426,-0.002889932974795672
AU10_mid,-0.013482386766756333,-0.012975903959799128,0.005852907026702903,-0.00428445222528731,0.019015119166175383,0.01891742410284363,0.017688530109536405,0.012820243952333683,-0.016043244741983417,-0.023134176862446364
AU10_end,-0.011570967748787436,-0.004563055750454109,0.0024660847494503923,-0.013911411458529893,0.015789617001764525,0.0272885690970805,0.009806424511514826,-0.02111735214125269,-0.008054642826130746,-0.0025462246922375786
AU10_mid_minus_start,-0.002893933061472828,0.001626673827643498,0.005238761798142163,0.0068265154004746266,-0.0065368433547289,0.000971512175422353,0.013332366217061308,0.01610085774574752,-0.0028292600684313596,-0.02087500663291884
AU10_end_minus_mid,0.0019968718776045614,0.008189247437589886,-0.0033049428129007146,-0.009123612696091757,-0.0033213759309252367,0.007736958918772251,-0.00774415522219264,-0.03252435072079373,0.00782441539555641,0.019929253294514195
AU10_end_minus_start,-0.0007639240134842407,0.009989761793563751,0.0017010828881245674,-0.0027290131533567793,-0.009766646271829351,0.008888300930275426,0.0050137162127187156,-0.01773611399752002,0.005282138568933591,0.00016216625072077798
AU11_start,0.01588090594353764,3.9081721401224646e-05,-0.004031450265172984,0.011840920053924031,-0.0036667330483653115,-0.00022995028501073624,0.0040918625634516394,0.017153764026641212,0.0017038443028022363,-0.0038059114759569123
AU11_mid,0.011957159037343783,0.01258473510060652,-0.003916607461192313,0.010694034666434203,0.00039363874128908597,-0.0062204362755290095,0.006612447189219984,0.011391331236665386,0.009904974846715549,-0.0040562336325030614
AU11_end,0.006158918234628297,0.004868518395701187,-0.005071385497651444,0.004259769370808816,-0.002278103394753627,-0.0046423974335783715,-0.010722256193530278,0.014311702279772702,0.009703850686381221,0.011755559551381923
AU11_mid_minus_start,-0.0032375391301039144,0.010337251433029172,9.576524410460978e-05,-0.0009483435768037754,0.0033466662385331332,-0.00493592559430781,0.0020757351374647488,-0.0047529234480687705,0.006757017927301386,-0.00020518399065785604
AU11_end_minus_mid,-0.004594208292179819,-0.006113907299836599,-0.0009149828389747213,-0.005098159248819579,-0.002116942068053649,0.0012503515082844092,-0.013735069089612742,0.002313941990163953,-0.00015935976386710344,0.012528398497284866
AU11_end_minus_start,-0.007543212767126833,0.0037450152075303,-0.0008053551300370426,-0.0058820101474915945,0.001077798189411894,-0.0034216066115621137,-0.01148881485606052,-0.002208456890991738,0.006203216766713373,0.012068279229110879
AU12_start,-0.01055855211474535,-0.008099418766383787,0.0015989705316249202,-0.010109915918040778,0.010412439866709363,0.010526883025658263,0.00605804810500367,-0.017375572283609895,-0.01143178043485787,0.009065633621102222
AU12_mid,-0.01304690450459096,-0.011653812224256684,0.007693956273336268,-0.007673559681525922,0.009098690656528232,0.021821981035596447,0.009121913329884707,-0.012244146716703116,-0.008748830104074502,-0.00295488803790529
AU12_end,-0.010141912039266319,-0.005494292575423985,0.0022805132819052835,-0.007087906465419099,0.012710643073812653,0.009742875242798594,0.015943145515664323,-0.009206385958502759,-0.0020777354955400784,-0.009415673923692757
AU12_mid_minus_start,-0.003045461139562822,-0.004072318291525336,0.006494066454034978,0.00216814383727995,-0.0009717129731540784,0.012335648064868775,0.003473560427036203,0.0047224211887980354,0.0023757089663574045,-0.012321353114018692
AU12_end_minus_mid,0.0033070459178739064,0.006448205930284428,-0.005577422618205049,0.0008443102941934078,0.003220164946942853,-0.01260890146923871,0.006365212473159143,0.00340892110781303,0.006847371473813008,-0.006229064311686815
AU12_end_minus_start,0.00032636561110191095,0.0021957984588352334,0.0005844140061667528,0.0025452659589060103,0.001984126315774776,-0.0006391549982255019,0.008430452195725219,0.006907099201680898,0.007931574334643518,-0.01570706683216422
AU14_start,0.010677709601108849,-0.012778103399458802,-0.005711428332485753,0.0016160344521051753,-0.007566456601372953,0.0010506830483787391,-0.009275911850433624,-0.0008328386245141665,0.004677502041358093,-0.017134378637211716
AU14_mid,0.01369444629018657,0.0024245394388242745,-0.0015475335610527247,0.008200899135686996,-0.0005276763963678801,-0.002029477638272097,0.0010645598798394993,-0.005685818210246028,0.02756334266627605,-0.01893564178147398
AU14_end,0.010311243812956918,0.011916131363567003,0.003623572194328299,0.00913604413542377,0.008689441262314801,-0.005934688578441542,-0.0015444330446229104,-0.0025745974934789527,0.02953054348375453,-0.026630261072239623
AU14_mid_minus_start,0.0022560964171771942,0.013932457375651785,0.0039011261206487145,0.005759460103605234,0.006514206590810169,-0.002763603964965001,0.009499022050187527,-0.0042584505903910845,0.020053274181752612,-0.0009329772929845836
AU14_end_minus_mid,-0.002666790210610038,0.00933661810144493,0.004956405801723431,0.0012814673162260578,0.008935736182842265,-0.0038883130784657734,-0.002487782104823791,0.002766111742037128,0.003164034162271981,-0.008339674065509527
AU14_end_minus_start,-0.00026055557857611767,0.020648508332150713,0.007801767748859706,0.006312072074272839,0.013596344690991193,-0.005852152057451903,0.006441736754876989,-0.0014639859809374885,0.02085800118739919,-0.008036575335618941
AU15_start,-0.01536437149803368,-0.014340695099863547,-0.0035550653105388148,0.0007248343879969715,0.022315222203257254,0.02470383784082632,0.014166912138690714,-0.0222198198265051,-0.009974122399559242,0.004723889382126932
AU15_mid,-0.013977360030829335,-0.010790458151022532,-0.005034496559558476,0.0009296066632231667,0.015329887238943582,0.022240785458747643,0.020108464508737645,-0.018367236200061823,-0.025238435653336326,-0.0029970805525348795
AU15_end,-0.01763080176820732,-0.005950593056888272,-0.00182742299169532,0.00028528673835346376,0.022549522687002176,0.021671872620001385,0.007734750846547933,-0.009633211024832075,-0.019241535275895075,0.010291844656112083
AU15_mid_minus_start,0.0006236771676992686,0.0030481727548638316,-0.0018239969151249136,0.0002659891230103004,-0.006340360509641225,-0.0012574415899554749,0.0073189379629619074,0.0029209211767703613,-0.01726773589502473,-0.00816672920677347
AU15_end_minus_mid,-0.0032791846205484604,0.004787510479302675,0.003140369601894214,-0.0006296801914991471,0.006666033477158658,-0.0008800901592769616,-0.012126703433002529,0.008622822776831681,0.006111608965080207,0.012742229954766007
AU15_end_minus_start,-0.0028701515064698297,0.007891269383068191,0.00160181314393138,-0.0004144299908903296,0.0010923259572841997,-0.0021023561342038786,-0.005927947686020332,0.011811161932235496,-0.009707319284061381,0.005783557049298187
AU17_start,-0.014769634895595221,-0.0025520464817380415,0.003168009132803171,-0.017752951899628746,-0.002465832149445667,-0.00857161496597523,-0.00011709967235907175,0.00043894117280169893,-0.012451726102197188,-0.027966571961397603
AU17_mid,-0.012866762734412444,-0.004454684986379763,0.011659440131770596,-0.01665427844603858,-0.008262258243124779,-0.010778466158247737,-0.0008060400643823527,0.012530142862685605,-0.011758785627364935,-0.022368386494789706
AU17_end,-0.01575188864082265,-0.00252835706542727,0.0017504764305202158,-0.015247960856738423,-0.0026365154945030425,-0.010769104181899303,0.004070136885070928,-0.0059483827028421355,-0.003128240259748637,-0.013520876706795684
AU17_mid_minus_start,0.0030857899544702726,-0.001479113039576347,0.007363753963706329,0.002637246304936371,-0.004998523001992064,-0.001195178406411574,-0.0006104256466920395,0.01086312615334063,0.0017797046205890008,0.0076421448843445455
AU17_end_minus_mid,-0.004241806791445221,0.00148565507054537,-0.008803877080960167,-0.00029870054342916446,0.004828786576416194,-0.0011030473092272443,0.004841376915150131,-0.017368621237884282,0.0075025165932399015,0.006626561638084498
AU17_end_minus_start,-0.0010345978985102915,-1.3732714052343784e-06,-0.001271458741177928,0.002136834798728777,-0.00017886802020668192,-0.002093086072719285,0.0038393969744378877,-0.005854363641680839,0.008438619739265324,0.012996178482684662
AU20_start,-0.007932923081765764,-0.004953326431156882,-0.0062008331585126555,0.009526959367946106,0.024849917585192283,0.02140030352460282,0.004848876737878906,0.002084648668148081,-0.0012139875164273743,0.0168063805949281
AU20_mid,-0.010032828195675612,-0.009392678364862987,-0.004359149112525376,0.01523219662829188,0.022954976264238473,0.03340606553054319,0.017156515895104103,-0.003638395352774586,-0.0073808835287447585,-0.006984241663806934
AU20_end,-0.006425553734916062,-0.004400105058091941,-0.005660291076276866,0.006790663256096756,0.021653863555017246,0.02503024398497158,0.008222018862598244,0.00397239119814936,-0.008508078109824081,-0.0035602995174842484
AU20_mid_minus_start,-0.00339096465565648,-0.005652109474491356,0.0012852704856033805,0.007669516420578337,0.0010479488518627055,0.01631283140735665,0.014529759736562247,-0.006199419090902901,-0.007124308363479115,-0.0247261633864811
AU20_end_minus_mid,0.004748466646447984,0.005962029410035205,-0.0006296588119377017,-0.009992582010838918,-0.004337863211282318,-0.012398222491438071,-0.010716609639559822,0.007638702819387773,-5.6124985428720896e-05,0.004162477059496118
AU20_end_minus_start,0.0014247838514074589,0.0005491078668694494,0.0005539844229341209,-0.002523854940542057,-0.003123969382748769,0.0029114140944496514,0.0028983731064743394,0.0016301126831630762,-0.0063863956611763875,-0.018091308251794967
AU23_start,0.008054035451376883,-0.013763805395502567,0.0019526304423961454,-0.00976064492080773,0.0055407329867602955,0.014340017641424703,0.003132503974102297,0.00279096272452567,-0.01635650857148746,-0.0052335122235084835
AU23_mid,0.016156627418279994,-0.005620030164814992,-0.0006887058742775628,-0.012019883944297004,0.01101309274436775,0.006271777824741989,0.018089927061771385,-0.009390852217193994,-0.011343780560033831,-0.019893723598172142
AU23_end,0.009624625070238433,0.006345704083587277,0.007511001183053235,-0.01162153752818322,0.016679784171663287,0.010433971187939208,-0.004067037969448114,-0.006681629866659155,-0.007233835577029067,-0.007461943874806193
AU23_mid_minus_start,0.0074609480739467205,0.007896009778625774,-0.0025153466082093266,-0.001943795210923001,0.0050371657795744715,-0.007835560748535376,0.013986157145719772,-0.011487843145875825,0.005003470082592539,-0.013668942074889856
AU23_end_minus_mid,-0.005840235894284309,0.010135169723336732,0.00687097949776148,0.0006154224126977463,0.004478488061436686,0.0033321557662541286,-0.0189478291556818,0.002485500181825884,0.0037023623814919178,0.010860141493776702
AU23_end_minus_start,0.0010023705085338403,0.017584086004791246,0.004626380978728962,-0.001178789671496088,0.00920518816283402,-0.003889609047374078,-0.006222447029006401,-0.00813293811432457,0.008387963083390484,-0.0016739198123890825
AU24_start,0.010964708522452965,-0.0012885141610034891,-0.0012630661305800274,0.008885635572640677,-0.029757103578863082,-0.035835767211396904,-0.017162599851466138,0.01450015541075166,0.010818973433639103,-0.002840962403937289
AU24_mid,0.015772460776931677,0.01168823042455554,0.0012484533116680651,0.010327424388560894,-0.02437472388497628,-0.036668139400439635,-0.008846385364429216,0.0070536132530158975,0.02014611699533201,-0.02917437614643395
AU24_end,0.012523066612665239,0.015056881764043174,0.006092226982173307,0.01189319350237842,-0.022553117760527392,-0.03200548813198168,-0.021400428884526704,0.006208926045036789,0.016538075897246145,-0.0033907891364968923
AU24_mid_minus_start,0.00655597371119865,0.01530422884906023,0.0028834953402366026,0.002399446475874832,0.0040851669816922885,-0.003762674454568281,0.008542902511143941,-0.007716703133916293,0.01190941552401385,-0.031478937523735595
AU24_end_minus_mid,-0.003146153815862057,0.0036167859974704604,0.005003499583764641,0.0017431020225898428,0.001566984208023722,0.004336724077561556,-0.013039087098380045,-0.0007804386984394254,-0.003460057367356082,0.026180099489205983
AU24_end_minus_start,0.0023868138880205254,0.016159850546107985,0.007219657424026585,0.003669617137651696,0.004894637970660052,0.0010750394175435443,-0.005524979661327193,-0.007140412814059054,0.006514236420063094,-0.0007637008224016649
AU25_start,-0.023747244544756036,-0.010289782640336292,6.670159893925485e-05,-0.012358945908365606,0.027806143133005272,0.025034292008164743,0.008497091132267019,-0.020543717192164423,-0.010230139239975341,-0.0012006511383069183
AU25_mid,-0.024118592093812247,-0.014963432398455934,0.001099736528697858,-0.011474512732901404,0.025660876717848558,0.02942409691055818,0.01330323902751605,-0.01686128911314507,-0.015560910268154645,-0.0025937319959586213
AU25_end,-0.0246449341468402,-0.010458604401408509,0.001733937220908706,-0.01297742260167434,0.028793926166137934,0.0219033631800568,0.014287898690260663,-0.014031419661370692,-0.01309264700956939,-0.003748662598873153
AU25_mid_minus_start,-0.0012252031531595352,-0.009924170704106667,0.0021515347161415017,0.0016055858640430575,-0.0039358366349663354,0.009614141392981982,0.010165825855114757,0.007273747587035293,-0.011290834207065122,-0.0029225660276100737
AU25_end_minus_mid,-0.00035942750977310367,0.008157213508213362,0.001074805805218135,-0.002343509064515179,0.004845464670610419,-0.013720295859314204,0.0014026142203898376,0.005295490775896241,0.004638426759174419,-0.0019437437912094347
AU25_end_minus_start,-0.001287631581175207,-0.00020519123307928547,0.0026709664552025596,-0.0009125343824194544,0.0014062251136206423,-0.0051755399369155415,0.00922460376878745,0.010564960887850531,-0.004521627623199257,-0.004075024828622075
AU26_start,-0.020708483425857148,-0.012629726295781952,-0.0023693301784917294,-0.0047431343378500045,0.03198883262736573,0.03260693837611532,0.013777644093100979,-0.018095930360151936,-0.011631112693466988,0.0004179011029973171
AU26_mid,-0.02056026989186464,-0.012386718530537485,-0.003503604056715393,-0.004574174147310438,0.028047776875536407,0.03352527753779231,0.01564676903836296,-0.01282872564556331,-0.011366023491675748,0.0083700534821043
AU26_end,-0.021473790474198284,-0.011102512418541826,-0.003770103890820165,-0.002564284465701967,0.030667781075791403,0.033482523080835894,0.01158406321279293,-0.012537416359356257,-0.012747528226325999,-0.001591508388154703
AU26_mid_minus_start,-0.0013257808067111312,-0.0004941394387780391,-0.002523549410655058,-2.5496146931030827e-05,-0.00560002793336187,0.004460384844397013,0.004936147494212227,0.009426570015008417,-0.0003699877658663313,0.016416597504620326
AU26_end_minus_mid,0.0005580862574523746,0.0033317914450339465,-8.586707775495185e-05,0.003737862453399422,0.0014818873626467322,-0.0034120674796779063,-0.00819366835697949,0.0017546060570436705,-0.0011226688407829405,-0.017100168011627264
AU26_end_minus_start,-0.0005915135266699484,0.0030980944037581806,-0.0023456564470533954,0.003948151765094909,-0.003428547437253053,0.00035990472549489905,-0.0042948159844608085,0.0102853209703578,-0.001523202347079072,-0.0035004995031203256
AU28_start,0.007688909075413966,0.003970542339788441,0.0036276679567764482,0.002334045061519588,-0.0025603658500498202,-0.012047497495697302,-0.006826943557407171,0.003888085375558789,-0.011769232077206416,0.012102664547880674
AU28_mid,0.01056990013092524,0.0025097776118893564,0.004347951992377891,0.005337004248372514,-0.01371275569221135,-0.015305995155664711,-0.003356835774462193,0.012832415605931936,0.004531834012754475,-0.018702359026153408
AU28_end,0.009950172119004232,0.0032059762765994544,0.0013638369544589294,-0.0026787446883440435,-0.006525261822718372,-0.009801948007051253,-0.009026598659843323,-0.00493306136893623,0.002298553505501938,0.002951932171437582
AU28_mid_minus_start,0.0020046652936753667,-0.0012995460341854676,0.0004398377021205038,0.002293899044431208,-0.008738825506181604,-0.0021467804897991665,0.0029933960136580688,0.006942621241365752,0.013331310150098438,-0.024828162111650648
AU28_end_minus_mid,-0.00015969864176620726,0.0006393635226076468,-0.0022574666544267277,-0.006266676339006834,0.005333682305304372,0.003930781656616689,-0.004660652028809582,-0.013856867794098771,-0.0016486015922615167,0.01679221695601609
AU28_end_minus_start,0.0017476342374959687,-0.0006104906146644022,-0.001783386481660021,-0.003931952623685519,-0.0030968629833267366,0.0017941767242284612,-0.0017019655162292693,-0.0069185137682554005,0.011050108507388424,-0.007201070557050038
AU43_start,-0.012216366047659083,-0.004892088637105464,0.001373641969180906,-0.009134666117712594,0.021648939437762242,0.017414927284027222,0.00773464031890746,-0.019274669857732647,-0.007639282629879478,0.008100022248041525
AU43_mid,-0.009064949406082512,-0.010025445300567513,0.0037989515981245187,-0.00033037593057462934,0.00943365808683492,0.031127899094159382,0.016507025760673602,-0.006727285563591388,-0.014224706687248638,-0.0021488913995690137
AU43_end,-0.009639690921389608,-0.010105337145564443,-0.0032278357373041727,-0.005652860374721602,0.019379401687378877,0.019907789379149804,0.013422133520300786,-0.0014043837443916967,-0.00959794430066003,0.009577133920846042
AU43_mid_minus_start,0.0010561649026912105,-0.005268342351496108,0.002354891858450458,0.0065277416158858554,-0.0077722702529491785,0.014695597825555823,0.008913553784111588,0.00840759900128974,-0.00695370851728963,-0.00796139643924835
AU43_end_minus_mid,0.00029484825199051803,0.0007513351963309267,-0.00568460955592112,-0.004045872450608967,0.0068457530065356926,-0.011107996570218175,-0.003698227553252371,0.004618147918019818,0.004693071988214413,0.009146639916606017
AU43_end_minus_start,0.0015305021965948092,-0.005016639614408495,-0.004058851677927235,0.002546258289554653,-0.000641959425875006,0.0033764651408605194,0.005628472280737608,0.014858971366910233,-0.002260992687004702,0.0018567849047069125
F1_x_start,-0.0351208736984062,-0.0021772808528300477,-0.015446910841826233,0.014926618607424655,0.01874237235162611,0.03982404515371747,0.013955424572072868,0.0039833586324971425,0.03230227485832516,-0.010338939305400347
F1_x_mid,-0.031001204512957514,-0.013037968039523846,-0.015187750119548225,0.010701466166269677,0.03446861336277435,0.037814009746207584,-0.007976203313351608,0.02017598619328555,0.02704495218080892,-0.018473076765966972
F1_x_end,-0.03246095684987715,-0.017007723483449158,-0.0008557770672281281,0.017819492142273297,0.03308720439678892,0.02981729194237912,0.015091651901601508,0.001955117269755941,0.03787770253283445,-0.012472598886529053
F1_x_mid_minus_start,0.0069934749838459894,-0.02700653202021685,-0.0007571081705258617,-0.009080005200224672,0.040515131161004816,-0.0013605342387847839,-0.05287632347032209,0.04033176642899213,-0.010056659276024048,-0.021014084705582834
F1_x_end_minus_mid,0.0008870042860460781,-0.007764704796699969,0.03692309877664064,0.015732753736028584,-0.00827181640043835,-0.02479133457907126,0.05707742209745769,-0.04706578494672388,0.022407006972229124,0.017188747913907936
F1_x_end_minus_start,0.008150534534500806,-0.03580819382966291,0.03608634663670846,0.0062791301875005714,0.033826080162147026,-0.02617088352619574,0.0020724096559851905,-0.005105540716751443,0.011929758706174378,-0.004663837092545752
F1_y_start,0.03520817193510671,-0.012949120397648693,-0.006443875046834004,0.015138696259629795,0.0196441258000113,0.03826264076947932,0.01972301028370169,0.0011206409259462776,-0.010301329094855104,0.012730113354234936
F1_y_mid,0.03484071756770678,-0.0015638422254761748,-0.014383461326940721,0.016628211216791252,0.028019165855742146,0.02992472611913703,0.021393434923136556,0.010950253908501609,-0.016038019935040372,0.011221716796336802
F1_y_end,0.035115577433768676,0.004641818982138819,-0.0031300252048967895,0.017218609252121646,0.02221826257024959,0.040343344713731626,0.017809791042933,-0.0011288429832717304,-0.009731916204368982,0.015831806945737017
F1_y_mid_minus_start,-0.0037089649191728224,0.03717949017457299,-0.024811361407208514,0.0036501701322119453,0.025245670802446253,-0.029303620115358465,0.0038954923256940186,0.03121226184626032,-0.01752013681097748,-0.0057201330083438175
F1_y_end_minus_mid,-0.00099888459662021,0.0212327316596562,0.03914523460753078,0.0010880567675469431,-0.021323161595595126,0.033839175247105384,-0.013399753623018122,-0.04176796089009844,0.022379060565641724,0.015085542444916175
F1_y_end_minus_start,-0.004456154471445193,0.05460228689402277,0.010761251470644724,0.004478477590981957,0.005434899291176714,0.0017376164039056004,-0.008111342331872022,-0.006918900431832086,0.0029398027843977885,0.007846590784341098
F1_z_start,-0.028282092930722643,0.011076553892617651,0.002651978387560942,0.024359561992739098,-0.026785954326728156,-0.04021735840999256,-0.014256176375838966,0.02229842198855628,-0.01559728663836059,0.024728519701201455
F1_z_mid,-0.02736704949913022,0.006019624862653256,0.004932800679344767,0.026977613852167508,-0.03229543758044777,-0.036918647148073525,-0.011359794860897237,0.003155487278899052,-0.039217214992288967,-0.013428062370325755
F1_z_end,-0.02707643067479849,0.008091168709644414,-0.012753046120313935,0.017336307045500245,-0.03296674420721033,-0.03307841541058443,-0.027198377561331876,-0.007202886850554232,-0.036244495407248896,-0.006849203525425225
F1_z_mid_minus_start,0.003275296644425278,-0.013698607067663997,0.0059466434377750035,0.006179748037488116,-0.013746753349489977,0.009935888410023642,0.008085781985591527,-0.05126079387339923,-0.061942443522992496,-0.10157768285174086
F1_z_end_minus_mid,0.003145005044923763,0.004557046900034021,-0.04390859269568733,-0.026093698684072384,0.0012183946380237287,0.012718038207024478,-0.03792108212390859,-0.02574036271868429,0.010789913218624056,0.017362989883341763
F1_z_end_minus_start,0.005188149619013568,-0.007117649390367284,-0.03143154222630322,-0.01657953735980159,-0.009904572148034967,0.018354650030487862,-0.024804662267178815,-0.06186616083734011,-0.040266303661385394,-0.06630417159598895
F2_x_start,-0.03474809601025085,-0.0023768845923938147,-0.015063604612940106,0.014720911537220707,0.019037669011061176,0.04094320045569321,0.014507333523919079,0.005803395337304389,0.032554413497647455,-0.009497065449078735
F2_x_mid,-0.030530772452219836,-0.012918002342321877,-0.015235920242205362,0.010520810980569352,0.03493805701217805,0.038626906040197494,-0.006984028980554193,0.02119574435193712,0.02673549870711478,-0.019007499812466383
F2_x_end,-0.03190494566652916,-0.01677349319827327,-0.0010941948285083925,0.01725999464785994,0.03366374083799057,0.03098771682355421,0.01594962349864491,0.0018789968414833183,0.03887627466556592,-0.012773544115412544
F2_x_mid_minus_start,0.007313240558345173,-0.026550183218689946,-0.0018267000617786812,-0.009126593868397108,0.041481033102415237,-0.0019905623486463635,-0.05233693076444279,0.03898532055632803,-0.011517072872824613,-0.024635705508134736
F2_x_end_minus_mid,0.001098929358269504,-0.007515341957244799,0.03668947882302929,0.014893439208827026,-0.008196607259844835,-0.02424806185813831,0.05691693832876187,-0.05017163106732783,0.025696974014298872,0.017964308022520196
F2_x_end_minus_start,0.008758931421353913,-0.03536388889710378,0.03518998312014811,0.0055161906532268665,0.035089728794571604,-0.02660112072177734,0.0028236613546437444,-0.009965062850371686,0.013940869453787313,-0.007596956440938371
F2_y_start,0.035038439963887225,-0.01247678324426944,-0.007395960094007648,0.01923456996909075,0.017515259324351353,0.03602080163082601,0.019546311054467306,0.0015554039965836042,-0.013886497316355363,0.015351432425846951
F2_y_mid,0.03474807096828538,-0.0010719426831399485,-0.015011664761825865,0.020787423004476936,0.0263585168483043,0.026806030313693056,0.020475174675703273,0.00884935057070465,-0.02069895502414843,0.013554445769142684
F2_y_end,0.03499591508116306,0.005482002083240604,-0.00331855703466369,0.02128018937677472,0.020726452052026202,0.03794647199796991,0.016376108446685654,-0.0018766406705248559,-0.01480102224284127,0.016998880397937607
F2_y_mid_minus_start,-0.002876740458112984,0.03644049596955893,-0.023450712187883686,0.003786601775952564,0.026729559901508132,-0.030898904885748965,0.001813663850722538,0.022770240693219958,-0.020569191879046246,-0.006493054820576776
F2_y_end_minus_mid,-0.0007587464487576711,0.021682971868688044,0.039279742807927696,0.0006832682577962982,-0.01978738753140084,0.035557722034941404,-0.01446002988672647,-0.03580768101360248,0.02040817639595012,0.01075484814873997
F2_y_end_minus_start,-0.003354974005299504,0.05307117912706327,0.01247032099747887,0.004139806297306807,0.007668165751016169,0.00224462104362402,-0.01096830966225844,-0.01006579093403405,-0.0013630406062337,0.003346850786933142
F2_z_start,-0.02298622845713557,0.009647640467507894,0.0012534455220489977,0.02904524929641967,-0.03216009648794879,-0.04322663509243905,-0.017706813070189988,0.024390750790312485,-0.010621781472512025,0.021467852171579913
F2_z_mid,-0.022528598843457284,0.008560671182148715,0.002152677492372055,0.03086136650655466,-0.033971197406795,-0.04280837364106988,-0.013851170425013845,0.0017561493143582357,-0.032752790228622666,-0.015597340879647488
F2_z_end,-0.022199711126994797,0.012388131665241161,-0.011505048720485356,0.02250449131906847,-0.0350803886425414,-0.03632576775656229,-0.031154204468583815,-0.006962118615691541,-0.02968467168100688,-0.010586499354381936
F2_z_mid_minus_start,0.0023368591752836528,-0.0034699118591335933,0.00244314075969919,0.003706972056968955,-0.0035488390874901777,0.0031642495457281697,0.011543856684434004,-0.06408580423460036,-0.06106442628706887,-0.10408834358909232
F2_z_end_minus_mid,0.002730488781620332,0.00971176200429315,-0.037319963786439786,-0.025243074918502476,-0.00024807122422271656,0.021119328517808397,-0.045929730875240736,-0.023853944783576667,0.011013541332359808,0.014898984715117981
F2_z_end_minus_start,0.003996433663161614,0.004887325175704753,-0.027402788443057744,-0.01690870134719113,-0.003004509556334568,0.019106781877215817,-0.026966115809984217,-0.06948609340496545,-0.039685094333888456,-0.07069143819581418
F3_x_start,-0.03446838556322196,-0.0025405216702975133,-0.014778527279087296,0.014681646199648348,0.01915951685074845,0.04174102909069163,0.0148763989028157,0.007354198464152117,0.03262588808143754,-0.008818475719761841
F3_x_mid,-0.030248513228734925,-0.01279912653232066,-0.015174529557966426,0.010527400934033267,0.035201393916613866,0.039156488974203166,-0.006179444616167284,0.021557436200846297,0.026547065279579715,-0.019385977784108215
F3_x_end,-0.03148031560978372,-0.016554403886581748,-0.0012534762359375589,0.016901636848188146,0.034107317359203436,0.031735110219425385,0.016544418359840087,0.001692312320548651,0.03964787086789936,-0.013098222587919695
F3_x_mid_minus_start,0.00755920873651006,-0.026230239294338573,-0.0023479916494336056,-0.009192846737088903,0.0423990071228818,-0.0027530882937906857,-0.05201008763325916,0.03666530190998611,-0.012438091367823421,-0.02758419343756445
F3_x_end_minus_mid,0.0012981145498233595,-0.007415233898998709,0.036456343202387186,0.014190247522475748,-0.00773531102611196,-0.02388390739263627,0.05684685914483006,-0.05200882601972706,0.02846167881597123,0.01826094796363854
F3_x_end_minus_start,0.00916078126756666,-0.03472738473802303,0.03438031908544704,0.004785036940588884,0.036216570186552735,-0.026980122137986274,0.0034024252679956133,-0.014450930320553128,0.015828279860191474,-0.010202089246377808
F3_y_start,0.03481134201187196,-0.011872323604769155,-0.008610360011393765,0.02421993856668983,0.014360347758333633,0.032644933515292913,0.01878350269684369,0.0020559302455118882,-0.017394188061396976,0.01789670459138201
F3_y_mid,0.03459542473009957,-0.0002893088591489364,-0.01581657941211953,0.025649185174868205,0.02395729019032986,0.022352616171296275,0.018900086137773317,0.006269720903634433,-0.025132783673167618,0.015897042779203178
F3_y_end,0.03481257714959282,0.006732034533922416,-0.003401857247463475,0.026167068711113788,0.018527160442276164,0.03442564372789199,0.014160667766743157,-0.0026197281354507426,-0.01984121697592072,0.017844176876426997
F3_y_mid_minus_start,-0.0019580793193886845,0.03574473705091727,-0.021640722437105644,0.0034513963573577296,0.02871215622000596,-0.032586854136456844,-0.00034616164468651077,0.012765521947867188,-0.0229352040878209,-0.00676269012017533
F3_y_end_minus_mid,-0.0005463417268424763,0.0222325657439558,0.039856055917772,0.0007244684857679857,-0.018040407001434083,0.037413552230923186,-0.015674003102147057,-0.02835829197582829,0.017643777208037885,0.005595731393822442
F3_y_end_minus_start,-0.0022387641817958625,0.051413639794404484,0.014734333167631952,0.0037409592988713832,0.010418914234392061,0.0027452569812766096,-0.013795127612968973,-0.012861547044887619,-0.005541528673986595,-0.0012956925957055647
F3_z_start,-0.01728379024338941,0.007958210254412927,0.00014825850576931796,0.03252827662905071,-0.03641597975655205,-0.044863335115968093,-0.020467298250910686,0.026546602546749867,-0.0053215087654660395,0.018359748535065234
F3_z_mid,-0.01731431466558064,0.010973808287390151,-0.0005614229724131964,0.03364926911981317,-0.03469008754296754,-0.047321441113469274,-0.015522166531816317,0.0013901460844436904,-0.02613910105595227,-0.018311987156371078
F3_z_end,-0.016950159889369692,0.01639412573374809,-0.010335347645587035,0.026337919033342053,-0.03637623450922581,-0.03799615125723492,-0.03417624424690522,-0.0065941977646327655,-0.02257748112290877,-0.014123192486481483
F3_z_mid_minus_start,0.0010749811771643986,0.007686774030461435,-0.0019444166296789462,0.0008759335829153242,0.007144748170753297,-0.0036941262566619155,0.014851176198643543,-0.0703514921621475,-0.05638893944933184,-0.10119175976945023
F3_z_end_minus_mid,0.002090298274810726,0.014850901284042579,-0.027942849757026062,-0.022964581089323904,-0.0027268111367269045,0.029556775536635094,-0.052455857909527635,-0.022938481296690363,0.011776822931527722,0.01309831087296326
F3_z_end_minus_start,0.002416502276384658,0.017207928966191693,-0.022375078822124174,-0.016412042046757218,0.0036769078826914547,0.019072394444028657,-0.02722084294175223,-0.07330452351551067,-0.036280292507680834,-0.07109381180115508
F4_x_start,-0.034435290818810464,-0.00265723483139013,-0.01452048248143864,0.014980991925028431,0.018928402351563428,0.04199115044027838,0.01498710178361298,0.008798657576790471,0.03232315567556171,-0.008162519959960686
F4_x_mid,-0.030311877752934757,-0.012654033316242952,-0.015048335105284728,0.010885430790436901,0.035138372852907836,0.03917502075382293,-0.005621700359013358,0.02145504067891312,0.026016631695441307,-0.01954428998474813
F4_x_end,-0.03135873102681432,-0.01628860445902514,-0.0013433018848519028,0.016882237949075177,0.03426077638700968,0.03185419036955656,0.016861469627264675,0.0013891787318783997,0.03991258424560472,-0.013443900755709217
F4_x_mid_minus_start,0.007740998336227373,-0.02595095213239812,-0.00256947806565586,-0.009291674143983483,0.04329907126244951,-0.0037462563904674686,-0.05179227758256968,0.03330823771340581,-0.013535939176105898,-0.02997464036533083
F4_x_end_minus_mid,0.0014762626159249563,-0.007358986834087108,0.03621197388270681,0.013489311964374744,-0.006927000921240264,-0.023541899862868473,0.056835131364505014,-0.05294092189105153,0.031150892809743695,0.017850858529789494
F4_x_end_minus_start,0.00938104028022384,-0.033858368605699,0.033578617090449035,0.003997093628343268,0.03729210240186318,-0.02736149906843161,0.003929768643294095,-0.018912596593332706,0.017319823119769023,-0.012764077007047197
F4_y_start,0.03413461754944642,-0.010919229663237046,-0.01011772129612657,0.030329728694449217,0.010125625967058436,0.02783303653937361,0.017383982239797185,0.0024192412597450583,-0.021148605033113242,0.02046492996850801
F4_y_mid,0.03400657822707206,0.0007251734687111974,-0.016711645492368844,0.0314657073972683,0.02059425969480563,0.016344383345187792,0.016435273758706487,0.0029847868876387313,-0.02974256350232322,0.018389368175395555
F4_y_end,0.034201947499566655,0.00828303893655324,-0.0034275542095615263,0.032133587036021274,0.015458287500938202,0.029464269527179957,0.010947147138834048,-0.003429254407260385,-0.02548391418507146,0.018577332807287673
F4_y_mid_minus_start,-0.0009122562684697206,0.03449521936027383,-0.019278339246245817,0.002873298142651367,0.03069967177321335,-0.034301128927817885,-0.003068881455560989,0.001629149520054381,-0.02500099087947307,-0.0064387733084915084
F4_y_end_minus_mid,-0.00036816342674945627,0.022775064055101928,0.04053700378203977,0.0011285234845198446,-0.01607055461379154,0.039111080238302336,-0.017015604838152218,-0.01942959561286652,0.013681999111262052,4.919050183112067e-05
F4_y_end_minus_start,-0.0011056718287075554,0.04927979344813416,0.017405523087941,0.0034562769237201562,0.013193227727737455,0.0031103371272221073,-0.01703261591922101,-0.014975390253513757,-0.010242499627614875,-0.0055697100599015475
F4_z_start,-0.011045974913944979,0.0060179184880725985,-0.0006860707211314614,0.03501838867035495,-0.03974328457865985,-0.045329273482642374,-0.022736017083445192,0.028709162757695094,0.00040697111587646424,0.015047658651062504
F4_z_mid,-0.011535712201674079,0.013286708981470325,-0.0032930247335410463,0.035544342804758,-0.0346129689521285,-0.05072398404495591,-0.016629980457563823,0.0017750572296789378,-0.019025289160114287,-0.021459314774991026
F4_z_end,-0.01118145690102522,0.02018120388920957,-0.00912398546742725,0.029136673729673015,-0.03698893071016074,-0.0384271927588337,-0.036462413853934526,-0.006117478668810377,-0.014730636127653261,-0.017566818058742835
F4_z_mid_minus_start,-0.00029301378845024217,0.017780722430295402,-0.006502276236649196,-0.001654680764191874,0.016291023803784097,-0.009721033743905488,0.017300053934699043,-0.07022370936721391,-0.04893758251597598,-0.09315276087532644
F4_z_end_minus_mid,0.0013695522987306153,0.019258643038329575,-0.01653489933649621,-0.019388264120837058,-0.005702785216683267,0.0366636220338444,-0.05607011649509607,-0.022574752516371224,0.012845505860630258,0.011773743994569067
F4_z_end_minus_start,0.0007348880298542904,0.02817933243044286,-0.01705312143297197,-0.015131736267966015,0.009219960266837567,0.01814400226358626,-0.025764937593617407,-0.07326816670861153,-0.030742984512091776,-0.06753212571549701
F5_x_start,-0.03465908777172789,-0.002661210652055097,-0.014350774649561925,0.015552928298576218,0.018387491163037693,0.04171980995135291,0.01509683114822851,0.009980313059268834,0.031354202021145194,-0.007296303651877941
F5_x_mid,-0.030748751717132566,-0.012589825902780299,-0.014903276057714193,0.011701075772915537,0.03467705307273314,0.038715750597871405,-0.005346866917710729,0.020603202681212664,0.02496239199440046,-0.018990399740291285
F5_x_end,-0.03154627214824569,-0.01601178434427298,-0.0012793002775349177,0.017355914078793663,0.03418857742747509,0.03128710720533903,0.016966111849538043,0.0009472342540672746,0.039377023777742194,-0.013480207582929997
F5_x_mid_minus_start,0.007914615041401018,-0.026085509089872123,-0.002389905764137612,-0.00902426538395448,0.04372399556332942,-0.005083123124894143,-0.052352442969606824,0.028380830340294736,-0.01460860507990465,-0.030998926521511535
F5_x_end_minus_mid,0.0016559301575907494,-0.007143494234127736,0.03620434060894624,0.012891638610174361,-0.005374383514543473,-0.023392966377358118,0.05701875267744598,-0.05212648317263122,0.033442593922335395,0.016190411929427405
F5_x_end_minus_start,0.009465866740771638,-0.03284644714967479,0.03302846516874002,0.0036575138391176268,0.038094804211676464,-0.027911478560704358,0.003844662590553474,-0.02282764918970963,0.018214196247012118,-0.014903627827063146
F5_y_start,0.032711847039344,-0.009633391292202507,-0.011878493221214688,0.03738014340965484,0.004587742708099817,0.021214119278175722,0.015018240003939747,0.00244828194575266,-0.02465504017610382,0.022522676421265164
F5_y_mid,0.0327065440479411,0.0019344242120871535,-0.017711638523300547,0.03791042839218986,0.016119230565339086,0.008645864042491404,0.012886566509671233,-0.0010621155993552323,-0.03385207594883443,0.020563014327776553
F5_y_end,0.03286920232645925,0.01014406996702338,-0.0033102029282468816,0.038978976380371934,0.011414349617942066,0.022776975031975732,0.006526613596503021,-0.004351052087779033,-0.031138455631230383,0.018802344856493406
F5_y_mid_minus_start,0.00018660044759477733,0.03281929771306077,-0.016652522629114572,0.00173765905755551,0.032803720443328896,-0.03559140644750841,-0.005966171556270549,-0.00996235323525121,-0.026292328408761785,-0.005431005329767744
F5_y_end_minus_mid,-0.00030565799350066014,0.02337787223136913,0.04150638308175465,0.002156513291334919,-0.013803124163265857,0.04011478191561003,-0.018449221790502655,-0.009358851538550442,0.008539089160765193,-0.005507414257761437
F5_y_end_minus_start,-9.681172797151469e-05,0.04691086973307566,0.0204338917682855,0.0032452917036752604,0.016078836100830003,0.0033919597181077104,-0.02029759597272904,-0.016115203877004856,-0.014979524207247335,-0.009121289502566663
F5_z_start,-0.003675713595215886,0.0035774593368279933,-0.0013574758926831786,0.036587730155990726,-0.04224858136506832,-0.044408202948662844,-0.024581331077592056,0.03092292591180481,0.00700266682935785,0.011266906136857982
F5_z_mid,-0.004495784120061129,0.01563079062873359,-0.006314663860430182,0.03653996557885088,-0.03349875322333675,-0.053027539862034095,-0.01719891695842129,0.0030681331416601344,-0.010605090157916594,-0.025170688442310067
F5_z_end,-0.0042770824538127025,0.02396037351423608,-0.007707796431477104,0.031052079920912194,-0.036800989710756335,-0.037497333129804154,-0.03791234125836076,-0.005380311426895467,-0.0052317911294870794,-0.021327147671126655
F5_z_mid_minus_start,-0.001415713969908986,0.026279460790655327,-0.010820330882631426,-0.004073860224150853,0.023940746382390677,-0.014253534447458877,0.018999272536320604,-0.06498128919661972,-0.03971586613366734,-0.08183853060471752
F5_z_end_minus_mid,0.0005693338908499771,0.02259974481386439,-0.003797969762868914,-0.01466012342954781,-0.009093404428823964,0.04173368795475783,-0.05609325665618409,-0.022829501979844184,0.014477389621067007,0.010269546788888197
F5_z_end_minus_start,-0.0007935465419218387,0.03746407922015755,-0.011650763929602292,-0.013454605677615661,0.013785757599746875,0.01668630810478303,-0.022560255403013835,-0.06998274170663743,-0.023286158045144122,-0.06139182543292821
F6_x_start,-0.0351239979915646,-0.0024764287676208776,-0.014557562715433533,0.016681361702848452,0.017380609057275842,0.04076820249519312,0.015018172039959326,0.010449902381920086,0.029990486259725554,-0.006627150286484523
F6_x_mid,-0.031463552222040905,-0.012567922770994612,-0.014868576594097637,0.013151592234263315,0.033873862719587144,0.03764023306396791,-0.005684820863015939,0.018976294450201315,0.023980582991809985,-0.017639475860428144
F6_x_end,-0.031979428668909536,-0.015806047493863832,-0.001020089658265788,0.018680133440462043,0.033887993295117616,0.02987499552889179,0.01673428065374439,0.0005766630830400712,0.03831473709530087,-0.013150565762711267
F6_x_mid_minus_start,0.008165888124350715,-0.02651503378549838,-0.0014008130421486516,-0.00856712425203992,0.04387279086443541,-0.006544614636439924,-0.05358632901531586,0.022739618306636126,-0.014522660852112389,-0.029092663981154187
F6_x_end_minus_mid,0.00179895298484462,-0.00700149814305089,0.03673114549542018,0.012775501531252316,-0.0033149064654367675,-0.023494914496736706,0.0576447268341104,-0.048725382307085056,0.034124672916482884,0.013174373396280744
F6_x_end_minus_start,0.00948737014713306,-0.031901140384272345,0.03333646811324419,0.0038875775960180103,0.03872000938784596,-0.028420960534206476,0.0032995755243001093,-0.024303981758305077,0.0183594689000458,-0.015314695894447424
F6_y_start,0.030937202406258614,-0.008456863155099357,-0.01345651764928579,0.04359275793750004,-0.0012126076638634617,0.014180402760475407,0.01168078500648741,0.0021672993262432426,-0.025936661415750156,0.022617332894914053
F6_y_mid,0.03109459172034801,0.0031329796452402026,-0.018718103528334452,0.0432643583568344,0.011627974392127718,0.0008488251082718228,0.008710474844215622,-0.004792395014701592,-0.03509027298830715,0.0213282538611358
F6_y_end,0.031142147057875758,0.01200724042942641,-0.0029783061280859433,0.04500331268558521,0.007296025400635999,0.015760362125863334,0.001665007938117162,-0.0050472336328914735,-0.034111926570806556,0.017655295422736847
F6_y_mid_minus_start,0.0010437303717980454,0.03169810845469487,-0.01473197524946344,-4.195343206517215e-05,0.03527996539838352,-0.036373797841346936,-0.007935881570082903,-0.01909218954880686,-0.02567919661702437,-0.003097507586519029
F6_y_end_minus_mid,-0.0005231042947394538,0.023965004884482548,0.04301434473462039,0.0038019173747601224,-0.011974295005265511,0.04036128229665722,-0.019261089494966875,-0.0005896099150411075,0.0033849194519771286,-0.01039316954798915
F6_y_end_minus_start,0.0004208316357433526,0.04548302766362404,0.023298823177200292,0.003085689734633286,0.018908509775311236,0.003495000593204992,-0.022269256256582718,-0.01603393861051455,-0.018137383226987595,-0.011051493567615572
F6_z_start,0.003593084115999636,0.001061389988527955,-0.0016617695418535703,0.03674332376427506,-0.04330764066237342,-0.042072513669519605,-0.02561353386992581,0.032874315347192234,0.013537056379018598,0.00762740459959402
F6_z_mid,0.0025913749382828364,0.01764344617389715,-0.009145422246502504,0.036163883280882374,-0.0313519979763614,-0.0534918210561928,-0.01683947053021164,0.005202778855279648,-0.0022659717710029194,-0.02924568512501537
F6_z_end,0.0025638765495233297,0.02711106982965291,-0.006434373592916483,0.031419532810746505,-0.03572746760036174,-0.03499659265538482,-0.03827935051130485,-0.004623215672879563,0.004297929579472159,-0.02463462707353733
F6_z_mid_minus_start,-0.0023762354446046925,0.031812398251905856,-0.014210284542372246,-0.005682274552105443,0.028413551616049044,-0.016770315757098867,0.020085626887891825,-0.05739271068593145,-0.032125768882446545,-0.07198154535975104
F6_z_end_minus_mid,1.6339335519035075e-05,0.023924523554440184,0.006389662080915125,-0.010527207408638387,-0.011810166473722912,0.04388039401654,-0.05342748142984322,-0.024066428104144968,0.01611599366353953,0.01042313723630046
F6_z_end_minus_start,-0.00202558705890421,0.04349618580389103,-0.00784505156106974,-0.012011663851413966,0.016341540095285205,0.015393493990194037,-0.019028439550250624,-0.06551733431049377,-0.01660231886804065,-0.054624589632018494
F7_x_start,-0.03621977056939838,-0.0014161892694282215,-0.01580746013753546,0.020663729031476653,0.014026210377407259,0.037237296752507976,0.014221163982117624,0.010291984691599641,0.026917781713618173,-0.005638318144639158
F7_x_mid,-0.03305545317427857,-0.012367870384677127,-0.015265336703827247,0.01783769203174464,0.031286943877949884,0.03390852687934803,-0.007900037748954432,0.015208796341249393,0.02243408944482405,-0.013286829508721844
F7_x_end,-0.03301777209632373,-0.015238434424939351,-0.0004107711453437851,0.023682431486702196,0.03244227590407317,0.025089655033865708,0.015483155877534889,0.0004064351121356842,0.03541419602029722,-0.011569400939372618
F7_x_mid_minus_start,0.008788823404751232,-0.02772597846562358,0.0017096425880519211,-0.007601141687167709,0.04344792477113731,-0.009227221122464992,-0.05636619221456924,0.012242661911013388,-0.011935128040089574,-0.019264732413540278
F7_x_end_minus_mid,0.0019218877234568035,-0.006550810091511974,0.03828000159054581,0.013743985002356268,0.0011824733452147611,-0.02409929445437644,0.059366685758470476,-0.038145311924894225,0.031472421479476945,0.0050625869774619785
F7_x_end_minus_start,0.009505393755928333,-0.030413811729654433,0.0350482457460557,0.00527224486625519,0.03970479151475962,-0.02931913584924752,0.0018283679177172254,-0.022512570399289472,0.016941983996608106,-0.012711883719660762
F7_y_start,0.0265344719151674,-0.0067785897639826365,-0.015625884114081383,0.05219594612562088,-0.010756723164995315,0.0022974028202732274,0.0046982968015250575,0.001200316324882561,-0.025041444827401806,0.019995095288301547
F7_y_mid,0.027058187143503616,0.004843938104154293,-0.020049550472716383,0.05049582828916972,0.004555979646123454,-0.011772590190964624,0.0009160140431531673,-0.010834558956841305,-0.03340693562700691,0.019707010143821726
F7_y_end,0.026745981708272224,0.01469522231184149,-0.0022676804505928406,0.05348425903556202,0.0006472250138981321,0.004183854005601248,-0.00718111038518417,-0.006368245380770399,-0.0357007596480106,0.013051333878816308
F7_y_mid_minus_start,0.0018216653752770094,0.030276477664571307,-0.011833830409628866,-0.00355616921137322,0.039858200868658676,-0.03675277330428047,-0.009810305120735621,-0.03144979671026582,-0.022301847936594926,-0.00041257052072396657
F7_y_end_minus_mid,-0.001431886154050722,0.024615811344840997,0.04512193461277582,0.006293051684640671,-0.009922124299241516,0.04034092224472369,-0.02034992112354975,0.011472268794004125,-0.004958536039263551,-0.017181214406178966
F7_y_end_minus_start,0.0002723435747043195,0.04403475904193443,0.02746189749890845,0.0023227193789697,0.02342865266961306,0.003850855434332062,-0.024365975611102483,-0.015513077608614716,-0.021685934434414824,-0.014347066206116352
F7_z_start,0.017325575937893956,-0.004523472908946157,-0.002504123675414833,0.03426620748165672,-0.041582511427557166,-0.03356067163862251,-0.025480001335187227,0.03331548647281224,0.025924974298434125,-0.0010190457490376389
F7_z_mid,0.016703883999039458,0.019669103824882343,-0.014633877781844858,0.03219481823102548,-0.02379578876140543,-0.04893261041688938,-0.014550872055475192,0.007350674474850334,0.016356140929260334,-0.035270834963431065
F7_z_end,0.015861003774666413,0.030894947942482685,-0.002834979966977591,0.029961731152383722,-0.029740208880557863,-0.02686566632333809,-0.03566979123495675,-0.0032759463210163178,0.024366361948017817,-0.03037219746695332
F7_z_mid_minus_start,-0.003400884816523767,0.03812579816121843,-0.018444260347656696,-0.008030709796892863,0.03341288409869553,-0.01909915271026523,0.02052076619720358,-0.04492277979301833,-0.01847542104772837,-0.05293403231586427
F7_z_end_minus_mid,-0.0006622056148313293,0.024671566934216058,0.02361955752046822,-0.0025439229651772377,-0.013940304009160057,0.042762894678847405,-0.044944175427773625,-0.021654463724825254,0.017756402897696713,0.00789499740864368
F7_z_end_minus_start,-0.0034870228729110167,0.05090733054557055,-0.00027021501779196964,-0.008905623363081412,0.020252160393701008,0.012260050069288294,-0.01248637644909773,-0.0549028959385859,-0.004314637110191292,-0.041805183119425555
F8_x_start,-0.03710749366178924,9.53588768482306e-05,-0.016861485505448612,0.02475671460659084,0.010174127565925775,0.032658055815255084,0.01285883860415642,0.009912268007783049,0.023958405252135457,-0.004685745499585351
F8_x_mid,-0.03448481663709002,-0.012096188514740341,-0.015379955837524571,0.022640868577121616,0.027681437907150316,0.029201997014833884,-0.010654216517077821,0.011428208234592386,0.02086333763631659,-0.009157580664187164
F8_x_end,-0.03403889600635434,-0.01447819092831253,-0.00014460288393867412,0.02875012327785906,0.030012039724870643,0.019358168628768466,0.013337871577007625,0.00022617237877220448,0.031867662949811706,-0.01001230674608359
F8_x_mid_minus_start,0.008991684294955548,-0.0295416409561132,0.0047878346316110815,-0.006885802137331553,0.04168935743732152,-0.010694286746249051,-0.05787616091152285,0.0029677803167752815,-0.009201279842401083,-0.010500206175333222
F8_x_end_minus_mid,0.0018343907520840344,-0.005721012509007426,0.0385184001197521,0.014847138753451785,0.005268385274542428,-0.025287599928190883,0.06037559842423353,-0.02832375669139005,0.02715725275334059,-0.0019527853804825418
F8_x_end_minus_start,0.00922086471524538,-0.030043255573387363,0.035769357183128375,0.006297876578339142,0.04009139015499492,-0.029960045068921443,-1.6459329781281e-05,-0.020736594304565897,0.014430682327715513,-0.010612181871596044
F8_y_start,0.02219896782082219,-0.005889660273478448,-0.01655006916184846,0.05658016443422283,-0.016596767556486855,-0.0056808544199707135,-0.0006357665655304543,0.0002801569008149234,-0.022856731364522872,0.017127237208900966
F8_y_mid,0.023059094603647346,0.005608295334883274,-0.020733250322350093,0.054171593061341505,-0.00010044314568408663,-0.019319013799396444,-0.004220881058354808,-0.014715031622579072,-0.030819975675952942,0.01598741567589757
F8_y_end,0.022551919069555792,0.015948029213577578,-0.0019422780117684872,0.05776090746188549,-0.0035278931193911656,-0.0031487759222352586,-0.013253307725839979,-0.007770752108139088,-0.03491147911051859,0.008394109258555747
F8_y_mid_minus_start,0.0020885370718024838,0.02959165599457214,-0.010662711991197844,-0.006504695307523307,0.0425007082970839,-0.03502977405539668,-0.009213148743961376,-0.03855138878155359,-0.020345695658918597,-0.0030249276766209287
F8_y_end_minus_mid,-0.001985840955971194,0.024805256679876923,0.04609930202789768,0.0068894735512449795,-0.008280495867672795,0.039718632418028574,-0.02169135523621364,0.01726865503312659,-0.008872904438974137,-0.018879227565514786
F8_y_end_minus_start,3.6191148030223483e-06,0.04326256866093185,0.0293329039877791,0.0005638433961472469,0.0262985687763692,0.005172235196894907,-0.024870551032043466,-0.01589061922706736,-0.02306701140607085,-0.017762074072413557
F8_z_start,0.02723921917142461,-0.008769360149131936,-0.0033252409444810187,0.029247103624249374,-0.03609500637811093,-0.023161225342035675,-0.023402843356918796,0.02949883466048116,0.03477517990097005,-0.009917584546164034
F8_z_mid,0.0271215579926263,0.019224377989756326,-0.018013957716441285,0.025090248687811338,-0.014376387325679042,-0.0398176708569389,-0.011649098798212167,0.007229180979707698,0.032008734004791116,-0.0352800793038639
F8_z_end,0.025561381170544482,0.030969671746858066,0.0011306393058062106,0.0264506231820856,-0.02134679603183837,-0.017853602739555986,-0.030145187354506664,-0.0012010828583527472,0.03943620369347717,-0.03153793631407767
F8_z_mid_minus_start,-0.0036250935058538664,0.0410100262018227,-0.020512441580043523,-0.009636648145295327,0.03553503550428302,-0.020799139472605338,0.019722014556448588,-0.03548314102217789,-0.008356687335606943,-0.03488806773109702
F8_z_end_minus_mid,-0.0014343913453009748,0.023209300998247397,0.035089115771582496,0.003958351570381158,-0.013938737685121598,0.039192860129304306,-0.035514521517797173,-0.015490449738587219,0.01577991268890177,0.0050944166357669365
F8_z_end_minus_start,-0.004349271656227596,0.054190689088592106,0.006255987047794158,-0.006009822276970163,0.022630974694451193,0.008924784430762991,-0.00728479110953101,-0.04360766834347075,0.003609370665349604,-0.028356051910646093
F9_x_start,-0.038240920184786954,0.0019687876140759924,-0.017326766034479444,0.029621420130601366,0.004471611498123667,0.024663897957629913,0.009610909971401389,0.009933700826632886,0.020485973299996105,-0.0033593762333790833
F9_x_mid,-0.036331169389792466,-0.011178257817883801,-0.014929863436630234,0.028409676470712603,0.021410805697374177,0.02120515109544325,-0.014315178617147472,0.007121152834901321,0.018076050317867624,-0.006679910235756563
F9_x_end,-0.035640908638243575,-0.012805251932729545,-0.0003906128246568277,0.03428357508626108,0.024948536300220186,0.011068646484400847,0.008722302834894289,-0.0005384942463596754,0.026834788661712735,-0.009843618141424754
F9_x_mid_minus_start,0.009262651237529423,-0.031313628448106735,0.007816348038080265,-0.006542577402910403,0.039475338050336636,-0.0112369716859212,-0.05773582155125943,-0.007880381817482015,-0.008239491760478624,-0.007429852770833393
F9_x_end_minus_mid,0.0017773000453081983,-0.004267817452154696,0.03804513486632468,0.015398302459838954,0.009277577792530018,-0.026515620769167195,0.06029020114169746,-0.02004374907458943,0.022941133643668746,-0.008286595032884139
F9_x_end_minus_start,0.009211677075072177,-0.029808906324822918,0.03574840418852826,0.006241640315551331,0.04056182101629966,-0.02982206120926639,-0.0027863164017100546,-0.022022813232547567,0.010577264322427131,-0.012640962681616892
F9_y_start,0.018561431151283527,-0.005291635698522164,-0.017265624238820047,0.05883332210906885,-0.0194198003892877,-0.010899187081515799,-0.004249741840175405,-0.002188060509931277,-0.021328803036490044,0.014530706289305237
F9_y_mid,0.01963757285931701,0.005759119019658364,-0.021396522371071102,0.056015671614348665,-0.0026043425794134442,-0.02331933816387216,-0.007736609277284253,-0.01695784533352188,-0.029168624930903116,0.012628151208427816
F9_y_end,0.018938836874982413,0.016035922437914695,-0.0019352255579143782,0.06000501543840434,-0.006068607413870908,-0.0073038716916149415,-0.017363859296071104,-0.008634540715118304,-0.035019128490674845,0.005764446557394666
F9_y_mid_minus_start,0.002359635312231935,0.029388843356331684,-0.010479187331480575,-0.00900696734325815,0.04501905717107172,-0.03258709447690939,-0.00911726063707647,-0.03903555347565417,-0.020189106475530627,-0.005418348895357124
F9_y_end_minus_mid,-0.002375802831999279,0.024130995731207833,0.046882687986399094,0.007393585854213525,-0.008110119666890176,0.03879122054609896,-0.022519840834922453,0.02033754571276276,-0.012787385954660117,-0.016721327913743957
F9_y_end_minus_start,-0.00019260683760745278,0.04231059570071958,0.031092434575623353,-0.0006588978872502138,0.0272994718637869,0.00763750633352348,-0.02563777008154433,-0.01259771015090161,-0.025911866811475556,-0.01801437056954701
F9_z_start,0.03056952644189536,-0.010143679510674337,-0.005649052132290272,0.027700070102481676,-0.03309496535033846,-0.018510984298984776,-0.022296178753680396,0.021267177634477306,0.03616847456697923,-0.017626754886710436
F9_z_mid,0.030321674769413255,0.01733981904598209,-0.019186846729259587,0.0224218184108819,-0.009814545306957193,-0.035828871228187634,-0.012587629997780268,-0.0009304990096150188,0.04084616318476529,-0.027169230122473183
F9_z_end,0.02860754762228932,0.02887543866068877,0.005355336583396871,0.027776843329818352,-0.015342216997990502,-0.016426104028277978,-0.02684852771811929,-4.5142605074638284e-05,0.044106875609668895,-0.0294005474720513
F9_z_mid_minus_start,-0.003551332547246405,0.04134045334769691,-0.019253222278747185,-0.010625141343094693,0.03757355813642261,-0.02345235194461708,0.01655506590373966,-0.03475307580296865,0.0030841281228227513,-0.01214814096771048
F9_z_end_minus_mid,-0.002336422763514196,0.021272990832599706,0.04385293997353687,0.010235528929364255,-0.010231392602299487,0.034151769728696976,-0.026076912756662317,0.0015760156215912024,0.006914109515003643,-0.004711750084714044
F9_z_end_minus_start,-0.005028906629081848,0.054061825571079865,0.015461139457785517,-0.0020243485767508125,0.026785936648390678,0.004269845005299149,-0.004502598199184987,-0.030737519362910144,0.008060080305609106,-0.014722679079874436
F10_x_start,-0.0389882077950777,0.003297436196636135,-0.016773018283569963,0.032685443706880285,-0.0006298221189085982,0.01689661008786315,0.006245075348568916,0.011152467990548372,0.017912639247624453,-0.0014665186590353243
F10_x_mid,-0.037651432006944305,-0.009823400426613551,-0.014063988792349585,0.032159224518194654,0.015336179700481206,0.013670539979282796,-0.016625788930403507,0.0048925539079260685,0.014346908681433524,-0.007196987132759738
F10_x_end,-0.037038119529116745,-0.010760339459090074,-0.0013135621606324406,0.037271634157978656,0.019408114555540108,0.004347469413180976,0.0038071500797225116,-0.001526225862334318,0.022052846518568193,-0.010661063444583731
F10_x_mid_minus_start,0.009569450213422342,-0.03215822617525476,0.009259664136408377,-0.006589824994415519,0.03858078172367866,-0.01052586006516159,-0.056135814368325355,-0.01690223327157034,-0.011509868714580861,-0.01357172238831027
F10_x_end_minus_mid,0.0020058563479933593,-0.002669654826526105,0.037196066724766906,0.014692629594358806,0.01176262373939673,-0.027217491326031785,0.059573160645638286,-0.018712308310894984,0.022346193828547356,-0.010040979292570171
F10_x_end_minus_start,0.009665923225709054,-0.029586238563472707,0.03443391672138943,0.0047789102644221655,0.04158465532140334,-0.028425193849174225,-0.005949802919253891,-0.02786432807759475,0.005987769553955733,-0.018828004140091954
F10_y_start,0.018468971418111036,-0.005332652587760113,-0.018099451775954373,0.0589109117029135,-0.01823524436266721,-0.010946147244059694,-0.0041834195890972925,-0.00595287687413379,-0.022629791753732448,0.013881513280351362
F10_y_mid,0.01945542444055836,0.0052537112472328205,-0.02218384911820228,0.05595741564434912,-0.0011724567668843083,-0.022309078910752282,-0.008369063998690153,-0.017012175102532084,-0.030190787588501022,0.012845370583780207
F10_y_end,0.01851982057194108,0.01518415968543886,-0.0022047149229212286,0.06022925505497363,-0.005768903473649683,-0.00615071535581111,-0.017914155599184425,-0.008415515834898114,-0.03802595612789554,0.0073776214410605934
F10_y_mid_minus_start,0.0022920801043042824,0.029518999935456577,-0.010901587822770939,-0.009623861196672207,0.04781092449136256,-0.0312813451248306,-0.011519124183936988,-0.030559115885269075,-0.020443857234740466,-0.0032121773523396723
F10_y_end_minus_mid,-0.002703365225237621,0.022892465168901647,0.04695478308213777,0.008376760053497965,-0.010630595236457631,0.038094891967885014,-0.021913180375818894,0.02040834487397389,-0.017348745999155552,-0.013035834142354546
F10_y_end_minus_start,-0.0006621865505930757,0.04139076264140955,0.03264413967147077,0.00020779603630788788,0.02577016069553031,0.01007570137544798,-0.02737970531450306,-0.004695336946254925,-0.0299583526293499,-0.0136254478987672
F10_z_start,0.024873792329183773,-0.0071820287576959295,-0.00935108034046241,0.03399550683635495,-0.03731838032984225,-0.02588433448754574,-0.02448633886524618,0.012362696916730392,0.02837638887775486,-0.020279310057308143
F10_z_mid,0.024089723345310367,0.015629491353433955,-0.017861708266315134,0.029211341816299072,-0.015480562942362736,-0.04337284718551182,-0.0192515089842865,-0.015907577618044687,0.03812342099565686,-0.013998755042776506
F10_z_end,0.022392485963210716,0.0263434304969755,0.007834271874226958,0.03701078256053623,-0.016943911215429906,-0.02757791578858476,-0.029892684605084104,-0.0008598346571515498,0.0340028247735094,-0.025079996028731195
F10_z_mid_minus_start,-0.003175728527680162,0.037956753609387925,-0.013247028062774951,-0.010428964183597539,0.03864955823055198,-0.026714677483266103,0.010445575314139482,-0.047302770128789376,0.01382924545504922,0.011840933552994494
F10_z_end_minus_mid,-0.0029019661775373366,0.019611561114541994,0.0466091247136902,0.014414122486863901,-0.002781492397403492,0.028400223745877324,-0.019507107732699144,0.027252631908240756,-0.0072024276506852045,-0.020267196022234812
F10_z_end_minus_start,-0.0051824942422711,0.04975487429429105,0.02585401337908641,0.00234028610860222,0.03226824679648722,-0.0008960405065378987,-0.006443260114158167,-0.020210715534394227,0.0065272777956786295,-0.005811644176972198
F11_x_start,-0.03916348777157616,0.00421824865883086,-0.016206471299088417,0.03418877128031892,-0.00396133692763049,0.011674777682265174,0.004058298764845119,0.012445555796334424,0.01650520162501829,0.00026645885139653684
F11_x_mid,-0.03809623447152076,-0.008600616750816619,-0.013576929554032592,0.03414787106876709,0.011468979495614984,0.008761090965401687,-0.017908841906329222,0.004893441107267312,0.011544045446189961,-0.008188733389481069
F11_x_end,-0.03766305514849183,-0.0091120495176716,-0.002280606006975846,0.038763376536484755,0.015277334134702088,0.00030395968290902037,0.00039979361767780795,-0.0018423034910710094,0.018750856029694087,-0.011097309108046214
F11_x_mid_minus_start,0.010099250361507056,-0.03227375169683579,0.009550145845238311,-0.0066296696802522126,0.03863536151021767,-0.009382225143098886,-0.054700685608002016,-0.020915988305155023,-0.015330918626171329,-0.020806965629944628
F11_x_end_minus_mid,0.00228960313855207,-0.0014473717474315921,0.03673987656817035,0.014080929765852603,0.012010086220613538,-0.02747286397203708,0.0594505329192726,-0.021832108659632823,0.022965639807031146,-0.009185902317162063
F11_x_end_minus_start,0.010457444907103285,-0.029496556193545163,0.032991238901341056,0.003548166978308826,0.042177968794614995,-0.026650711115719906,-0.008630448978436966,-0.03307728563509371,0.0017930517836652713,-0.02453089249065839
F11_y_start,0.0201425156464782,-0.005881885754949393,-0.019228287728583787,0.057943030991501145,-0.013783792723422799,-0.006971253734999562,-0.001417774706791679,-0.011214088914319876,-0.02607924909831265,0.014420019632650003
F11_y_mid,0.020969130947638612,0.00407698047111805,-0.023143189114946356,0.054842848694328976,0.0032732140822290963,-0.017246125083638934,-0.006938182658158312,-0.016029779730097622,-0.03327675263894864,0.015847909644290073
F11_y_end,0.019777881236951678,0.013250213868958118,-0.0023625917975140113,0.05955203507195108,-0.002874454953735935,-0.0011813657410689694,-0.015557111109533834,-0.007602678928442506,-0.043028297721178624,0.012073193527757804
F11_y_mid_minus_start,0.0024274201380440415,0.028879567286290233,-0.011384432307751704,-0.008907677822912378,0.04945790525069306,-0.029815116573081963,-0.016015426302114853,-0.013985617998496784,-0.020916523655712345,0.00416315670512609
F11_y_end_minus_mid,-0.002926368484873769,0.020363216656769403,0.04655451796792966,0.009761838054735739,-0.013725679789074933,0.03598122320575209,-0.01909198382902876,0.018966279846899196,-0.021267375583781282,-0.00860917117834215
F11_y_end_minus_start,-0.0009612151833887721,0.03893869726642579,0.034479591566857204,0.002635545852322198,0.022317363116977063,0.011840678615174238,-0.028714098070641583,0.007460654245917404,-0.03415338459693776,-0.004926222523455287
F11_z_start,0.012544207762991026,-0.0016766376742557672,-0.011825222494180245,0.04034082559686945,-0.04171543773211723,-0.03660728613464526,-0.026073672897075267,0.005105134699900087,0.014408915949799725,-0.01693442146554064
F11_z_mid,0.011627491077116602,0.013130098420614661,-0.01361003471732379,0.036367029417410685,-0.023760033714413525,-0.051238829427381755,-0.025246995158627977,-0.027722396447820794,0.02518380398287104,-0.0010177476844127468
F11_z_end,0.010151323775213338,0.021978993506454988,0.007520124888648802,0.044298781062108133,-0.021342889469917685,-0.04019343530079602,-0.033195984111069804,-0.0024899612272070494,0.014580831357095989,-0.01872294677318721
F11_z_mid_minus_start,-0.002065582332275138,0.029798368756181665,-0.0033785386642279864,-0.008704906607476238,0.03683901462724517,-0.02876696332674768,0.0021245833148636766,-0.06608961305521499,0.02140705588891603,0.032300558519456866
F11_z_end_minus_mid,-0.003118641870233474,0.017775090869806227,0.04294410667681069,0.01565969620259934,0.005159018404135433,0.022938114899781765,-0.015818065040461484,0.051408756451588294,-0.02175284389293217,-0.035845439498490166
F11_z_end_minus_start,-0.004546729617885534,0.04184501408172248,0.03448563240224379,0.005970903594843702,0.03705903408146933,-0.005408581554455598,-0.011924626082126022,-0.013550991465292482,-6.170660958901126e-05,-0.0027309839032679784
F12_x_start,-0.039130334378104537,0.0037661188258499637,-0.016461912548099263,0.033494240082723434,-0.002371089045592213,0.014171673699436328,0.005083186437782257,0.011840282997781025,0.01718093438317725,-0.0005988347041892399
F12_x_mid,-0.037952118884221196,-0.00920865645209688,-0.01377891183002092,0.03320328832107459,0.013283809459445654,0.011100762892228576,-0.017289839536631085,0.004793363859445615,0.0128949884843088,-0.00776939970640858
F12_x_end,-0.037430886505247084,-0.0099158982996069,-0.0018123868364617337,0.0380377676750123,0.017267518159715986,0.002224156203717719,0.0020132955732817853,-0.0017373208285704923,0.020336573913523084,-0.010965864252792355
F12_x_mid_minus_start,0.009790187408927375,-0.03227629476256593,0.009447650238492387,-0.006631883153603405,0.03855915603126119,-0.009987711046205324,-0.0554060574177717,-0.01926213924574706,-0.013480038173171099,-0.017363672771387575
F12_x_end_minus_mid,0.002144411625447779,-0.002037456690053996,0.03691045297129531,0.014354775277477508,0.012030878185799673,-0.027392316235367406,0.059469113021363235,-0.020104562795181146,0.02264499229765362,-0.009694899969022024
F12_x_end_minus_start,0.010017232346393337,-0.02955564184461676,0.03368582534940404,0.004111776208941902,0.04192484815771161,-0.027595155348194796,-0.007327179582121727,-0.030660110712372807,0.0038540784988135082,-0.021827974320948795
F12_y_start,0.019252807355811776,-0.005556993261439547,-0.018649522139514454,0.05854344468468939,-0.016227583017646766,-0.009190745363357471,-0.002890949994626191,-0.008415538162669364,-0.02437130397682998,0.014237675911253177
F12_y_mid,0.020171098238618235,0.004711435617890878,-0.022635830406168782,0.05552671297220433,0.0008564642503531736,-0.020020009550939192,-0.0077151975388443225,-0.01656824973017004,-0.031795685346258595,0.014295047386103432
F12_y_end,0.019108431706385355,0.014303216972578065,-0.002331876967090901,0.05998135170878275,-0.00449672198181548,-0.003860678570966224,-0.016878407145895145,-0.008031737963078463,-0.04061407846032633,0.009629056630551455
F12_y_mid_minus_start,0.002361950876977472,0.029301582001754856,-0.011102891212809753,-0.009353168281895424,0.048841730106178614,-0.030704997094105964,-0.01369428585883144,-0.023096391920157094,-0.020814416669135,-2.3009171965529574e-05
F12_y_end_minus_mid,-0.0028292953459748108,0.02178664202108158,0.04677299574794786,0.009047032369622298,-0.012229160673746289,0.037265539918589004,-0.020748639254974756,0.019806656982249607,-0.019478429552989632,-0.010931375958649637
F12_y_end_minus_start,-0.0008162332567451862,0.040360599570690145,0.03354453937588092,0.0013180699931797013,0.024192136600558016,0.011041467436999738,-0.02824061257458957,0.0010060619106316904,-0.03222222716684847,-0.00971815277706596
F12_z_start,0.018623151169878966,-0.004365785854005195,-0.01082037820263057,0.03794908913142581,-0.04024492405779766,-0.03203711882721409,-0.025728311656282823,0.008669382564214222,0.021369188499838532,-0.018778061808815947
F12_z_mid,0.017667662537383135,0.014523572859651643,-0.015862075478014957,0.033655797579946904,-0.020272712020576678,-0.04837599008151027,-0.022838938347041437,-0.022630444282895894,0.03171258815890935,-0.007276461694612
F12_z_end,0.016096435657689236,0.02438836522983284,0.007777032282543859,0.0415790179504986,-0.019612139635988138,-0.034844218346063625,-0.03217935182656453,-0.001807302165744935,0.024091146321484132,-0.022091036349156948
F12_z_mid_minus_start,-0.002675915595599574,0.034449246719501066,-0.008586832075165543,-0.009704267273738198,0.03823116248730459,-0.027981389568622807,0.006540514697831461,-0.057155487065451926,0.017658571279532048,0.021793493333484994
F12_z_end_minus_mid,-0.003002761480168551,0.01888246416470922,0.04523616610082076,0.015171294544274285,0.0012593516560470374,0.02588523649276193,-0.01788090408259652,0.039845425032172005,-0.014578165596416849,-0.028353508487933183
F12_z_end_minus_start,-0.00488149621457805,0.0462821642707194,0.03029117423751546,0.004123324848866668,0.03486751615520951,-0.0030685095908017145,-0.009190761931514808,-0.017179203502973216,0.0034084528234936172,-0.004471449862907059
F13_x_start,-0.03913270122903336,0.004674054100630656,-0.01592984027262765,0.03491167392448429,-0.005733298219973657,0.008788398756168077,0.002821208761866272,0.012950540748165764,0.01574215463766716,0.0011201094314338103
F13_x_mid,-0.038154133148233724,-0.007798067227056749,-0.013440047839654575,0.035163831173019584,0.009456802637329849,0.0059976365524305976,-0.018608569116367043,0.0051514645949613585,0.00995423457847075,-0.008868545592259759
F13_x_end,-0.03782318856242683,-0.008154430853666173,-0.002746398178008358,0.039569019744117806,0.012921283090544897,-0.0018811564094028742,-0.0014993015277338813,-0.0018870123848894434,0.016960009488912665,-0.01125661719533932
F13_x_mid_minus_start,0.010470927265480188,-0.03198477209648573,0.009464969592348117,-0.006542578296011036,0.0389633833647567,-0.008747001361710723,-0.05388675143637201,-0.0220601472437537,-0.01763063791088504,-0.02507718312253388
F13_x_end_minus_mid,0.0025104745078534762,-0.0009376909191849215,0.03707535837005697,0.013802917487677471,0.011512663011112308,-0.027175092937896765,0.059214033121895056,-0.024269263637628713,0.02361176224388094,-0.007850817308177348
F13_x_end_minus_start,0.0110096629130826,-0.029288031340539124,0.032406853188441075,0.0030376520620337,0.04236863614442782,-0.02537590777874846,-0.010122652501602967,-0.03544010359105519,-0.000577711277641498,-0.027553448464650947
F13_y_start,0.021453014815607487,-0.006478944802388121,-0.019947133484064343,0.05664001124628224,-0.009891915309213963,-0.0032615588954216838,0.0008219466139900608,-0.015270529122972292,-0.028219226064100707,0.014398684630800787
F13_y_mid,0.022132075503987478,0.003026896550382312,-0.023790012259400493,0.05349326483926858,0.006913847594056889,-0.012789311598040516,-0.005644896640917286,-0.015297240186043119,-0.0347675764579436,0.01773027404737335
F13_y_end,0.020796099402074556,0.011572686938971595,-0.002253762900081504,0.05860485268314351,-0.00018937246938712673,0.002858772262574637,-0.013300253995530118,-0.007016149470550414,-0.045664348466534596,0.015191382685853773
F13_y_mid_minus_start,0.0025273458013136793,0.02789087269551288,-0.01182611000061591,-0.007902658271298681,0.049347543716018905,-0.028193276281962172,-0.01906173835338137,-0.0004515448755701996,-0.020011089217713933,0.010182013269378341
F13_y_end_minus_mid,-0.00301398635026049,0.018283187900242557,0.0462919362734125,0.010579834984186859,-0.015261868717542851,0.033604408484717005,-0.016357950910343647,0.017842485171078615,-0.02310001380214718,-0.005560156397079534
F13_y_end_minus_start,-0.0011093222664257042,0.036482500646642685,0.03561855130708068,0.004561000075439404,0.01954297176163884,0.01235828410005625,-0.02858478215824166,0.01655553185950519,-0.0356115182651859,0.0017531284345153758
F13_z_start,0.005515031128369548,0.0013207950140067973,-0.012353618836433584,0.04171993841914574,-0.0420740429284882,-0.04053064148766744,-0.025870800276690625,0.0016633640806838215,0.006981920217156701,-0.014421041704407934
F13_z_mid,0.004965831087281018,0.011481464405711192,-0.010904677342623261,0.038054186587669354,-0.026744385920667486,-0.05284104777010473,-0.026991660024024006,-0.031481209251132805,0.017607241308393896,0.0049592263414972556
F13_z_end,0.003539883616599499,0.019001609181173617,0.006790836814851226,0.04570237648437851,-0.02281727784933495,-0.04456374586234533,-0.0335381980209315,-0.002983606493212745,0.004275782076651875,-0.014673545891010399
F13_z_mid_minus_start,-0.0010999133713473176,0.023071781501185055,0.0029597351752466143,-0.007212304023691503,0.03364820964353865,-0.02897864744089485,-0.003222757725037472,-0.07510391273022893,0.024274392983784105,0.04356045240795347
F13_z_end_minus_mid,-0.0032620247986866057,0.016173888971159994,0.03909468538880097,0.015728523078369742,0.00934081962086564,0.019591538987704417,-0.013615478442339572,0.06334009131222376,-0.029709815130267526,-0.04317958763400343
F13_z_end_minus_start,-0.0039871863744336345,0.035620337463242405,0.03858848731484428,0.00796469570143207,0.038856700575237275,-0.008068453267189156,-0.015411287670778376,-0.009364773600266236,-0.005462010650175571,-0.0004883797894666249
F14_x_start,-0.03908237125978332,0.004941266967574661,-0.01565454525095993,0.03538879664957398,-0.007072911634734467,0.0065083198568429285,0.0017221262864424013,0.013327766509454608,0.015373910009602055,0.0016293567315949884
F14_x_mid,-0.03815237543944009,-0.007057647958707751,-0.01341638605814585,0.035829086941192134,0.007863224237007266,0.003746873601434974,-0.019118794254749168,0.005599188541248741,0.008761476535220266,-0.010071114025815186
F14_x_end,-0.03792366638226664,-0.007326654448539339,-0.0031197252930953525,0.040062361981092726,0.010915806195537888,-0.003527009641868287,-0.0031598453716460352,-0.0018828539670050627,0.015738700141852396,-0.011681271563859633
F14_x_mid_minus_start,0.01066680712250847,-0.0314553048481218,0.00900006907338236,-0.006409193733057508,0.0393513295162651,-0.008381251357881094,-0.05317598537485734,-0.02241775047131267,-0.02002457866682249,-0.029994837753672534
F14_x_end_minus_mid,0.0027808518370198545,-0.0006090972804957018,0.03784768298761252,0.013441263309803395,0.010613568335081173,-0.02644305768276553,0.05857481737733844,-0.02728923039289168,0.024731330019075813,-0.005294780818918445
F14_x_end_minus_start,0.011431939107621759,-0.028940287274436347,0.031958954091826794,0.0026293611129799914,0.04239689354305825,-0.024229110848829127,-0.011461659460935799,-0.03750432168713891,-0.002635662333075236,-0.030559412617465795
F14_y_start,0.02296163054471057,-0.007283903205260738,-0.02045226463028238,0.05443366528859965,-0.004856445036924551,0.0017770616635889708,0.003620704774139738,-0.019594964919445675,-0.030327002191106768,0.014179924281241735
F14_y_mid,0.023349183579775893,0.0016719297175907632,-0.02422451619377979,0.051517536984186686,0.011184825756538997,-0.007049855518397537,-0.0038174212678997945,-0.014395716448260706,-0.03594233977477889,0.019181754546884817
F14_y_end,0.021957746739892307,0.0094300117199254,-0.0021844817080284686,0.05694183246421257,0.0032683919946883138,0.007889964965511415,-0.010318555733121411,-0.006521241569726295,-0.04782456368222266,0.018205518714367163
F14_y_mid_minus_start,0.0022695664948348565,0.02643749537787054,-0.012272921866579913,-0.006090996037038958,0.04774963204799039,-0.026318142889673747,-0.022074687724513875,0.014605094027443626,-0.01826364626181181,0.015647686998833336
F14_y_end_minus_mid,-0.0030105347255085773,0.016036221314632677,0.045722154719569585,0.01092609599878649,-0.01643679301313921,0.03093947790378894,-0.013424336502636797,0.016368257252796666,-0.024371270914166077,-0.002128109888076619
F14_y_end_minus_start,-0.001399195917525396,0.033461924906722534,0.03623420004836848,0.006526755874689664,0.016230581356487608,0.012358671554803144,-0.027973483063842227,0.025797362209140598,-0.03605969000928022,0.008491371918486649
F14_z_start,-0.0017902735088188935,0.0042254501177375866,-0.01232435144718978,0.041861793518812425,-0.041143543688220506,-0.043270365363636334,-0.02495658148014147,-0.0012616718408352651,-0.00022578605796064218,-0.011169642936787672
F14_z_mid,-0.0016326342493506536,0.009770494799362756,-0.008104150284747159,0.038684416392052376,-0.029000698499712117,-0.052930003877832706,-0.02770497281762505,-0.03361111921205349,0.009696775640396518,0.009739744829877876
F14_z_end,-0.0030226140475370766,0.015730582801234617,0.005695030020772775,0.04568045922595083,-0.02388317737194963,-0.047358044706322384,-0.03305387940865824,-0.003307696861186663,-0.0056186798500543755,-0.010492353784778986
F14_z_mid_minus_start,0.00027761719301060497,0.014473954819413198,0.009926883918347028,-0.005190858057325834,0.028164594162069016,-0.027730237330855632,-0.008775936610889126,-0.08280127565182985,0.025354738315226895,0.0526796367371749
F14_z_end_minus_mid,-0.0032828305926519965,0.013952461435938803,0.033678806566669536,0.01515953153754344,0.013653476668575673,0.015821646258642103,-0.011674166474524496,0.07466747897726686,-0.037410910643835074,-0.049283345703718937
F14_z_end_minus_start,-0.0029368576699051116,0.02714323997284414,0.04209432660820725,0.009900891269279661,0.03967456155795009,-0.01056442535366623,-0.01958791078481019,-0.004838287447737685,-0.01268439073609407,0.0013462013367634216
F15_x_start,-0.03907748472097942,0.005149965338690576,-0.015389122634826079,0.03568406530570828,-0.008160504984700325,0.004374327594758751,0.0005963331454306542,0.013294712911880053,0.015154474643051022,0.0017123014458609025
F15_x_mid,-0.03819212012925976,-0.006391864490706572,-0.013364141006438074,0.036192096900545444,0.006355863006408142,0.0016821019422484228,-0.019681622835112416,0.005750454437197342,0.007889806446675935,-0.011478792680112834
F15_x_end,-0.03806539748862943,-0.006668437601958061,-0.003343967771678897,0.04027211963719398,0.009004223976182744,-0.005045025283931269,-0.0048396028123669195,-0.001859530255401411,0.014674687917763527,-0.012245511129936016
F15_x_mid_minus_start,0.010660153143092271,-0.03106121465819671,0.008549302985865252,-0.006317164356475049,0.039426452640635073,-0.007924268245971684,-0.05276322009756219,-0.02242755056736547,-0.022099778035724604,-0.034606610511866295
F15_x_end_minus_mid,0.0030076628726233737,-0.000629050616557969,0.03898892799181708,0.013122185198128205,0.009650961848250952,-0.02569343256009719,0.0577434346683498,-0.029319850556123787,0.025280044353495516,-0.0021565815615132503
F15_x_end_minus_start,0.011636603958610124,-0.02889714249837569,0.03185617705730573,0.0022822994830018735,0.04213087648793924,-0.023095202874207944,-0.012871093046819175,-0.038640278255137286,-0.004717163038483434,-0.0330919554241754
F15_y_start,0.025300085281237374,-0.008589025966363498,-0.02039782989665582,0.05031461403932688,0.001617785106085828,0.008767685985769554,0.006742000986559374,-0.02366496392213825,-0.030614826634206782,0.012699852619021151
F15_y_mid,0.025192308429319844,0.00015362320881903924,-0.02449864796722285,0.04802131851542124,0.016552622351109256,0.0004070685762494523,-0.0013322581688170116,-0.012431879107194527,-0.034855860447619944,0.019404423570861754
F15_y_end,0.023781669095826664,0.0070689995531855905,-0.0020762055675815215,0.05380557639102573,0.00768288441481819,0.014579427618359017,-0.006496613680373631,-0.005716525465714072,-0.04752676010617373,0.020471927621353938
F15_y_mid_minus_start,0.0011664690989771217,0.025392475284336347,-0.013344991494142644,-0.0038383703555471154,0.04433391906891519,-0.024250356259342052,-0.02352108212498514,0.031884150346380494,-0.014360309869230653,0.020605589009609373
F15_y_end_minus_mid,-0.0030610672183762726,0.013807906743597446,0.04501305898374008,0.011085265017920289,-0.01787249866414546,0.028297003789868488,-0.010299850400481056,0.013530448402689809,-0.024964870006236352,0.0019436580341447237
F15_y_end_minus_start,-0.002271070086050698,0.031011867600990405,0.03597593755081861,0.008485794477657044,0.012161170161200302,0.0118703489438578,-0.026235691373607473,0.0351323411851442,-0.03469574147949522,0.01590361777914985
F15_z_start,-0.008219123169634692,0.006463969802613749,-0.011973198636217784,0.0409637667662613,-0.03925260298985303,-0.044474721775664375,-0.02352363705427452,-0.0036824389837884163,-0.006296853542499224,-0.008171286436398554
F15_z_mid,-0.007429013089889162,0.007964457567884636,-0.005591739187923797,0.03838996326543139,-0.03035666809274978,-0.051674143581494,-0.027535687657537673,-0.03519112649681615,0.0027788588785458744,0.013136535788038466
F15_z_end,-0.008744707066193428,0.01257559666092583,0.004635983074864927,0.04457586933583694,-0.024111765912174832,-0.04860561163019369,-0.03199874332177921,-0.003947641446340874,-0.013725758401113725,-0.0071056603640439605
F15_z_mid_minus_start,0.0013403185022463164,0.004828986479569915,0.016454450987729772,-0.00289807820539289,0.020603791940720532,-0.02456230771108699,-0.013557478326211651,-0.08774165956004162,0.024511773351764535,0.05823247782211067
F15_z_end_minus_mid,-0.002971437125294012,0.011555647857104594,0.02710009718679903,0.013751939805260505,0.018248850513444416,0.011288808332027462,-0.009932102643200554,0.0839289065217917,-0.043337339615076534,-0.053765892966280544
F15_z_end_minus_start,-0.0017211564782526401,0.016650504230291716,0.044135007739122226,0.011242821407793788,0.03916358306344125,-0.012768017948881763,-0.02363914228011848,-0.0008509270295377769,-0.020180397324681274,0.0025522140081479412
F16_x_start,-0.0391500793528114,0.005275432246047757,-0.015264473466801601,0.03576509927922193,-0.008868328076525153,0.002594958834420131,-0.00047261116739954166,0.012508539147688394,0.015043546010486604,0.0011506040781158477
F16_x_mid,-0.03830180619171799,-0.005959841893088806,-0.013316734006888774,0.03617102087066754,0.005231151648434649,3.0011774498929665e-05,-0.02039213668774688,0.005339893645583107,0.007630790947396323,-0.012511577136477724
F16_x_end,-0.038249779163285175,-0.006340684762761626,-0.0032642321084911867,0.040229656458493926,0.007529614072863022,-0.006329476633761198,-0.0062902998410994055,-0.001787155775016377,0.013773998072068683,-0.012747405309817748
F16_x_mid_minus_start,0.010504658372537789,-0.031003704359850413,0.008397885507560083,-0.006454660005123825,0.03938106438565786,-0.007370923527291587,-0.05289789324714808,-0.021707921444075535,-0.022891444856641904,-0.036591701771226906
F16_x_end_minus_mid,0.0029347804763347972,-0.0010798142138919433,0.04066056684011538,0.013455919629894184,0.008707151970454489,-0.025124825938553617,0.05716133252686369,-0.028535382249506202,0.023724540994624475,-4.009087363314307e-05
F16_x_end_minus_start,0.011492176255617749,-0.02928684704972823,0.032591667498428255,0.002259637289603747,0.04168123056833987,-0.022153423345196387,-0.013926251102302748,-0.03747481437313693,-0.006644671173604829,-0.033811405036521615
F16_y_start,0.028096037363406105,-0.010348400821199588,-0.019547277237791677,0.04400712718031908,0.008571633990624295,0.016877913091157503,0.0095736806617698,-0.026497182217481142,-0.027635710582993838,0.009335208986081147
F16_y_mid,0.027527244870817848,-0.0013031919516837734,-0.024506912594484582,0.042537034217084185,0.022396631422497683,0.008946014953948466,0.0016679694353895003,-0.009353746502713383,-0.030133283117172702,0.018095741651070384
F16_y_end,0.026198922712171814,0.004856742935512734,-0.001758537923956377,0.04889334354169052,0.012759769136554404,0.022263763480010516,-0.0019962696144085984,-0.0045403917236194495,-0.043081554232620334,0.021246132930396254
F16_y_mid_minus_start,-0.00043926236330226045,0.025482207262986674,-0.015041205511487975,-0.0023477929296886343,0.03998144458894722,-0.0220150789948507,-0.022249591696587162,0.048004833888813665,-0.008328484478756271,0.025500612423657507
F16_y_end_minus_mid,-0.003174515281788938,0.012059452694381523,0.04494996193855454,0.011519392776699566,-0.01929521920552999,0.025824641470931078,-0.007192377820576154,0.009598832484517686,-0.024656577347169636,0.005772311538847094
F16_y_end_minus_start,-0.0035356791289954995,0.030114094490939238,0.03516944727936635,0.010068546795259647,0.008389111591484436,0.010836617248721588,-0.02290047197442175,0.04339035332452362,-0.03090617265519398,0.023734014576492414
F16_z_start,-0.014742030664862174,0.0085753017600918,-0.011487082378374302,0.03895162332502398,-0.03616743438394752,-0.04447367674700529,-0.021454368148483408,-0.006711330261783279,-0.012514328424800025,-0.00534449046802545
F16_z_mid,-0.01312260782192658,0.00580906437395086,-0.002975584531158904,0.037176247636366594,-0.030896317166981362,-0.04920463060564264,-0.02699832554603323,-0.03663563519316588,-0.003920636970141895,0.016785032044686034
F16_z_end,-0.01444066622395331,0.008837418861328838,0.0037815294065638035,0.04257547747867139,-0.023464961931743574,-0.04891064431602432,-0.03004658871619632,-0.004422279754346341,-0.021613015992608765,-0.0034663112230165338
F16_z_mid_minus_start,0.0027771431952224226,-0.006829292871229344,0.022884187406929275,-0.00018257553754184595,0.010523419969613276,-0.019106675688982527,-0.018539507151602446,-0.08636965681384254,0.02299010147375639,0.0625773450279299
F16_z_end_minus_mid,-0.0025785912085586954,0.007877427587198957,0.018855402822170225,0.01189290447963408,0.022953086681764438,0.004757631744933196,-0.006232274286239129,0.09169098280494747,-0.0484301114853102,-0.057141575904510335
F16_z_end_minus_start,0.00018909983196626687,0.0011815970557299685,0.04453866075758463,0.012551966528995593,0.03578826526837317,-0.015215393256956977,-0.026390680178294483,0.006440017457712055,-0.02746119736552199,0.005291781666215408
F17_x_start,-0.039176283016108086,0.005319004241561031,-0.015246960703990089,0.03580686734554924,-0.009352328328723387,0.0012103852260405838,-0.0014942300697794815,0.011509686362306504,0.01518765026448435,0.00023540930739496477
F17_x_mid,-0.03836328144424088,-0.005665959669315916,-0.013296388661829795,0.036021823732993966,0.004522524487245778,-0.0011582422321517352,-0.0211278531171187,0.004896935474854101,0.007967427205188652,-0.01328669876680007
F17_x_end,-0.038361383096654246,-0.00623921915257677,-0.0030820381314930196,0.04012899512995639,0.006494251381836098,-0.007281215524174371,-0.007376748808691649,-0.0016084526942970246,0.013373526756829084,-0.013249791998844063
F17_x_mid_minus_start,0.010419174648707164,-0.030933924416560763,0.008490991426697497,-0.0069224509850366696,0.039624073121994424,-0.006683418662397158,-0.05298269549245943,-0.020363163128857928,-0.022783147368834515,-0.0367554204204771
F17_x_end_minus_mid,0.0026740013859874777,-0.0019168799263769433,0.04209586732853259,0.014051465433917613,0.0076332570376338735,-0.024599817403422774,0.05689602813064386,-0.02656209601850253,0.021237005375273156,0.0010722235445622824
F17_x_end_minus_start,0.011268142559642114,-0.029768976108007553,0.03361171434388802,0.002200205116389239,0.041300698508477826,-0.021233253262038797,-0.014157986029229925,-0.03507995146254919,-0.008064175850204075,-0.03332114861602002
F17_y_start,0.030078349922970496,-0.011852556418911772,-0.01821362728906991,0.03716218965700115,0.01434254411242875,0.023834567886262915,0.011781622032852978,-0.027782853012778417,-0.023464316172065066,0.005778805552431165
F17_y_mid,0.029258302553891995,-0.0026205239145669816,-0.02399403469512877,0.03639443573231804,0.027146241183678577,0.01661278513612043,0.004625690740849687,-0.006315433245629118,-0.024385574777090767,0.016184543240744646
F17_y_end,0.028126812797823246,0.0029699923117876667,-0.0013823438740000959,0.043229200460760106,0.017348260804833524,0.028977294869522722,0.0022570936216669813,-0.0035012029797913554,-0.037007619297431876,0.02110523090678606
F17_y_mid_minus_start,-0.0018580409385429496,0.02567870189716349,-0.01645158056162481,-0.0016083977662499623,0.03606168546721689,-0.019875053244983412,-0.01986626900549491,0.059707938331548874,-0.002921570252855041,0.029222182725239836
F17_y_end_minus_mid,-0.0033062488252303458,0.011057585833207893,0.045222176464883176,0.012046140344418114,-0.020218263910077965,0.023622725244255273,-0.004815614034432052,0.005752106010244042,-0.023838586234934855,0.009045124225513948
F17_y_end_minus_start,-0.0047262724034982835,0.02997622512782407,0.03416855282228431,0.011121016608000632,0.005620788246853358,0.009636347287029778,-0.019375703887889496,0.04933445712990288,-0.026451650997254668,0.03050222558819336
F17_z_start,-0.01991023323734127,0.010232807498669231,-0.01096630084224461,0.036440944771786846,-0.03273885525575012,-0.043476344577934915,-0.0192041020675351,-0.009610849582188968,-0.017650685592489748,-0.0031315162147421485
F17_z_mid,-0.017681611210561225,0.0037972129058546403,-0.0007536146946882897,0.03549309215242736,-0.030747870536632242,-0.0462069780128828,-0.026155329098720728,-0.03770513689168321,-0.009213894198426439,0.01993216787093815
F17_z_end,-0.018982336659456065,0.005354040277419068,0.003151122198925457,0.04021616804675209,-0.022287607322403008,-0.04833330726713422,-0.027729480655666622,-0.004744312692446334,-0.027911569037618298,-0.0001553019014745039
F17_z_mid_minus_start,0.003586538333651172,-0.016586731995597306,0.0270165513549295,0.002161891586711291,0.0012332429846599986,-0.01334096722911513,-0.021904017144550557,-0.07956379090463574,0.021186141719248132,0.06386418513700944
F17_z_end_minus_mid,-0.002040426412053092,0.004006581920613225,0.010974921363476511,0.009995450238237903,0.0264018550147909,-0.001776832973228375,-0.0020408188439721897,0.09546558310514508,-0.05139783479698882,-0.057905577590790305
F17_z_end_minus_start,0.0017945161274939077,-0.014133052923109797,0.04182331501085095,0.01314250089542948,0.029737633249172234,-0.016738893670918853,-0.026541215209442536,0.014127281378532855,-0.03167249325568473,0.008776365129328481
F18_x_start,-0.03918731644111553,0.005349731613659771,-0.015312983572449175,0.03576433405233995,-0.009645131941199389,0.0002017558399268654,-0.002294576614897734,0.01047364605733402,0.015414065808281098,-0.0006762387905507474
F18_x_mid,-0.03838285339511818,-0.005510668796915495,-0.013321899012614569,0.03580506088848146,0.004111991104405965,-0.0019419759401546237,-0.021838357864770522,0.0044571541174742504,0.00860697012875585,-0.013745637653943626
F18_x_end,-0.0384097092826211,-0.006267128261940162,-0.002820695747133422,0.04003297774829624,0.005827067140180912,-0.007975670780056333,-0.008127594139088196,-0.0013706880539337497,0.013230364353410478,-0.013660484372137526
F18_x_mid_minus_start,0.010433306655197488,-0.03093105794231267,0.008679019318644966,-0.007395067581051104,0.03978318581752894,-0.00592617386496248,-0.05315950803283252,-0.018711648955274232,-0.021918573861842382,-0.035729181960701524
F18_x_end_minus_mid,0.0023371833508299892,-0.0026961531608244737,0.043150615487554715,0.01475013414902422,0.006646847087649714,-0.024181742037753657,0.056622234288101064,-0.02376019579560466,0.018076018011611916,0.001218754802849356
F18_x_end_minus_start,0.011072922844179515,-0.030207753452390202,0.0347125704361579,0.002305228103916409,0.040820324970303905,-0.02043330213524504,-0.014006823085990302,-0.03196920225307279,-0.009036890167360158,-0.03221201621151481
F18_y_start,0.03132963500233659,-0.012854285898394808,-0.01664990754338855,0.03075697379779687,0.018714231628544832,0.02915425369682502,0.013325730181759275,-0.027879575494951795,-0.01903157575306483,0.002645944018013299
F18_y_mid,0.030397714952846988,-0.0036535336210702916,-0.023080368397973856,0.03051798664314229,0.030484708527063902,0.022761170157562242,0.007088612731579377,-0.0033926758058786047,-0.01860972016540475,0.014177535685487389
F18_y_end,0.02951204733956689,0.0014586682696524247,-0.0010865067653871654,0.03758844365594072,0.020910768329625875,0.03417949800384327,0.00585231492392883,-0.002493741738778354,-0.030509402566159367,0.020471035966511134
F18_y_mid_minus_start,-0.002961189122288922,0.02562700494590408,-0.017598851693635297,-0.0010359650276556033,0.03235654909605944,-0.01805290852417797,-0.017428480908469338,0.06812670078781387,0.0013994799952999828,0.03189082392772926
F18_y_end_minus_mid,-0.003464148271061853,0.010467031149311959,0.04543986625387102,0.012503681496137209,-0.02091349758878008,0.02166364178316531,-0.002875409287256185,0.0019930623488858,-0.022860360118035536,0.01184994433490513
F18_y_end_minus_start,-0.005764541410648583,0.030054120429928277,0.032855099371420594,0.011924662097836975,0.0032552918424647186,0.008343513421106922,-0.016126405346520555,0.0536380631421073,-0.02217642256371657,0.03620521182958825
F18_z_start,-0.024792856368759917,0.011664220476646295,-0.0103869643831827,0.03314574361771312,-0.02853976999752452,-0.04147554969794907,-0.016496270829359602,-0.012891323156052613,-0.02259234445755803,-0.001258315006581302
F18_z_mid,-0.021971780559751485,0.0015634553906249287,0.0014374125264444175,0.033157176296612904,-0.029918968498338704,-0.042413320068296095,-0.025088701846516754,-0.03875436669414831,-0.014000069812134976,0.023393523199494903
F18_z_end,-0.023256703430702685,0.0015847453571641277,0.00277588883869679,0.03729532013212625,-0.02039506293570173,-0.04695693329490485,-0.024747550044193392,-0.004928133832073081,-0.033755084511065715,0.0032193623298323497
F18_z_mid_minus_start,0.004277215098200831,-0.024733573566363142,0.029353326347268987,0.004078654535205135,-0.007058166226014691,-0.007495197790907432,-0.024267418565206422,-0.06855361994069077,0.019491992335357776,0.06368839642569517
F18_z_end_minus_mid,-0.0015426674917368292,-8.142815402406525e-05,0.003520347661584989,0.008322538488956843,0.02863013733774674,-0.008602149179806362,0.0031679014852801185,0.09566424731216834,-0.05260158104219182,-0.05707970407164574
F18_z_end_minus_start,0.0032146722597326304,-0.0279040907899018,0.03665867345491105,0.01319922576268485,0.021685767592220653,-0.01733140944460243,-0.024017568302605437,0.021879550669911683,-0.03250457813878958,0.012572984413483576
F19_x_start,-0.036829474411064274,-0.00043563034776759315,-0.017434748145981224,0.017008230234067265,0.016418858053219236,0.03501387323578321,0.012464838146115948,-0.0029881003962873424,0.02766921385349886,-0.012543413143415439
F19_x_mid,-0.033132216459418835,-0.013653328360038686,-0.0148579327822805,0.013009312818439173,0.03222074914560545,0.03398731353525365,-0.012318550113421188,0.011832635902297939,0.02749366379129776,-0.011305696760533867
F19_x_end,-0.03400424563460132,-0.01827013008963134,0.0017273887801658478,0.021930305908791598,0.03178014944712794,0.023327677364021804,0.013102202267750834,0.002614802001064277,0.0315028744813601,-0.009314245957301933
F19_x_mid_minus_start,0.007663621166371165,-0.03063179299300207,0.005542776630823102,-0.008847769494669885,0.037009863196555214,-0.001520930921610565,-0.05710989935491469,0.03426168749841954,0.0002707571194953993,0.002560276696150811
F19_x_end_minus_mid,0.00011976724046137745,-0.009881473394400365,0.039652402902424576,0.019963193511341463,-0.0031223219111173274,-0.02707384298019029,0.06009663961844703,-0.022270509679798007,0.0075644957418329615,0.0053801655300547225
F19_x_end_minus_start,0.007083713622788315,-0.03658691267621898,0.039935369561278335,0.009508050720190696,0.030953242219250467,-0.02520589305836878,0.0008730228276247775,0.01160324580756947,0.006902179699283743,0.0070650827866595494
F19_y_start,0.03775853717626043,-0.014103360581215248,-0.006839104567561061,0.013847117594908764,0.01677145058290093,0.036616976305750525,0.016294116205501342,0.0007837987267183878,-0.0014657361979786847,0.0057548083929681556
F19_y_mid,0.03710702730323787,-0.00020907072008696426,-0.015807753074741582,0.01321227003977218,0.027980178939440006,0.02742600518251179,0.019594445211617035,0.011941079185838128,-0.005014237646677285,0.007378923375719448
F19_y_end,0.03717075437253364,0.00665301344362612,-0.0018683388885295362,0.015505774948316757,0.021138619466165513,0.039222653477665716,0.01578004013047599,0.0002729391952516866,0.0009724376915596473,0.011399273260047057
F19_y_mid_minus_start,-0.003978157242741681,0.04110639043872108,-0.025652552674943152,-0.0026080219426447876,0.0316051203205348,-0.028699985485088658,0.008678168979285337,0.03233956279219583,-0.010218147305654493,0.0043957170580446936
F19_y_end_minus_mid,-0.0018214045619636536,0.021671757869528116,0.04486177370224988,0.006519363089297931,-0.02312066703919999,0.03574156740935835,-0.013108294826088454,-0.037481675163353344,0.019170416322934883,0.012288151181399516
F19_y_end_minus_start,-0.005455364646670764,0.058870014507524555,0.014449286460026436,0.0031859484824654986,0.010384785125228595,0.003497776064789319,-0.0030748696327553763,-0.0014931995879214142,0.006895880288199258,0.015036599053863094
F19_z_start,-0.035833913902470066,0.010096064142161411,0.014125994591927109,-0.017107333204475633,0.01562031567199308,-0.0005316015429029135,0.011508830564502474,0.01637430393874876,-0.025064130220884127,0.037434249499373934
F19_z_mid,-0.03359371196586972,-0.006905366652775484,0.01631799678029581,-0.011535515092168385,-0.004956092789612942,0.015609977841585215,0.01409195069057885,0.03054918603733408,-0.05645311352252477,-0.014113643500022066
F19_z_end,-0.03233200504830834,-0.012743250778753077,-0.01690654634389699,-0.027849031883662813,-0.0077656460664178185,0.010649030740692279,0.007821269219491798,-0.004195985467440465,-0.0426177469115682,0.0090788616813991
F19_z_mid_minus_start,0.003124372515559787,-0.027012526990732543,0.003677216105481106,0.008678776260582288,-0.03264971276337874,0.025760493305103185,0.004268575633763691,0.02283411967573344,-0.050422949300716315,-0.08181526184800486
F19_z_end_minus_mid,0.00306967375554918,-0.008032620066159481,-0.04782926062573123,-0.022741534402652967,-0.0038037337255761054,-0.007642386856815779,-0.009445697977352133,-0.0505308639821692,0.02180457496050461,0.033490872486297674
F19_z_end_minus_start,0.005351933502989941,-0.029554765400862035,-0.0401668134892835,-0.013377143685512495,-0.030388539671208793,0.014362540573320417,-0.005008184594075173,-0.026792795975773286,-0.02192954134575505,-0.03728850773699785
F20_x_start,-0.037503029811550334,0.00014703033646821644,-0.017959175013610093,0.018189324603694535,0.01498543962240932,0.032580105462373436,0.011582232185949455,-0.004508746751405907,0.02607465565331404,-0.013054234641862042
F20_x_mid,-0.034055262796279205,-0.013598691482588155,-0.014789894448706896,0.014325431671104122,0.0308341997588135,0.03174217534476449,-0.01391301359868987,0.00960256603231101,0.02683278307998202,-0.009674809426858125
F20_x_end,-0.034778284764926844,-0.01818587437146697,0.002212111510089613,0.023606993100556483,0.03054908580357038,0.02066441618541631,0.01178851884206094,0.002753914600840452,0.028958846817311888,-0.008702778344644918
F20_x_mid_minus_start,0.007637843784801714,-0.03115824046895269,0.0070991140526372055,-0.008672578335434982,0.03599708513541085,-0.0017451515109783826,-0.057738027198968235,0.03196631159475369,0.0018420020683013627,0.007598698381287609
F20_x_end_minus_mid,-8.222073819154642e-05,-0.009967879312208432,0.039986745387155825,0.020784079555145003,-0.0020975982905967858,-0.02708497968654442,0.06005303071981712,-0.016277295697183322,0.0036620436931709293,0.002698045904060487
F20_x_end_minus_start,0.0067495416272124915,-0.036379030878997236,0.040664586677730985,0.010097443427787896,0.030342543634881244,-0.024808665067830003,-5.618852933878299e-06,0.014571142723580765,0.004788374105800289,0.00910123031918564
F20_y_start,0.03800701685730557,-0.014475379427219236,-0.0068944983223268065,0.013317818126531022,0.016692684952468437,0.036704409950282194,0.01566071984694384,0.00032694037004954733,0.000585920387167347,0.00391544291047118
F20_y_mid,0.03728059875401852,-0.00012701285628971917,-0.01626102055951198,0.012602959962019876,0.0283107435569697,0.02734093318867453,0.019148091511859894,0.012231124047362155,-0.0019800414054432763,0.005768290675573209
F20_y_end,0.037373695727604246,0.006889262005411422,-0.001609552753812322,0.01536598770050274,0.021086654608176957,0.0393890147838345,0.015233258616823963,0.0006979654191169495,0.0037006635769948003,0.010136175124748776
F20_y_mid_minus_start,-0.004350957445719832,0.04148074309482237,-0.02609139172870577,-0.002827317720254317,0.031871664089133556,-0.02871561170217669,0.008923724134155486,0.033669702673281066,-0.00729718490661379,0.0050072088206907835
F20_y_end_minus_mid,-0.002043220043031306,0.02154091851492464,0.0459812637322304,0.007692434107189967,-0.023939350880818312,0.03526762501948874,-0.013210832037353865,-0.036159407302658375,0.017557807118922818,0.013044712430100604
F20_y_end_minus_start,-0.006034646841907795,0.05934661695939278,0.01505752036802426,0.004016282258736935,0.009967632644414751,0.0030743104090035864,-0.0029362396125468615,0.000964833341699624,0.00834535332179737,0.016354912140009316
F20_z_start,-0.03204055985142417,0.008356032585657296,0.01388468416655078,-0.026458208613179057,0.026768419875771315,0.012175291681138675,0.01776854885373636,0.007443277701866137,-0.025354731961738246,0.03272786803488097
F20_z_mid,-0.03014740309727131,-0.010296592457559468,0.017016419462248432,-0.020796009169216277,0.004489578101391597,0.029445627941656474,0.01861789066325642,0.029742917763210888,-0.05122229967789128,-0.00786720180452193
F20_z_end,-0.028697191693758353,-0.01822024897297307,-0.014128738441977862,-0.03504247547601267,0.0026021636562379544,0.02091904005359658,0.017845780027588704,-0.002316641216725202,-0.03837647053730375,0.014629178230373898
F20_z_mid_minus_start,0.002884216857708148,-0.03009714404341285,0.005136811706648871,0.009005540559807344,-0.03585649775514272,0.02797558204846645,0.0014696722868129816,0.03607711858444509,-0.04194083275308479,-0.06542312145828015
F20_z_end_minus_mid,0.003073637590023977,-0.011668012820695657,-0.047546610678177385,-0.020911827263779242,-0.0029826377211708923,-0.013742743695064483,-0.001711624133692327,-0.04930063848921124,0.02090521745663222,0.034213708912201005
F20_z_end_minus_start,0.00521845283844312,-0.036164854800533615,-0.03823007623153988,-0.011052146605740306,-0.03329903834034064,0.011576341742705663,-0.00027891149658652983,-0.01337565595961431,-0.017084336848379844,-0.025212118828025234
F21_x_start,-0.038362573152956984,0.0008479108990967339,-0.018458424035118198,0.02009029852607471,0.012687750429947015,0.029203715366578707,0.01025940637372727,-0.005431764480706987,0.02421793293236991,-0.013111068931278856
F21_x_mid,-0.03524203120977831,-0.01333749908961726,-0.01473095391623245,0.016458435950340234,0.028654557151090363,0.02850112885028301,-0.015751998788010525,0.0069030693055622235,0.025827717230630643,-0.008039069053217475
F21_x_end,-0.03573230809695281,-0.01774362334947868,0.0025815735856078337,0.025905330036322765,0.028676843058524838,0.01708119036676343,0.009877702536593288,0.0025899992159226343,0.02629420247423398,-0.008466433790555573
F21_x_mid_minus_start,0.007784119135246322,-0.03173055128279499,0.008721795442281898,-0.008542422423702843,0.03542796692694377,-0.002185696065406646,-0.058366770694946266,0.0276899620234735,0.003088802383506241,0.011614996022291891
F21_x_end_minus_mid,-0.00023166163846415736,-0.009866670590918489,0.0404907930099133,0.021465957169134752,-0.0006836319182823762,-0.027191113852682577,0.059787728166027454,-0.010170433168919309,0.0004181055192439043,-0.0007839157938332599
F21_x_end_minus_start,0.006612012661067827,-0.03597229353007159,0.04140654866209776,0.01044082483256527,0.03040264548600845,-0.024596414553216685,-0.0011463742564703126,0.015722828545270993,0.0030492198984627948,0.00950042159326153
F21_y_start,0.03815539584214307,-0.014881409751489902,-0.007299947262989764,0.013602819423568733,0.016563770169037755,0.03655993617949952,0.01504122130656635,-0.0007488692209763117,0.0018710861509721526,0.0022440510242244765
F21_y_mid,0.03735636131021492,-7.433379142586398e-05,-0.016957087370500685,0.012737080914244423,0.02868464451254267,0.02707949523673637,0.018371100653129767,0.011957513468757059,0.00021576813543002461,0.004865620701924953
F21_y_end,0.03746168275580166,0.007091138737946386,-0.00129154219220186,0.016188247278105024,0.021066880806330023,0.03942186518954934,0.014448978882349578,0.0010169929063212609,0.005141499965638954,0.009281395128038796
F21_y_mid_minus_start,-0.004594700722376289,0.0418962879975539,-0.026262118147603562,-0.0032451546827366113,0.03249966436045816,-0.028513702165926535,0.008272910557233634,0.03520130842272696,-0.004696647457616596,0.007112836224113341
F21_y_end_minus_mid,-0.002389968014847687,0.021245675585695595,0.047663283252737026,0.009308807213823184,-0.02465590595922675,0.034627158643650215,-0.012955046333207192,-0.03329545466795845,0.014585525129184256,0.012737534056490276
F21_y_end_minus_start,-0.006573779065216114,0.05945853427579261,0.016661583773349403,0.005082788341433183,0.009741238341901291,0.0029466405241483223,-0.003427154875794147,0.004722768647579187,0.00834063749138733,0.01816966195071762
F21_z_start,-0.02828746420402485,0.006870287271582906,0.012706760192959719,-0.03142542103885112,0.033381260924749384,0.020551418124740477,0.021239576049249812,-0.00023784907960679427,-0.024321414485771204,0.027014897068099918
F21_z_mid,-0.026901583994898576,-0.012672853679174395,0.016931556434974952,-0.026246276563012552,0.010900610711478912,0.03783767511939768,0.020489118532528872,0.026215258313295162,-0.04453108872885323,-0.0016294754090576701
F21_z_end,-0.02535152203223384,-0.021775517386375,-0.01129495451632722,-0.03798636331184784,0.010051936715904939,0.02666818003087484,0.024116672918309618,-0.0009250187317766083,-0.03384770483586321,0.017890679246179923
F21_z_mid_minus_start,0.0026853194848913465,-0.03279304434197681,0.006905437363137777,0.009073705975518981,-0.03805191527740811,0.028661365386165105,-0.001530757376873253,0.044270555408088684,-0.03350470786688829,-0.048284081420014224
F21_z_end_minus_mid,0.0031067511840046362,-0.014810359042665144,-0.04705699438162809,-0.018902298616317013,-0.0016239430559741486,-0.01924745500245394,0.0055914972128874784,-0.04544603182414908,0.018577603202348924,0.03233962496552294
F21_z_end_minus_start,0.005049766261414129,-0.04151233049537398,-0.034982654557242074,-0.008556619035986195,-0.03460886690197748,0.008229456610654976,0.0035372269201319408,-0.000984211186107485,-0.013038159990327145,-0.013938096778041026
F22_x_start,-0.03922950938807441,0.0016148872689721685,-0.01885432813704691,0.022624814911002992,0.009635600249804815,0.02503296862347506,0.008522807585051553,-0.005549194746656331,0.022231713935979086,-0.012624064055272438
F22_x_mid,-0.03647085140991592,-0.012841514128148204,-0.014677349166027687,0.019389314113461422,0.025694176952415763,0.024324696800840415,-0.01769456333961069,0.004049652996485869,0.024610334144057083,-0.006685809371733859
F22_x_end,-0.03668452421764958,-0.016879052977614776,0.0027099938200840067,0.028708085414811086,0.02621858838970974,0.012750648120087511,0.0074368541075648725,0.002114706267652351,0.02380646860868015,-0.008670569937967144
F22_x_mid_minus_start,0.008144494937036237,-0.03233688103430614,0.010275775153398553,-0.008366366463245907,0.03534110587074874,-0.0028497589729650414,-0.05892815958711925,0.021698269171500455,0.004179742496597702,0.013889568419292874
F22_x_end_minus_mid,-0.0003286118482311177,-0.00947159855827377,0.04112623478036308,0.021910196062210775,0.0011143173294970068,-0.02744626996661033,0.059426294761034,-0.004588379210030055,-0.0020168162445183533,-0.004654218209080909
F22_x_end_minus_start,0.006723847840019132,-0.035417696396588504,0.042102656338964595,0.01055186219214406,0.031232386787731613,-0.024658185768991116,-0.0024794108636847947,0.014908554104493892,0.0019549292488473947,0.008153660874132928
F22_y_start,0.03836361178249654,-0.015219685079078416,-0.008119970370837143,0.014916108786364833,0.015913407651379344,0.03581990702035946,0.014297291032044482,-0.0022896870708768655,0.0025032566986846697,0.0007486626741174412
F22_y_mid,0.03749860654679378,0.00011637310792124023,-0.018010754648459276,0.013796524835892962,0.028840159741735517,0.02605029834234854,0.01707463961682095,0.010959302745288425,0.0016295578320117926,0.004817030052093494
F22_y_end,0.03755945684427519,0.007475832712086686,-0.0008130903233578185,0.018188517656369852,0.020810680155485647,0.03887924774492575,0.013220183439806226,0.0012501595301656217,0.005261360324548071,0.008785468035200689
F22_y_mid_minus_start,-0.004702887769074238,0.04221569872758256,-0.02611612606412309,-0.003936496541841116,0.033804285891227574,-0.028510134390034532,0.006589519923903075,0.0357983891693542,-0.002506327547216305,0.010902739669114416
F22_y_end_minus_mid,-0.002761976101736658,0.020709633527737602,0.0498246370356767,0.011285351376550323,-0.024861000156443144,0.03407897682735177,-0.012186911095838972,-0.028190967980768613,0.010096970590643408,0.010795348158765483
F22_y_end_minus_start,-0.006979566403455739,0.05900705012958384,0.0194136509809965,0.006296525640128421,0.010251340897080165,0.003059205263378192,-0.004554989026778492,0.009192523219434999,0.00660830458832597,0.020101874426246072
F22_z_start,-0.024052705019245127,0.0055166508400282515,0.011163253828191794,-0.03476003793056172,0.038098134244438746,0.027049987527452055,0.023574618957666674,-0.007423486253793869,-0.02298815810015432,0.02087138485541006
F22_z_mid,-0.023192015445306125,-0.014339285916765934,0.016359701390820575,-0.03035103535771521,0.01627027123314594,0.044052819895018504,0.02140729310079531,0.02187018626936407,-0.037289395436749605,0.00470083744972517
F22_z_end,-0.021637406835409698,-0.024326901609533734,-0.008196587107427164,-0.03919547432658219,0.016345310187169844,0.0306835174152543,0.02893580127974402,0.0005898849577874131,-0.02935723911192056,0.02097302871783399
F22_z_mid_minus_start,0.0024633707881631527,-0.03471588945403709,0.008577947823588894,0.009058512422144484,-0.03945300901443078,0.028448580424271407,-0.004714021743161591,0.051187925233756676,-0.023918854127792915,-0.0289316761340455
F22_z_end_minus_mid,0.0030121641846496943,-0.018334984165303832,-0.0454010356933615,-0.016126487209850864,3.7146971825496466e-05,-0.02493668656138024,0.013754650510014748,-0.039392094651147576,0.014864634826218286,0.0299881926399591
F22_z_end_minus_start,0.004685045819623739,-0.04598237543767436,-0.030138872148406225,-0.0053816713667402885,-0.03490735341374495,0.004466882375651808,0.007257643701952946,0.012589408222090433,-0.008826928705811943,-0.000696120807257813
F23_x_start,-0.03994032074128847,0.002362716066702323,-0.019023966374672074,0.025437489350625904,0.006080399595684869,0.020184538724471013,0.006383782437886916,-0.005036029703061373,0.020191900070597502,-0.0116653351475121
F23_x_mid,-0.03755749634822255,-0.012058169746678768,-0.014564070970116033,0.02274948561365679,0.02204320436576012,0.01937002142493435,-0.019561710032007025,0.0012307683704183767,0.02314074146395218,-0.005785597159580401
F23_x_end,-0.03750752225812834,-0.01560184559722477,0.002549040078201474,0.031617511200271654,0.023187026931011743,0.007961998195809806,0.004521650801001261,0.001326193324930637,0.021558921574650645,-0.009295162851279038
F23_x_mid_minus_start,0.008673589289068443,-0.032824127137629666,0.011654603753976967,-0.008172380079470807,0.03561921726760316,-0.0035016148090872066,-0.05923114682171976,0.014593637304436836,0.0050130898141323545,0.014262587927907822
F23_x_end_minus_mid,-0.00035849357052999384,-0.008849836189222832,0.04180508592551879,0.02205152853923913,0.0030890561217253513,-0.027744542165296968,0.058844461525063584,0.00024991735187854957,-0.003584986440745508,-0.008685784847166322
F23_x_end_minus_start,0.007057255732671248,-0.03471200403571845,0.04264714496107274,0.010380062497264876,0.03255880481106169,-0.024721887837329943,-0.003963220980353809,0.012543156177589748,0.0014297870445467349,0.0052550365963518935
F23_y_start,0.038544639365074455,-0.01543381113060452,-0.009096930506102307,0.016568497345086957,0.015186076067028273,0.034730271605709684,0.013483015857907529,-0.004325937414831785,0.002667634251107885,-0.0006336007260037944
F23_y_mid,0.03760408824040197,0.00030277950493074455,-0.01912350052427907,0.015226574584908637,0.02885010365930214,0.024776193734032188,0.015524720482580592,0.009627973030267672,0.0025096723072167318,0.005184580634777783
F23_y_end,0.03760330907485208,0.007798318216421693,-0.0003710765419721271,0.020562193196503823,0.020467609746347416,0.03804317363669773,0.011805161804670164,0.0013602788004390082,0.004476005793806676,0.008710652447787057
F23_y_mid_minus_start,-0.004770682014083768,0.04225752840423328,-0.025794749087324285,-0.004513621572375027,0.03498619199520073,-0.028219614585320164,0.004558539966211025,0.03691198432475449,-0.0005741160460150199,0.015320887411396908
F23_y_end_minus_mid,-0.0030499873004827516,0.019973852362913533,0.05158221717433878,0.013001488071477687,-0.024703200344395593,0.03338865206458,-0.011182248193007534,-0.022838906929866846,0.005042840008964611,0.008987475260285501
F23_y_end_minus_start,-0.00726640228064629,0.058001632838656315,0.022212937148575296,0.007478612891564575,0.010762154658564954,0.003482883467108484,-0.005792520374062986,0.014267382402873542,0.004013185992597223,0.022606299916974788
F23_z_start,-0.02238007817124432,0.005118214863174253,0.009199492156073482,-0.03527095903116467,0.04011169041569084,0.02966367022328689,0.02445813660670808,-0.01416444105832772,-0.023533363730210283,0.015882328953522117
F23_z_mid,-0.021859861103461022,-0.015818437489772717,0.016018435493264087,-0.03158352236405695,0.01879044660881173,0.04667052026395079,0.020550523954592507,0.015601759097167083,-0.03240749817773375,0.011507242174961903
F23_z_end,-0.02039090198221375,-0.026446480984635503,-0.005468520881616045,-0.03779401305770342,0.02032189236916793,0.030962025398228277,0.03137452920474442,0.0013235146926284245,-0.02797003074220932,0.023540314583787466
F23_z_mid_minus_start,0.002447404897769343,-0.03681858448145924,0.011243216610209064,0.008851660809064488,-0.039898455235817615,0.027578469768145344,-0.008490465566806882,0.05282033023013517,-0.01383563458165364,-0.008714062138067056
F23_z_end_minus_mid,0.0027656024031206,-0.02144723594158699,-0.042963664506603154,-0.012717313563996316,0.0032268948844195126,-0.031120563211159184,0.02187938281074184,-0.02850870727785172,0.00863231971892407,0.02422964959277875
F23_z_end_minus_start,0.004350121477226811,-0.04970592208706604,-0.023474745365383118,-0.0020033870779380247,-0.03320086506272265,0.00039533286808170475,0.009479318551796631,0.025032689007411645,-0.005647666801701931,0.01111392405498391
F24_x_start,-0.0404006575232836,0.003487784289931927,-0.0187551757313145,0.030186929695911892,-0.0008592471562954234,0.010558033342881613,0.002216080137650843,-0.002872927939699074,0.01627135737218713,-0.009730363411412654
F24_x_mid,-0.038772295793900936,-0.01020031125836172,-0.014035331094775451,0.028122806228113886,0.014822491245783737,0.009432283150864964,-0.022231105515554135,-0.0025446959947211505,0.019680225573827294,-0.005508971410541505
F24_x_end,-0.03846062131958941,-0.012566296486421881,0.0020058796515317234,0.03585140517442728,0.016972409976114735,-0.0005655172384486103,-0.0011173325295567521,-0.00045607122151518,0.01672361872337845,-0.010500401888055112
F24_x_mid_minus_start,0.009448914753346268,-0.032834024030231126,0.013754799531372618,-0.009062946256618375,0.03718143932079115,-0.004124184974887341,-0.05808584503992563,0.001173997613875249,0.0058009690369157435,0.011325712595250234
F24_x_end_minus_mid,-0.0005465533696413973,-0.006840209372405459,0.04337404330242832,0.0221563189169923,0.006415958021192171,-0.027008478915538457,0.05695421848973364,0.005621577900872842,-0.007377579759829445,-0.0138527889750046
F24_x_end_minus_start,0.007560890366360041,-0.032722675561042615,0.043601832517837405,0.008711568970830398,0.03607390933548427,-0.023407330179751346,-0.00692900549249305,0.005138027865443976,-0.0005548831573997512,-0.0006766758615421478
F24_y_start,0.038314079132467496,-0.015537382573581083,-0.011037784184402592,0.01999319342508827,0.014491471314863277,0.0327325181389476,0.010853180687039833,-0.009917278478780295,0.003422101181075967,-0.004372763036933655
F24_y_mid,0.03738598188948659,0.0003498601385894322,-0.02078280986428383,0.018056583290353492,0.028773695393110494,0.02339909131885806,0.01164815339334241,0.007306263086631498,0.005679882272243663,0.004609419012578528
F24_y_end,0.037304810486680454,0.007304400563084973,0.00015302905706889383,0.02528244302683784,0.01981867330858337,0.03613771560670243,0.009199494142515342,0.0017545241689794178,0.00428598090851125,0.008128639636989173
F24_y_mid_minus_start,-0.003935676057991902,0.04115482360864852,-0.02440171850472646,-0.005757680360935842,0.03583194881578363,-0.025144035141005106,0.001583137916367315,0.04433280906050808,0.005618117076634896,0.023087111169326498
F24_y_end_minus_mid,-0.0040895234970838535,0.017028646939103963,0.05353500356414798,0.01585186775574701,-0.02496799521336416,0.028823155128939834,-0.0072206149950694125,-0.014383140208765301,-0.004011397954039293,0.008155813248503403
F24_y_end_minus_start,-0.007429829710065195,0.053901145644945386,0.026867228634087505,0.009316338333140656,0.010140556711931377,0.00333322728156113,-0.005207477107318984,0.027808024199487292,0.0015005955829803532,0.028946108396390103
F24_z_start,-0.024205408458050595,0.006136559210329632,0.00480183327102439,-0.03203551792071989,0.039798943297829216,0.02813865221909543,0.023811449545443165,-0.026924736979875838,-0.02831637140650395,0.007832635427401093
F24_z_mid,-0.024615147366204567,-0.018383886709412028,0.016321495692365143,-0.028797411906736705,0.018137953546606796,0.044801558575770256,0.01572595583515303,-0.002266028878893073,-0.027994296143674352,0.02652492571597415
F24_z_end,-0.022908176540073814,-0.030035641637106054,-0.0009318587173171689,-0.03061107541711037,0.023901474177210426,0.024601897020512322,0.031469796977638985,0.0010707487355745553,-0.031987815266600494,0.028778813042021848
F24_z_mid_minus_start,0.0021009004512234446,-0.039577586496196034,0.017720217211479556,0.008774796281056456,-0.038868799580960164,0.023223587808855313,-0.015526394143371447,0.04215909306796219,0.003728435230524538,0.028748915535408523
F24_z_end_minus_mid,0.002228506970954338,-0.025260710773081965,-0.03505745911083302,-0.005330148701501447,0.012982740287974647,-0.039659049560901216,0.03364090711245011,0.0068280770213748915,-0.009827315372266868,0.006124591944908655
F24_z_end_minus_start,0.0034530892181999354,-0.05330775781657679,-0.008695930930872696,0.004142348914201652,-0.02581266814303945,-0.00698186398628517,0.00967262654086389,0.04268257313279599,-0.0035510123466406134,0.030137148971297868
F25_x_start,-0.040263525105656846,0.004002553759363988,-0.018409483349209825,0.03183187505397323,-0.003750317718258242,0.006568370926985828,0.0005501539510681287,-0.0016225769722032865,0.01470866857285065,-0.008503693158425377
F25_x_mid,-0.03894540697641063,-0.009178885007409618,-0.013832062986419766,0.03013127487433923,0.011572707893211878,0.005089993735222185,-0.02319445665388487,-0.003517338645883136,0.017418324811794946,-0.005823668721982817
F25_x_end,-0.03859824083414964,-0.01106880552632377,0.0015934232609929172,0.03734045425763477,0.014017350615825222,-0.003972940763611268,-0.003539916207474109,-0.0009754562978304159,0.01418111488808309,-0.010925728860101219
F25_x_mid_minus_start,0.009602043088904236,-0.03258629434123759,0.014024335354563988,-0.009187373037121152,0.03773696539989874,-0.0046285427733493536,-0.05764008180095271,-0.004334349070712396,0.004227101564979335,0.007849082458791382
F25_x_end_minus_mid,-0.0004638862132845455,-0.005807940209384887,0.0440606714327063,0.021970701492291342,0.007501349808567194,-0.026001370139798214,0.055930499773318494,0.007213877510903444,-0.008699759121202924,-0.014965061674560867
F25_x_end_minus_start,0.007795941640625879,-0.031767954215238724,0.043572448261828586,0.008027801906995282,0.037347117081364435,-0.02262498508368423,-0.008563503356107038,0.0015201590348210613,-0.0026799498465724407,-0.004120809500103524
F25_y_start,0.03798647329584327,-0.015486442678691642,-0.011632691089756682,0.02018162020717856,0.015013359999429276,0.03247714935829683,0.010407486166686436,-0.012753298081654032,0.003263639669139845,-0.0059830522045807265
F25_y_mid,0.03702500530807487,-9.226385222053021e-05,-0.02108784522897376,0.01809968212242196,0.0294014004536008,0.02377259684672295,0.010466071232756682,0.006860020043679567,0.006399149368213237,0.004410045799232792
F25_y_end,0.036949511340918256,0.006560865893919532,0.00041147270110487665,0.026018443778122922,0.020217711180960177,0.036089781960025255,0.00877986258695413,0.001957535153569833,0.003503480565458895,0.00825494803047734
F25_y_mid_minus_start,-0.003909422069836612,0.039537754590396365,-0.02346170583718164,-0.006050743762966965,0.03580657851624015,-0.02327911448868633,-0.00025667078437264775,0.05010258889342017,0.007803455369963343,0.0265192197119171
F25_y_end_minus_mid,-0.004263771792812859,0.01576105719732515,0.05322498458456917,0.016750208743676488,-0.024985738913835584,0.02653730285325655,-0.005146738794158061,-0.012363212991978019,-0.007561349908775021,0.008616001386154907
F25_y_end_minus_start,-0.007577391749706265,0.051018430403990005,0.028311626080038853,0.010132222493999322,0.009448634881478988,0.0034937357210332214,-0.005053854219069801,0.034377837348716585,7.803665511522374e-05,0.03238896550399424
F25_z_start,-0.02777743239271476,0.007836093542132938,0.0020765766837267836,-0.02755091915795454,0.03688896732627558,0.02333081998840025,0.021951438805403775,-0.03309862382192458,-0.03261993891901062,0.004873574025546438
F25_z_mid,-0.028353473992143507,-0.019292552792824758,0.016689552430098224,-0.023964824129068106,0.01455676661264678,0.03934891723213336,0.010810862385669112,-0.013278731256634509,-0.02805043433020869,0.03518522905298722
F25_z_end,-0.02647274479997629,-0.03131169464416793,0.001019409641377877,-0.023909350395487,0.023015952019593295,0.017141555328975096,0.028910302228960388,0.0005878051977102706,-0.03730945066699034,0.031002278185036973
F25_z_mid_minus_start,0.0025521592213324307,-0.04017740916530197,0.0208743289584696,0.008542156965820629,-0.03678315176708442,0.02031577545369887,-0.018782036080340563,0.032688969682769575,0.01058168473921403,0.043230572371822214
F25_z_end_minus_mid,0.001702146185792191,-0.024899854637927498,-0.029537175549553818,-0.0015673637526944435,0.017593186256639175,-0.04076158495534826,0.03622052606463807,0.026241697649278393,-0.0201041170183168,-0.005735367263696161
F25_z_end_minus_start,0.003482282889951726,-0.0535091031824918,-0.0015601383984733916,0.006633578080104979,-0.021068536268946055,-0.00982383857543554,0.00807033216893553,0.047671565770869215,-0.00433780035870194,0.03509014103384144
F26_x_start,-0.040078192605511154,0.004446301646965426,-0.017925468850183795,0.032973138604288195,-0.005911338036042941,0.0035371252150470977,-0.000783451986113977,-0.00022874784134277023,0.013731699187994868,-0.007251388808022536
F26_x_mid,-0.038983063006115766,-0.008266984852746155,-0.013576849834893103,0.03161234657596334,0.008921154310799826,0.0018942051034470443,-0.023740812979014692,-0.0037191123164450066,0.015284708010113805,-0.006532478482102824
F26_x_end,-0.03864471252408189,-0.009859060294924187,0.001078632847477386,0.03829662901689615,0.011489268271006034,-0.0064322013918294806,-0.005411502599624251,-0.0013097906418971942,0.012339897953536226,-0.011363452536207243
F26_x_mid_minus_start,0.009761955505629511,-0.03252553318893519,0.014001855561944793,-0.00917952584799847,0.038074210690208096,-0.004722682440327808,-0.057188673317476804,-0.008675561444723357,0.001470237536510859,0.003066631230624421
F26_x_end_minus_mid,-0.00029020355208822816,-0.005159981234502827,0.044446372007352346,0.02155862972174626,0.00817310702929728,-0.025449979846396468,0.05535803010782993,0.007256241011263575,-0.00850342931013677,-0.015025837209218606
F26_x_end_minus_start,0.008112463032535672,-0.03133075911414714,0.04312972230811957,0.007314248237676793,0.038172893943570624,-0.021889254507627503,-0.009857286782119376,-0.0022967735498481065,-0.004716957638857652,-0.007935756269981789
F26_y_start,0.0375386412179896,-0.015287273511152796,-0.012185893725884038,0.0203719171763933,0.015785072683626288,0.03235774228422643,0.010301032611792679,-0.015479259643087752,0.0024048610794493754,-0.006825870443453654
F26_y_mid,0.03656302691535263,-0.0006428400638825928,-0.021217717509873793,0.01823818860555007,0.030017252845001993,0.02436566917645117,0.009598133545694972,0.006552158007606163,0.006122562807123717,0.004804599738274634
F26_y_end,0.03649429371775374,0.005679297555820249,0.0004663503551368311,0.026591154508739414,0.020665155209988583,0.036170614514782165,0.008682169673079502,0.0020685256564471517,0.0018103400903001694,0.00889528632369023
F26_y_mid_minus_start,-0.0037348641700316733,0.037494515226089827,-0.022392315000921783,-0.0060776118961783955,0.035401138983724476,-0.021275713662427323,-0.002123703211380431,0.05615291410896057,0.009305621646098402,0.02959775968795862
F26_y_end_minus_mid,-0.004374875219265022,0.014626855401838286,0.05236078854841181,0.01712408196840836,-0.024989047911339542,0.024363422550469804,-0.003215339410857096,-0.011076357824558883,-0.010632252247423386,0.008862121731213734
F26_y_end_minus_start,-0.00753766369060619,0.04789869802211516,0.02931915019378514,0.010719058036944845,0.00843903529694623,0.003788432828520839,-0.004975979512899562,0.04046446959018381,-0.001634354302238953,0.03526586992524169
F26_z_start,-0.03274083643493748,0.010066847351487206,-0.0010783297342807166,-0.019889579524729608,0.03066888825867764,0.01460175168273933,0.01823586262426245,-0.038130224825726644,-0.03768142726108518,0.0025208952128566433
F26_z_mid,-0.03324586919501304,-0.019114735181432915,0.016533091938446442,-0.015237016946465795,0.007447165057275294,0.028513982859391166,0.003760989093283306,-0.02611360884009386,-0.029140376453713066,0.04257619154052675
F26_z_end,-0.03129673663490333,-0.031008704501248163,0.0026098019935903815,-0.013968288747260346,0.0192494005937344,0.005653854660946781,0.022987643688461776,-0.0008905451707522901,-0.04406051198337473,0.031625813522679534
F26_z_mid_minus_start,0.0027139923771983027,-0.04032006160028097,0.02381564740550832,0.008323703022978347,-0.03443395734013741,0.017211457072762566,-0.021372504935713774,0.020125983912755264,0.015401570357674362,0.05365062514464753
F26_z_end_minus_mid,0.0012556963317706723,-0.023027775309199822,-0.02426354658303328,0.001260578600534661,0.02205278101813466,-0.039742655832971034,0.03534608699818327,0.044220805506361954,-0.029244019586077943,-0.017035803408761343
F26_z_end_minus_start,0.003374175866336248,-0.053204471016182364,0.00478527374467306,0.008525804374553938,-0.01608542548049352,-0.012166174963107984,0.0052541798249857935,0.04958250201531235,-0.006440664911204485,0.037250897163636804
F27_x_start,-0.039957785606620416,0.00478421208394619,-0.017385873310598692,0.0336740789218519,-0.007274621091063979,0.001659826411534956,-0.0016178270608257293,0.0012835859560418972,0.01322258668865671,-0.005986487332965245
F27_x_mid,-0.03899431869022828,-0.007555182063442812,-0.013304290474581816,0.03264720548491901,0.007054857720360334,-7.13439259899234e-05,-0.023855981734312123,-0.003278534806183265,0.01338249241640012,-0.007420349115792755
F27_x_end,-0.03868687890868631,-0.008986226258612855,0.0005204583999926035,0.03882362778945976,0.009626155536119394,-0.007878100739864247,-0.0065928394319045664,-0.0014861987702476174,0.011243460917856643,-0.011727620556642242
F27_x_mid_minus_start,0.009939881259931308,-0.032615774437469644,0.013740160362561933,-0.008929267297454637,0.03819703925794612,-0.0047605161906127975,-0.05686786984849275,-0.011968076128991532,-0.002058520948880139,-0.0025680761478434557
F27_x_end_minus_mid,-2.5473996537409404e-05,-0.004848844107408482,0.04457552666942487,0.02092875244452875,0.00854108153145284,-0.0253708124076252,0.05547173995231609,0.005738258347831109,-0.006599413658071503,-0.014191926776181609
F27_x_end_minus_start,0.008518448077717183,-0.03132987701883561,0.042329484463284446,0.006666220946084254,0.03865164004764815,-0.02146475134049351,-0.010842427452150792,-0.006347438917362422,-0.006287744194476934,-0.011925491351123587
F27_y_start,0.03706647219810603,-0.01496417479668795,-0.012858940770718268,0.021354175413889655,0.01621641140444415,0.03187469599721373,0.010326649483121743,-0.017675545109765278,0.0007076544504906773,-0.006609924537178865
F27_y_mid,0.036081998264593754,-0.0010619684821053734,-0.0214796447560023,0.01918583468927049,0.030286437251408407,0.02447939184421526,0.008941074935758053,0.0060760835183944215,0.004342422937968247,0.005702790003114149
F27_y_end,0.035979719276400195,0.00501659938510322,0.00028116569200036906,0.027681329716205034,0.020746157916890703,0.036046162620904376,0.00841474469490762,0.0018963689765764383,-0.0012005712084272484,0.010130269284484721
F27_y_mid_minus_start,-0.0034637574983637544,0.035546113020436955,-0.021460013193714215,-0.006044186399556766,0.03515074633892853,-0.019537510661207323,-0.0037750024159468507,0.060522357790522174,0.009172167159841116,0.03130734403385091
F27_y_end_minus_mid,-0.004390887105658334,0.013748943028305993,0.05125909149664384,0.016831691195363555,-0.024879813216873478,0.023106091646448612,-0.002211126871514758,-0.010070557374865216,-0.01292669501469087,0.009267431635510706
F27_y_end_minus_start,-0.007330064046192856,0.045101853364580786,0.030066666751313198,0.010771847490959203,0.0075868899789090696,0.004707781516581112,-0.005512264479653167,0.04458489671260213,-0.004210308516717388,0.03698962804626159
F27_z_start,-0.0362311508189549,0.011995885595555394,-0.004116999033076516,-0.011023997730371417,0.02256567056733729,0.004517990856452321,0.013386767403695102,-0.040959768974713,-0.04116770738665718,0.0003541889396779948
F27_z_mid,-0.03593666450484425,-0.017479421648873335,0.015336457824514356,-0.005589176902599706,-0.0002749183329416788,0.015617428534993793,-0.0035136960714900575,-0.03647392904735779,-0.028915184380081584,0.047208547798438805
F27_z_end,-0.03434562445322272,-0.02881810209161212,0.0040338380433783605,-0.003252468075989371,0.014000927779344384,-0.006295224682616103,0.01571006378665637,-0.0019032868371815794,-0.048788108612307556,0.030782731282496794
F27_z_mid_minus_start,0.003067390351405594,-0.039682438146735256,0.02590900235111044,0.007968645952375073,-0.031731651979428954,0.01427482927935574,-0.023234397914744145,0.00893376457413714,0.019171594440869286,0.061643158331294426
F27_z_end_minus_mid,0.0007088124527823045,-0.020804728115878947,-0.0188521904309541,0.0037582501624203314,0.02491094114609807,-0.03736198040189467,0.033363902790681334,0.05826290421344749,-0.03636468487447245,-0.025962473963299326
F27_z_end_minus_start,0.0033715555817950857,-0.05206460664001264,0.01044428448430947,0.010150506864526693,-0.011468653563020077,-0.013830230268332003,0.0025826661436903695,0.050621080640774176,-0.008545365202532693,0.038564535090160675
F28_x_start,-0.039910192445515774,0.004997967203855791,-0.016864690784861944,0.03408173928549867,-0.007952876881333486,0.0008019292674469761,-0.00205905497463855,0.0027295277058114217,0.013203585295837155,-0.004913362168507947
F28_x_mid,-0.03898265524963969,-0.007074242598204067,-0.013095339007527948,0.03338134159247222,0.005965179597555066,-0.0009977699588651343,-0.023698302180225575,-0.002316798040293871,0.011984670641551468,-0.008387812850572359
F28_x_end,-0.038712956860047894,-0.008384887218715227,-7.578403303770285e-05,0.039140274877394673,0.008424088253960248,-0.00849182151179572,-0.007191597102263683,-0.0015069244743664881,0.01095731154628275,-0.012105305578099123
F28_x_mid_minus_start,0.010185917980580588,-0.03276585006520706,0.013199750407797039,-0.008456897488847058,0.038200783427226936,-0.00489569093002565,-0.0565947142491127,-0.013820738478408366,-0.0057720342415571915,-0.00819789030749283
F28_x_end_minus_mid,0.00030974207489031634,-0.004602526009241721,0.04440616268980845,0.020259569683210847,0.008519665669134827,-0.025694698764217018,0.05618805210565457,0.0027385824029021798,-0.0033314398855488828,-0.012870488508829579
F28_x_end_minus_start,0.00905153238432618,-0.03153455639348841,0.04123306714603197,0.006240536549987489,0.03887968245018894,-0.02147786799879587,-0.011466305698219666,-0.010163670747385372,-0.007245124886040601,-0.015746890420594867
F28_y_start,0.036331687190365884,-0.014673275968031245,-0.013578198480617169,0.022730275677057803,0.016880131820475267,0.03164302256168137,0.010824536721899234,-0.019633299773478514,-0.002038115460342884,-0.005360522646841098
F28_y_mid,0.035322974036253285,-0.0016061580161795307,-0.02184814495462851,0.020577324959947855,0.030762263753065455,0.024743636424148487,0.008768044694508684,0.005194249469807969,0.0009562540501145773,0.007261366891947194
F28_y_end,0.03517329093084485,0.004277468327759871,-0.0001202240401431842,0.028943811151522496,0.02108919772559931,0.0363078139408168,0.008364891128298043,0.00127674000619635,-0.005581148441242465,0.01204280749361751
F28_y_mid_minus_start,-0.0032437638778268483,0.03356930494831396,-0.02082163516170421,-0.0059073923023999055,0.03506128503676903,-0.018167347492804863,-0.005440933644743609,0.06362891088221735,0.007667962349339982,0.03226217807939665
F28_y_end_minus_mid,-0.0043258589405967855,0.013091835607853718,0.05014871106270116,0.01602936535467645,-0.02470629286729397,0.022574366111535956,-0.0018768736651026171,-0.009183765217161124,-0.014452827282133755,0.009669861754302797
F28_y_end_minus_start,-0.007105913228441437,0.04254789731207232,0.030617109106954657,0.010448980765341566,0.006889675868668951,0.005991078024657588,-0.006656434639966181,0.047384607204590486,-0.007346857642771553,0.03804199362771655
F28_z_start,-0.03811211479845854,0.013706536382434954,-0.007151252686718594,0.0005838563133384227,0.011110489326231529,-0.008019699525770654,0.0065240828254074365,-0.040516407362651295,-0.041733934328762705,-0.001749432809067532
F28_z_mid,-0.036349008211632124,-0.01423874256089495,0.01285420580892621,0.006064745758978072,-0.00940773000632338,-0.0005014788199832535,-0.011669791896929784,-0.044046594319689825,-0.026531328785902024,0.047803516265074814
F28_z_end,-0.03561746951173413,-0.02409597140165308,0.00480232873263135,0.009300708607679719,0.006267015153192476,-0.019817834552781407,0.0058383082482044045,-0.0030189843520940086,-0.050474053064778125,0.0269934730020676
F28_z_mid_minus_start,0.003389582199425464,-0.03857535602631164,0.027547031381229378,0.007481793510930402,-0.02834998559016168,0.01048923790842659,-0.02505304813542444,-0.003788902653854004,0.02186510648669617,0.06782355488164045
F28_z_end_minus_mid,0.00023380041658594032,-0.017545794548451232,-0.013632969711047377,0.005799700917479897,0.026985564454537796,-0.03360038050991498,0.030108680123719738,0.07007821273424136,-0.0423878481216425,-0.03481788586482987
F28_z_end_minus_start,0.0034149681404053215,-0.050231398698828846,0.01589131806129476,0.011572745207945228,-0.006461106398630023,-0.01564409164353277,-0.000928133314275801,0.04989844659923615,-0.01149290851029778,0.03816980105906785
F29_x_start,-0.03988631686578935,0.005104693595414203,-0.01645480634472139,0.03436304441781964,-0.008157430479362826,0.0007391896691598636,-0.0021181231455843557,0.004210606930380272,0.013537587935590432,-0.003912826298048651
F29_x_mid,-0.03892365222208876,-0.006792976206720597,-0.012974143548012166,0.033996956827352535,0.0054603574744819675,-0.0011901922405701878,-0.023378691142972814,-0.0011267717449710624,0.011149713608154093,-0.009261871039366104
F29_x_end,-0.03869663944276856,-0.007954702114034689,-0.0006808671410550527,0.03941146405345655,0.007797148613097538,-0.008465658252787046,-0.007404754772289207,-0.0014694106744728111,0.011331432588383004,-0.012426283161487636
F29_x_mid_minus_start,0.01041745426581401,-0.03285268984306711,0.012552025783163837,-0.007734746355657029,0.03805740743608076,-0.005310127827664335,-0.056496744633285266,-0.015115482620759135,-0.00905326629545781,-0.013549886031543616
F29_x_end_minus_mid,0.0006886555043972764,-0.004186172222371443,0.044024964568802734,0.019518187469616824,0.008394045690162107,-0.026083569529631704,0.057185273861136254,-0.0012318499995546222,0.0006872269769696969,-0.011372966051104685
F29_x_end_minus_start,0.009620860089939539,-0.03166560812773532,0.040005828104503434,0.006032029236214173,0.03901393367256426,-0.021830832346544638,-0.012103645393536899,-0.014112664127193074,-0.00751525876254694,-0.019405646538020814
F29_y_start,0.03537571939715403,-0.014502583909455047,-0.014496005904499195,0.025108881439989156,0.017053210969620723,0.03104557783350984,0.011378231279594989,-0.021300120411211626,-0.005690966426557029,-0.0034640256523183004
F29_y_mid,0.034332793570711846,-0.0019935755365551294,-0.022592433855334104,0.022935889645347003,0.031043021376932017,0.024278241676788333,0.008581622628842512,0.0034284284795375905,-0.0037518721802535567,0.009248760529008008
F29_y_end,0.03404969486843168,0.0038829396141549658,-0.00043918248290730327,0.031149257167531235,0.021313741220367364,0.036202781921710586,0.007930820035168708,0.0002032029959494175,-0.011157294387047299,0.014235463270058906
F29_y_mid_minus_start,-0.003149969091771315,0.032230497922280686,-0.020537627743845828,-0.00590486803692705,0.03559523205214034,-0.017750841857685103,-0.007315894788446957,0.06361533921224873,0.0050428702091449085,0.032602831736069475
F29_y_end_minus_mid,-0.004188477607943818,0.012748490303967047,0.04963323060585852,0.015132643035405654,-0.024002978632004377,0.022912066280721455,-0.002284722354952534,-0.007240492477791187,-0.015411320076203454,0.009675946949581312
F29_y_end_minus_start,-0.00688907747813914,0.040609539469282696,0.03144153018039484,0.009895718630085152,0.007055670597135499,0.007340511393928191,-0.00861343233850288,0.04799651006577439,-0.010920006170553253,0.03788328927646054
F29_z_start,-0.03712546351991969,0.014268462375095624,-0.009494313093879542,0.01130654410896905,-0.0003148894227169102,-0.01910385911753961,-0.00021905597928410979,-0.037322359354661834,-0.039633981617313074,-0.003308806872739488
F29_z_mid,-0.03411586213352224,-0.010402873658756062,0.009869657634319899,0.015660617020039687,-0.016567484361282362,-0.01421552827688984,-0.017629607141475274,-0.047566854673853236,-0.02292168297472168,0.044877065665032946
F29_z_end,-0.03427674078410266,-0.01826180736820328,0.00511922258761895,0.019740778952712784,-0.0009873164154225148,-0.030414262750000948,-0.003256135693291245,-0.003933845127959443,-0.04866323612749373,0.02187643603719695
F29_z_mid_minus_start,0.0035127896991814112,-0.036755740311251534,0.02889552127793177,0.006866114963789899,-0.024479933145556142,0.006836077772748655,-0.026220821089464705,-0.016449111121086653,0.02407590519500837,0.07246196419189734
F29_z_end_minus_mid,-0.00014073903656128584,-0.01419893688178867,-0.0086541853507674,0.00732636290136518,0.028313553477236342,-0.029298626502942092,0.026131017331754297,0.07929863676130926,-0.046557241532869796,-0.04188891825847191
F29_z_end_minus_start,0.003329032081667663,-0.0475627660733014,0.021294680632719817,0.012681484077783035,-0.0009973732659744562,-0.017097874937787843,-0.004476689545938422,0.048289102118881246,-0.014217735451771631,0.03700388146032777
F30_x_start,-0.04001914769904116,0.004952839300385529,-0.016707947171407837,0.03405094668587909,-0.007565375812329141,0.0016242849829349456,-0.0016340355125428157,0.0035413766382833174,0.013387676358315165,-0.004338207545488792
F30_x_mid,-0.03904724205869944,-0.007137554977182105,-0.01304322938661666,0.033494760668364876,0.006277468137348284,-0.00031496043460041515,-0.02320471914692301,-0.0017671755031829258,0.011737092285629937,-0.00857848897299663
F30_x_end,-0.03878709037581416,-0.008403156548713918,-0.0003225599450542899,0.03910271269167642,0.008785740718725435,-0.007828602002448842,-0.006712991896188482,-0.0015230834104319672,0.011577908039879892,-0.012047222095766901
F30_x_mid_minus_start,0.010293871054710553,-0.032968022515629004,0.012926607844337721,-0.008041757990579214,0.038112107645390025,-0.005448022863292582,-0.05679885950102432,-0.014739000026332187,-0.0069531088228013075,-0.01039034111201918
F30_x_end_minus_mid,0.0005130001610845848,-0.004479578472216121,0.04417122743624285,0.01986806624069956,0.008798794955562822,-0.026171071681171453,0.05720247991893157,0.0008323164103702227,-0.0004362527729030149,-0.012166970244408678
F30_x_end_minus_start,0.009323463893217376,-0.03174731647230449,0.040666717913483294,0.0062012777207303285,0.039109503033992944,-0.022165523095262266,-0.011504156777732871,-0.012307122631491958,-0.0063573417491143355,-0.01716107498473541
F30_y_start,0.03598648170039979,-0.014584801557735123,-0.014399819875142227,0.025736022360620246,0.015595896318652552,0.030079966842424467,0.01076126311190556,-0.019910460642155202,-0.004733766943225466,-0.0035823653482662207
F30_y_mid,0.03496214648600383,-0.0012646143712697123,-0.022788891500904514,0.023498590408394093,0.030094112092106905,0.02264714355376015,0.008311091167335886,0.0032959185426204925,-0.002773876745914618,0.00880257078240561
F30_y_end,0.03461717770335105,0.005013784141262005,-0.00014016504409188646,0.03183018312424251,0.020316839281043646,0.03506435407640708,0.007098204964850694,0.00029882665301588624,-0.009952389796763328,0.013252831908981149
F30_y_mid_minus_start,-0.003217997324365308,0.03413865287216215,-0.021099618925948534,-0.006130236415753209,0.036622854265084805,-0.01942277970580884,-0.006416942923573411,0.05938274556316985,0.005067045972573158,0.0315720413691716
F30_y_end_minus_mid,-0.004210091217616893,0.013542023499650044,0.050662112281448755,0.015469702420348475,-0.023882563839434733,0.024284898231728334,-0.0034174069516617308,-0.006731926960855027,-0.015064333252447267,0.008635437548800789
F30_y_end_minus_start,-0.006928236476702511,0.04286526410557606,0.03161427272300635,0.009923833723931984,0.008175957461248558,0.007100846156426794,-0.008915556423909968,0.044748906979014416,-0.010444639440543503,0.03581499093889656
F30_z_start,-0.03728797712419959,0.013904250935114952,-0.00909221070649083,0.0059148218053474795,0.005832276023813985,-0.01297244164075263,0.0033364698080286404,-0.04135413124575353,-0.041098463500181544,-0.0042698398718635094
F30_z_mid,-0.03475523638139029,-0.012666738424107529,0.011203287709840495,0.010950370416221815,-0.012444218538439508,-0.007279132571138866,-0.01543595441649424,-0.048355228952688976,-0.022857916684869473,0.04866889358686432
F30_z_end,-0.034494992393411396,-0.02168107331219885,0.0059489737601867865,0.015336798727101406,0.0036886765132151536,-0.02545403909301878,0.0016920212048645753,-0.003274229879361461,-0.049005811889156106,0.02489174253386313
F30_z_mid_minus_start,0.003439879316992167,-0.03700089603036529,0.028265786012945503,0.007032844404895168,-0.02545959563542634,0.007903917018739465,-0.026156861001828433,-0.009858190765588724,0.02532413955168249,0.07377547851318961
F30_z_end_minus_mid,-0.00011597194646564524,-0.015612852357368078,-0.008800571582683854,0.00767454378061911,0.027375617580655,-0.03118434441855161,0.0290282622675635,0.07627797554465776,-0.04506418302433662,-0.03985763751794242
F30_z_end_minus_start,0.0032130603577882823,-0.04789502647834738,0.02019573717007974,0.012826006997822482,-0.0028097631570400427,-0.017068523018622765,-0.002172655861763174,0.05085311580636785,-0.011309301547121177,0.03935666116202609
F31_x_start,-0.03989297524102918,0.005174625631864337,-0.01604294166049252,0.034535169374077586,-0.008179421444956713,0.0009286818401909547,-0.0019393069264889617,0.0057905690678251385,0.013756841508800438,-0.002784804050508412
F31_x_mid,-0.03889520631032519,-0.006573556071387874,-0.012801048035551757,0.03450667093503524,0.005080624623247204,-0.001108067008736391,-0.022897586941011315,-0.00028227938467922784,0.010298503991320943,-0.00988188859708846
F31_x_end,-0.038711139607793876,-0.007644377220062941,-0.001257572223839355,0.03951813971837897,0.007461039624906088,-0.008239454965205145,-0.007394439443460354,-0.0015210572275436653,0.011698646324920639,-0.012628203187100125
F31_x_mid_minus_start,0.01055953159165681,-0.03287356119985162,0.01194881003563802,-0.006876545558734672,0.03756451162359111,-0.005705411638043661,-0.056445830931845964,-0.01760636092322326,-0.01208560339481043,-0.018695224460766376
F31_x_end_minus_mid,0.0011322797230699753,-0.003922346005870341,0.04324044597198392,0.018313846563794634,0.008828389521805778,-0.026610120430388694,0.05813818569865275,-0.0046213582798441425,0.005109134376601905,-0.010139414322420878
F31_x_end_minus_start,0.010136692138507443,-0.031813504726953164,0.03853475892789153,0.005687177809590415,0.039156652663195325,-0.022246333799039876,-0.012781371749727398,-0.01866447206959316,-0.007470283607588849,-0.023193666781851616
F31_y_start,0.03455221202965691,-0.014230782632494068,-0.01570701601364232,0.029167316065740023,0.015437497516146564,0.02862808136342542,0.010965803042806041,-0.022299801685014206,-0.00910042239055471,-0.0016638463638504485
F31_y_mid,0.033520894064992375,-0.0016677200829784324,-0.023781792730784908,0.02693959213987645,0.029970629024212648,0.02140458836536855,0.007367247268591941,0.0009258506659381485,-0.008381004741810293,0.010875031025390747
F31_y_end,0.0330027117203502,0.004473227959019486,-0.0006144409436194297,0.03507862745255246,0.02011958575052219,0.034156840368042805,0.005912184157451876,-0.0008486599142914437,-0.016918946867234996,0.0156743363332478
F31_y_mid_minus_start,-0.0029881822134488387,0.03217891375705352,-0.020424642232582817,-0.0059826733654441125,0.03689386388598935,-0.018714444638411386,-0.00928883131446413,0.05944835470571506,0.0019287252366462933,0.031986787652157386
F31_y_end_minus_mid,-0.004002789404716535,0.012757777153608178,0.04966328549566668,0.014353363109230731,-0.022858317994464025,0.02431268539793044,-0.0036340911614729464,-0.003725451452786398,-0.016799528973549357,0.008902905769295146
F31_y_end_minus_start,-0.006502585727654526,0.03972342972304417,0.03245999605732666,0.00931456447197852,0.008115282241251983,0.008582008576368573,-0.011418125509454148,0.04613315978178427,-0.015156631425221717,0.03571329007302282
F31_z_start,-0.03369126028214764,0.01391107180233228,-0.01133216995979032,0.02058538051976476,-0.010876340919335625,-0.02818532478433972,-0.006444085043842527,-0.03277575219727997,-0.0356142993567627,-0.005007027664922295
F31_z_mid,-0.030084848324291646,-0.006532681070482543,0.006680551690295374,0.023177289509660057,-0.021806088745970814,-0.025417513517437793,-0.02194962827934907,-0.04877679193923267,-0.018244501720431627,0.040892179685160485
F31_z_end,-0.030934864684892604,-0.012064505408872989,0.005394101297747399,0.028301225129755785,-0.007162561838005428,-0.03837919490140615,-0.011058278724352092,-0.004334696625904416,-0.044480801837565906,0.016643472590959343
F31_z_mid_minus_start,0.0035290718850784263,-0.033632593422801324,0.02970439743349856,0.005983947984240555,-0.019390199188201365,0.002529274490921924,-0.026816490784950086,-0.02968400986516709,0.026744348098419857,0.07752831355995807
F31_z_end_minus_mid,-0.0006377746104270992,-0.010400493306894602,-0.002689465783394,0.009068043171342794,0.028822774256112713,-0.024035624516357414,0.021626642172788674,0.08690041985583093,-0.04974806643549416,-0.04788654118283743
F31_z_end_minus_start,0.0029896659525401274,-0.042894100948605136,0.027505362906103715,0.013939860022224027,0.005701721213410942,-0.018464735545716874,-0.008051807448956118,0.04611472128371532,-0.016598567182563043,0.036071422723543974
F32_x_start,-0.04001484686318967,0.005003734533332982,-0.016393485414132852,0.03433435161149474,-0.007382251729666203,0.0023427824673273178,-0.001086251766614057,0.005328892154203445,0.013518671476832375,-0.00305840223238967
F32_x_mid,-0.039026074259629964,-0.007028958557858775,-0.012927755098524058,0.034096288315906914,0.006210797072736041,0.00031124470582455865,-0.022469152313646358,-0.0009440417174037353,0.010812617387674658,-0.008743755659360274
F32_x_end,-0.03879268632512284,-0.008287018478142321,-0.0008761121735733915,0.039277596223270046,0.00894090200991226,-0.0072111875033245235,-0.006139208719008851,-0.0015388316438846696,0.01213610619831332,-0.011980935144194784
F32_x_mid_minus_start,0.010532777898180976,-0.033092330807591316,0.012481409181706477,-0.007409054635856078,0.03772486833193567,-0.005882676001493244,-0.05683867044773311,-0.017788528191849493,-0.009887296864607098,-0.01456603114277504
F32_x_end_minus_mid,0.0009432023321445022,-0.004492510644401145,0.04325468485956613,0.018488351001337337,0.009773772537498903,-0.026977727295043955,0.05862346060120244,-0.002130460720233235,0.004716852073376889,-0.011585344123666193
F32_x_end_minus_start,0.009886215288627648,-0.03206135965730429,0.03928340025909616,0.00557586093541908,0.03959338747557046,-0.022827121127829985,-0.011665069454500729,-0.017048233292755014,-0.005615077528868606,-0.02039821908373913
F32_y_start,0.03507787903766229,-0.014143455803898355,-0.01618905471702089,0.03211799417737359,0.011890398546969145,0.025573811727990465,0.009432870106592,-0.020433759362763797,-0.00900906873366561,-0.0012966502561285154
F32_y_mid,0.03409475038906769,-0.0003254087546822221,-0.024608530983856517,0.029792760182716368,0.027599513272627586,0.016618192639664315,0.006209271615801947,-0.00046676768581541144,-0.008400635373288058,0.01084139136269125
F32_y_end,0.033351909330753264,0.006825547379699193,-0.00011975469789148308,0.03820835825607722,0.01760312411524466,0.030727506448333296,0.003216833112231543,-0.001089958984980833,-0.01732757934206342,0.01446160726120319
F32_y_mid_minus_start,-0.002992307199202872,0.034842934886487084,-0.02085643353794121,-0.006311210040721231,0.0391899955789169,-0.022829245775242025,-0.008220874153379347,0.050347771364092575,0.0016605384640957929,0.03043907816171344
F32_y_end_minus_mid,-0.003954832542605969,0.014406685294237857,0.05103198641623872,0.014776638676876704,-0.022098339020978252,0.027179635220951927,-0.006467032295517989,-0.0012197788023328177,-0.017349068074970136,0.006499132818891515
F32_y_end_minus_start,-0.006374857045523636,0.042918432521471456,0.03333833987890794,0.009429493108518401,0.010373126732819033,0.008113757452530772,-0.013161877431608272,0.04021108107711252,-0.015800710867831278,0.0314712017518734
F32_z_start,-0.0323944552277041,0.013625878832975145,-0.013054045364042652,0.01919133110202969,-0.008332802287733039,-0.025099122807152797,-0.005095122477916316,-0.03948521865365245,-0.03668546779707483,-0.009577287847144405
F32_z_mid,-0.028647694091599316,-0.007760237674682134,0.006460789421111676,0.021805577201465955,-0.019274784301923784,-0.023200068344919327,-0.022733651893892384,-0.053948327343947375,-0.01384549140337852,0.04687087562920361
F32_z_end,-0.029488816894219595,-0.013863877650254496,0.007703861451106379,0.02870960057197585,-0.003410612848625852,-0.03739966573959036,-0.00862208462839312,-0.003557393515236099,-0.04305872299391109,0.018961103192890696
F32_z_mid_minus_start,0.0030805671930383945,-0.031749108100489136,0.02891975377968935,0.005605995455483746,-0.017509842327010295,0.0008435204063932874,-0.027536409089892654,-0.025499190385191585,0.032076927912752656,0.08598345191368134
F32_z_end_minus_mid,-0.0009953603734734417,-0.010284397137289267,0.002019867778593887,0.011433711027325188,0.027333948771553977,-0.023847039120862945,0.02439970434549635,0.08671220870706156,-0.049579560629966345,-0.04828678285728937
F32_z_end_minus_start,0.002133819589070067,-0.03987739488774187,0.029926090118940537,0.015414980835115706,0.00674405140041238,-0.01994095024206153,-0.005576413655013309,0.05066046617198225,-0.011924128818268357,0.041705723165360295
F33_x_start,-0.04013865900166888,0.004892995369629046,-0.016628201495366264,0.03403655222323256,-0.006665134758383482,0.0034638018516814206,-0.000399586291474967,0.004889782326774406,0.013325166892993928,-0.0032414531751428968
F33_x_mid,-0.03914977903860788,-0.007399899264448113,-0.01299162655423331,0.03364938178184879,0.007132219558770327,0.0015315553638544427,-0.022067858266461023,-0.0012770204665883916,0.011095919864608051,-0.007930336373660089
F33_x_end,-0.038873907413405774,-0.008793595769518695,-0.000614039499747245,0.038957253550165834,0.0100722775571134,-0.006293520329952914,-0.005137269758726079,-0.0015563454289657592,0.012391288952425408,-0.011451858175386586
F33_x_mid_minus_start,0.010501527661193912,-0.033352006722197396,0.012852764809722724,-0.007715739268998632,0.03766458742016056,-0.005772499660719849,-0.05701321337198004,-0.0172102753938843,-0.008494952706356846,-0.0117166712639222
F33_x_end_minus_mid,0.0008497005586279274,-0.004875199102898967,0.043073765137556584,0.01858264223316926,0.010260355468619255,-0.027250083012354043,0.05890592215418164,-0.0009765034375468418,0.0045432218809367,-0.012287836972308805
F33_x_end_minus_start,0.009731594276186192,-0.03234571687620163,0.03969889303656708,0.005547605783799879,0.039671544119360025,-0.023055462135487145,-0.010840987696432578,-0.015673454292845976,-0.004414220774909625,-0.018354370174043837
F33_y_start,0.03540394797894008,-0.014050711613966663,-0.016361638786032324,0.03379734052053264,0.009537551251993532,0.023561848812260557,0.008360466224330832,-0.01890070385591919,-0.008604376389459645,-0.0011582728408190731
F33_y_mid,0.03443854508487283,0.0006017804569896486,-0.024997248905634057,0.031455200071597626,0.025877046359250963,0.01348382978166982,0.005439499334335034,-0.0012180466831717633,-0.008110894357000248,0.010599790384350563
F33_y_end,0.033566104364070315,0.008295120227177648,0.00016749105872292263,0.0399251513924493,0.015876413012238633,0.02843491126007126,0.0015085441679135371,-0.0011104831049104265,-0.01707704229372589,0.013527742044914587
F33_y_mid_minus_start,-0.002996055708016349,0.03640921142480629,-0.02103135637373862,-0.0063663454543950344,0.040164579095809165,-0.02528305705959036,-0.007354450105622765,0.043972385921803796,0.001367062772362844,0.029041767913656563
F33_y_end_minus_mid,-0.003891921369960524,0.0152879394950205,0.05169307858832372,0.014905258410163809,-0.021540327859943236,0.028940069402067625,-0.008170905264873823,0.0002904559618301882,-0.017353787274324114,0.005169682128704175
F33_y_end_minus_start,-0.006272178854361038,0.04478368516028528,0.0335774932998235,0.009434761462222527,0.01168156287964498,0.00775346562781348,-0.014038368574445636,0.036236861520059026,-0.015927076581346046,0.02882201640218427
F33_z_start,-0.030605111043335007,0.013191832839210254,-0.014667509303219493,0.017357358964815137,-0.005315829038350558,-0.02130488459560209,-0.0035572844480465334,-0.04618931148210807,-0.03723307342994911,-0.01433965155628484
F33_z_mid,-0.026835448184085745,-0.009061352782666829,0.006248937806503659,0.01998352651990885,-0.016290082981852708,-0.020274127509085176,-0.02329305565966876,-0.05880987790436984,-0.008941606007740419,0.052697337654479204
F33_z_end,-0.027669530426631818,-0.015783769120600866,0.009996488220015481,0.02866562104300566,0.000686530865279862,-0.03582127126486889,-0.005794198454151167,-0.0026683017599416934,-0.04098298360203643,0.021188969118279152
F33_z_mid_minus_start,0.002758239318580376,-0.03004995780543343,0.0280584216562943,0.005101125468878311,-0.015791045286943257,-0.000309234808716591,-0.027904706886816497,-0.021454397063084857,0.03652179974116774,0.09261253785131406
F33_z_end_minus_mid,-0.0012764554369360589,-0.010268409533951408,0.005724449875111839,0.013262568764402119,0.025927907916402673,-0.02374800995520522,0.02672490744800047,0.08574299842516356,-0.04893961277883765,-0.04811974965291136
F33_z_end_minus_start,0.0015031578392881088,-0.03732729420959471,0.03150525133937636,0.016319724981021952,0.0075313371281408425,-0.02087355192785726,-0.003237879869899613,0.05401184245730215,-0.007862241993521677,0.045912002520729335
F34_x_start,-0.03996424069975761,0.00464933210585057,-0.017138937119990275,0.034268183185521085,-0.006111820455125457,0.005015595732769085,0.0004186840701006277,0.00484662352886205,0.013725136822012861,-0.0036574161511209345
F34_x_mid,-0.03883656648240448,-0.007878124327912907,-0.013212817955994842,0.034082990828995435,0.008265019528589915,0.0028913238675030567,-0.02182775911000609,-0.0013280228806106897,0.0122826927704426,-0.006593396153608086
F34_x_end,-0.03842288017654236,-0.009217697694170378,-0.00039521888790157466,0.039701380249307916,0.011547417559369375,-0.005444952639375024,-0.003930901629595799,-0.001535716295838183,0.013733617156815188,-0.011278840815446138
F34_x_mid_minus_start,0.010725390713916162,-0.03307990582024542,0.013439610817604888,-0.007189256866450038,0.03811542947177227,-0.006437516895887042,-0.057208258830355116,-0.01680529462981863,-0.00639300720666401,-0.006822700552149785
F34_x_end_minus_mid,0.0010351544373566812,-0.004542560915138873,0.0426758267493252,0.01906151529182823,0.011032429219695713,-0.02780619242901677,0.05955696658693103,-0.0007052482480702668,0.004953564595438483,-0.015701825178386027
F34_x_end_minus_start,0.009961297257831882,-0.03162311530212087,0.0400666423800672,0.00649254275679465,0.04030228791370615,-0.024101285897459124,-0.009749134454700572,-0.01499695234372919,-0.002224015629694008,-0.016365052933370323
F34_y_start,0.034327665703228774,-0.013348207834733963,-0.017445468666793047,0.040314258901862375,0.0033633144611250904,0.016986700335833223,0.00525236862991613,-0.016396430808973825,-0.009689611016415054,0.00026792966963747967
F34_y_mid,0.03341129875628423,0.002531517758837274,-0.026070342504207148,0.03789560100251878,0.020823233430268227,0.004697640736970713,0.0023614792675358087,-0.00420349905519851,-0.010478144478469405,0.010870647948221434
F34_y_end,0.03213340366083813,0.011313674783052499,0.0001202218081602552,0.04618997296493075,0.010967626708747343,0.021256132067055927,-0.0036918172279915063,-0.0015874267405153514,-0.019964254049895023,0.01167147705996717
F34_y_mid_minus_start,-0.0023571803669650247,0.038170143005761055,-0.020617930948668345,-0.00598999105013856,0.041885398766554616,-0.02956989788960371,-0.0069618339892147055,0.029336489398600184,-0.0018477350274611103,0.025443516305419644
F34_y_end_minus_mid,-0.0038115473899747844,0.016908542935042035,0.051770247468035414,0.01454921662927488,-0.019921848738686576,0.03188356442742704,-0.011818842629583123,0.005235103159763647,-0.017954136766510857,0.00111626993225366
F34_y_end_minus_start,-0.005572131686295369,0.04682882832668624,0.033691018202506536,0.009312244665509171,0.014122110807009166,0.007288463606355448,-0.017000973294562974,0.028475317429527247,-0.018863003617900154,0.021380298923413744
F34_z_start,-0.015089352582849373,0.008925688374936722,-0.021348765726752837,0.024063054959455786,-0.011517216482793394,-0.0204305496951691,-0.008176809394671448,-0.05577014446584547,-0.027514062746589036,-0.031888083345540566
F34_z_mid,-0.012546037473388588,-0.006098089066497447,-0.000394626543529673,0.022917374776981508,-0.012677251319388195,-0.02564428723060816,-0.028137172907475465,-0.06873569179036301,0.01364030427179965,0.05782607772541804
F34_z_end,-0.014581561060712173,-0.010572307829523205,0.01665142462188731,0.0380151411580797,0.004492664386901329,-0.03831245220398784,-0.00808994371174765,-0.0003600578808950986,-0.0244169115778274,0.01838752926394044
F34_z_mid_minus_start,0.0010315225896436824,-0.018109016080422233,0.0239239980606829,0.0021218025762207945,-0.003226812435630203,-0.009808990557239598,-0.0270607215645575,-0.025136570567204333,0.049146697366078664,0.11134510144175495
F34_z_end_minus_mid,-0.0024520214225136694,-0.005495570030288151,0.021053684029625288,0.01853267250384638,0.021267191705005104,-0.015518694064418245,0.024896846741815463,0.08478213953093527,-0.047067589538420815,-0.04899129772077238
F34_z_end_minus_start,-0.0013430796323955448,-0.020957977037827417,0.04034297592674356,0.018868181186686064,0.01667617997010715,-0.022859142146850944,-0.0009411670715217321,0.05569346844084895,1.1203548779006801e-05,0.052912046293371894
F35_x_start,-0.03961254275638223,0.0051498784977233305,-0.016411493627443884,0.03526856063957027,-0.008274577409906576,0.001892874101098659,-0.0009132723365684469,0.006842022346040543,0.01318490296707784,-0.002002178128515034
F35_x_mid,-0.038656032590035014,-0.006767251822755813,-0.013020348978005372,0.035443866306856815,0.005485819550616735,-0.00048015855449731634,-0.022120438464489606,-0.00027313298051791544,0.009789502298989106,-0.008130376619549936
F35_x_end,-0.03835180824531969,-0.007702409050826933,-0.0012764329032663871,0.040463627839422305,0.008523927045583954,-0.00782071331192666,-0.006107308989541373,-0.001659823934266261,0.01192809267265003,-0.01170592764197899
F35_x_mid_minus_start,0.010898959514036613,-0.03271479962701497,0.012463765390538112,-0.006978320406129707,0.038266284262957216,-0.006697494329959978,-0.056090770077855845,-0.020327559787306715,-0.011794075172206575,-0.015841584264675815
F35_x_end_minus_mid,0.0014612755251413852,-0.0033656915368039434,0.04314588558910613,0.01807435206566428,0.011082289151083852,-0.026891130424166885,0.05886967261705607,-0.005078319178720466,0.007747912839423823,-0.013027743484213232
F35_x_end_minus_start,0.01053986925984273,-0.030986797468605658,0.03847494449719509,0.005362033056142189,0.040797119584320335,-0.023035963525393024,-0.011948490055074966,-0.021156759325999246,-0.005462258912297833,-0.02226598403821297
F35_y_start,0.033154099867503,-0.013043974979043832,-0.018011001002660697,0.03919392463838378,0.007088631957454209,0.019197351490919373,0.006939992720443798,-0.021455061008908413,-0.013201493193052295,0.000620236286814141
F35_y_mid,0.03225473762992252,0.0008229929557900367,-0.025901017045241677,0.03717987657735742,0.023352130575463863,0.008650962341355536,0.002524809684917533,-0.004898504301684081,-0.013449778594771443,0.012258029318141276
F35_y_end,0.03095663385917342,0.008565843052697197,-0.0001566413958343172,0.045567831215476924,0.01321296435065504,0.023893814489880365,-0.0021885790031764964,-0.001925320624286648,-0.024806263478652057,0.014647412031380912
F35_y_mid_minus_start,-0.002299235156154328,0.034651101377767154,-0.019674909387719784,-0.005092654154943376,0.040603653756584666,-0.02636846101110256,-0.011037237631784864,0.041381353517454464,-0.0005988441936815746,0.02906220985039708
F35_y_end_minus_mid,-0.0038094726343254246,0.014713540818051733,0.0501084380713589,0.01443521983668659,-0.020279846760433262,0.028674168558116924,-0.009082155678732176,0.005866013934463818,-0.02107296392764711,0.004042899581635433
F35_y_end_minus_start,-0.005553550598781539,0.04136159805589505,0.03447985651038106,0.010377441718417032,0.01126544352971218,0.008056292223216705,-0.017532797299365698,0.03778956875054799,-0.02135622995891334,0.026463531977313506
F35_z_start,-0.021075043982066676,0.010913079759442026,-0.016095980388308638,0.032624824899058526,-0.02423070013621464,-0.03596819536524254,-0.014836189797178202,-0.03162584366684069,-0.0253201164685478,-0.01522059532292271
F35_z_mid,-0.01805144176321417,-0.001240159692096509,0.00012449103840968617,0.031282102732690505,-0.024377302503682242,-0.03790426374111653,-0.028028663968135057,-0.05425830273729066,-0.001435639775424563,0.038945467209838505
F35_z_end,-0.019630229908722093,-0.0031013921071578626,0.009101471209870343,0.04070906861910848,-0.010807818971628053,-0.046223523723568395,-0.01939888983808639,-0.0034483417352766934,-0.029980891344668605,0.009597797217940992
F35_z_mid_minus_start,0.002237920604161857,-0.020459829889391105,0.0270691658893639,0.002620595680087298,-0.004031564485022749,-0.009117193622995139,-0.026354566573232346,-0.04617186687938683,0.039607558414637915,0.09637951385174799
F35_z_end_minus_mid,-0.0019517374126713594,-0.0032120688184019363,0.015758542354867986,0.015132140633877286,0.024937293538666413,-0.012885849588769413,0.016428832098841648,0.09169273158705936,-0.050062177384224145,-0.0533072422581778
F35_z_end_minus_start,0.0002540067871989685,-0.022904418234402323,0.04155359051474443,0.01732352234908911,0.020482159094334023,-0.021403553839412733,-0.009399449669537938,0.045028711798737124,-0.010675219653476972,0.04099536659935554
F36_x_start,-0.037359552485290416,0.0003536997344140922,-0.018175066799405563,0.01977409530235178,0.014137682503461722,0.0331552450414829,0.011854411155226827,-0.001248379614886639,0.02670518823174775,-0.010973910767827855
F36_x_mid,-0.03379408848322586,-0.013450647097619995,-0.015178812116306561,0.015728069952798015,0.030731574750481373,0.03224018848917259,-0.013322537317838471,0.01060289452778396,0.027128848608375104,-0.010289024038049151
F36_x_end,-0.03439057791203239,-0.01774856122551476,0.001821964796206966,0.024798710074951096,0.030885226794855006,0.020954547955798312,0.012064041359103545,0.0022026009038908366,0.03122781801059386,-0.009550235703479225
F36_x_mid_minus_start,0.008314996258373326,-0.03157291689370213,0.00693073064254503,-0.009338493321999389,0.03789050095087872,-0.002235281413015942,-0.05763218801214879,0.027109963640763332,0.0008541674054461201,0.0016135406677487529
F36_x_end_minus_mid,7.655165002170572e-05,-0.00949957328165235,0.040564207196899696,0.020601712023199242,-0.0009820898555874535,-0.0278961555997621,0.060164677192890606,-0.020178844130831642,0.008435024618810044,0.002183489123353576
F36_x_end_minus_start,0.007456201070492793,-0.03614280179882483,0.04065456966740954,0.009217861491791261,0.032845309313220473,-0.025708514374407146,-6.733887239779634e-05,0.006938582525920642,0.007932013778569025,0.003290995838003926
F36_y_start,0.037800230887422376,-0.014367437637099611,-0.008351769963182612,0.018199458935839418,0.015238780953622268,0.03443638051053942,0.015660429577804603,-0.0006895219094192621,-0.005208428230881318,0.0071831537830537775
F36_y_mid,0.03703008602288657,0.000145274060148975,-0.017277553207086193,0.01761136785598532,0.02721688341716778,0.02503398461126078,0.018285775284975117,0.009215367990957046,-0.009308997581511437,0.009380727974888568
F36_y_end,0.037030600421403555,0.0075542408697353005,-0.001584380674287564,0.02052180400917696,0.020303318384598534,0.03755662884904158,0.013508646559549569,-0.0005521744287829768,-0.004385758825611692,0.013093686679077366
F36_y_mid_minus_start,-0.003967600736631907,0.04205844178425129,-0.02506180619977698,-0.0025299034801984643,0.03344320276343072,-0.02842610347573327,0.006752672822269616,0.028277572582785272,-0.011449299805244534,0.005930086556148049
F36_y_end_minus_mid,-0.002339990682860437,0.021998504046439785,0.047707710487885205,0.007531579564729027,-0.022257144025664723,0.03561445251098154,-0.01534630657716197,-0.02959634759583011,0.015212686259710248,0.010435849845835725
F36_y_end_minus_start,-0.005725712103252658,0.058245978634791196,0.01836749849116779,0.004224121572480948,0.011624959707992858,0.004690087572896514,-0.007123672369857034,0.0004240990943821818,0.0026466536846500403,0.014613077974736509
F36_z_start,-0.03568269523724798,0.010290063985558422,0.01454893092591614,-0.012229889252309648,0.009424877661239551,-0.006235597484059163,0.008165135499556603,0.023149350979264224,-0.022542405217483238,0.04022404092759482
F36_z_mid,-0.03309133035117635,-0.004623462255501064,0.015334855139757625,-0.007135010205261215,-0.008870149733039647,0.00912147487674942,0.012340971444495486,0.03420042715008957,-0.05735399577881273,-0.018982697828703234
F36_z_end,-0.03187482945943553,-0.008733886479643627,-0.019058909502981752,-0.024657712787956053,-0.0133862994063509,0.0067906323172769,0.002853704706068009,-0.004895714709595967,-0.04154052923290286,0.004671316365873342
F36_z_mid_minus_start,0.003344139393443944,-0.023364308790664395,0.001549894651519967,0.0077979115571355255,-0.028729472910336395,0.024151255845246435,0.006775308000715815,0.017962941108280422,-0.055520726705216836,-0.09276961733897167
F36_z_end_minus_mid,0.0030135342404754386,-0.0053622341862755345,-0.04710458836339554,-0.02337972508490786,-0.005734610450398913,-0.003526833530677907,-0.013329229825792455,-0.054239010106508286,0.023740061072658736,0.03274501673369027
F36_z_end_minus_start,0.005421848696893768,-0.023601741994592917,-0.04161968387673172,-0.015025108771338192,-0.028239840696955582,0.01614395760014294,-0.006699350486028163,-0.03495921751184667,-0.022888710281540478,-0.044543506232223
F37_x_start,-0.03815141943598441,0.0008472293446156394,-0.018349117085054358,0.02094444453236441,0.012641217971140657,0.030533194664178642,0.010835540876077167,-0.0020916320988484836,0.025037136468489995,-0.010824583680114035
F37_x_mid,-0.034823496503332774,-0.013267742008037382,-0.014948229733255968,0.017131677522836418,0.029037630393544737,0.030060922282383426,-0.014449286598634425,0.008654264340729991,0.025908537141900684,-0.009281159619154069
F37_x_end,-0.03526381817414161,-0.017537346912292598,0.0019151660588772393,0.026074454808393602,0.029465154311625972,0.018435045425970725,0.010737163030766642,0.0019420744996691305,0.029027456550718103,-0.009377347813380727
F37_x_mid_minus_start,0.008513531663821785,-0.032273273091874125,0.008208373001642254,-0.009211374994986107,0.03716499984434451,-0.0018067538969152093,-0.05803470966817642,0.024604501411834234,0.001394544461257407,0.0037847122353694127
F37_x_end_minus_mid,1.7033605437568195e-06,-0.009749035824800646,0.04053266138339888,0.02074039923835259,0.00014205184656622164,-0.02853852633931943,0.06030073946024303,-0.016214752040334155,0.0066334362496560965,5.0764366858976835e-05
F37_x_end_minus_start,0.007459554472897858,-0.03638013661273059,0.040899324913042316,0.00917903974431153,0.032675916081903796,-0.02531651006772855,-0.0006919343880505272,0.008069554602811242,0.006738287562703027,0.00335775183519268
F37_y_start,0.037973773050227026,-0.014334682925225955,-0.008491036950341797,0.017388405026610782,0.01572393751339358,0.034652183008461984,0.015664442746734824,-0.0019244121606165757,-0.00458644184914057,0.006610373839005086
F37_y_mid,0.037108852433495536,-0.00012118489845738999,-0.017344077639959314,0.016737491218434288,0.027654648883658286,0.025781201744350297,0.01809411255421189,0.009031386322437166,-0.008152876630057624,0.009150398829229594
F37_y_end,0.03718037909796685,0.007070974222405736,-0.0014447050623991786,0.019980539891041437,0.020653227814512547,0.03794459911587091,0.013373166446777784,-0.0005423554110921177,-0.003692347117066749,0.013219166233893824
F37_y_mid_minus_start,-0.004139059164254179,0.04180926130841328,-0.025292565391227477,-0.0026339299329859386,0.03390124127041632,-0.027199155750179213,0.006368216364250634,0.03183443204327768,-0.010138957896249039,0.007077250694858896
F37_y_end_minus_mid,-0.002713554655623225,0.02131712298822655,0.04847096829801143,0.008288398654630106,-0.022922629073677012,0.03400296445787668,-0.015412768213227852,-0.029075257612349352,0.013857542121202068,0.011332807166963723
F37_y_end_minus_start,-0.006265458506035679,0.057879030293681494,0.01946777682286946,0.004904460273035658,0.011234857231232038,0.00484663929263974,-0.007750290088158264,0.0038468797034050682,0.0028563625018898525,0.016655182696718073
F37_z_start,-0.03228851440054845,0.008345926728026833,0.015239519179549472,-0.023985720472822672,0.023158795148561298,0.009237719116206217,0.016023597937180292,0.014729118505250587,-0.022317667113690424,0.03623240552108313
F37_z_mid,-0.02996808816240119,-0.008633683625649856,0.016572330551756487,-0.018249154000937226,0.0018770735629817248,0.02548113912945272,0.01828899674016126,0.03502903833909957,-0.05238534392447383,-0.01308804912754322
F37_z_end,-0.028468961590167857,-0.015116281519550105,-0.016844480867545628,-0.03432578915043323,-0.0019601193241215852,0.01980960980905549,0.014531195097934168,-0.002834011846430843,-0.03712230494578804,0.010606144618313546
F37_z_mid_minus_start,0.0027825904213827995,-0.026750143006309214,0.002545271576121057,0.00844426285998145,-0.03317187635697353,0.026073052665827427,0.00404932159085443,0.03267358467085469,-0.04840925665175234,-0.07736471386265206
F37_z_end_minus_mid,0.0031988330264741435,-0.008754901371279825,-0.04737389031599868,-0.021828035449070388,-0.005438908024027502,-0.008873066511068567,-0.005930698831478616,-0.054274182266352035,0.02328421975450296,0.033639592994473194
F37_z_end_minus_start,0.0052190827869833265,-0.03007982587016769,-0.04117329538590598,-0.01296834423099843,-0.03235198571826399,0.013418329481467168,-0.002074735489450507,-0.022605243703986873,-0.018692997109060076,-0.03313674443450683
F38_x_start,-0.03908575938825065,0.0013513556752733648,-0.018486178364672524,0.023293373857295928,0.009691703024975778,0.02650547722480424,0.008941974985240462,-0.001786023647459725,0.023672055613736205,-0.01030816121373494
F38_x_mid,-0.03610075084399764,-0.012576486333864096,-0.014999955250037578,0.019766361132850036,0.02629883694220508,0.026118053923702235,-0.01608212259069768,0.006553062636924757,0.02499051680108077,-0.009002022810351847
F38_x_end,-0.03634394494601274,-0.01654188965469172,0.0017731949688516567,0.028397125106705116,0.02699562007058943,0.014627649182568215,0.008332190920520179,0.0013982348198498921,0.027684728978910476,-0.010368994859913126
F38_x_mid_minus_start,0.009005207852436156,-0.03225367387037631,0.009052166360600505,-0.009405706407838601,0.03784862594433088,-0.0023248282127357914,-0.05830140286786424,0.01936409680062058,0.0017695109391926336,0.003573889548759592
F38_x_end_minus_mid,-5.331575678201851e-06,-0.009490661391115988,0.04125753885841607,0.020780747031568802,0.001274426923545157,-0.028521986366081248,0.05995890814309902,-0.012711241613907423,0.006179775073500829,-0.0031954864404941403
F38_x_end_minus_start,0.007779336178913347,-0.03557877547989927,0.041298670076005725,0.008730683822009366,0.03374851406681952,-0.02515086134845187,-0.001745058233722993,0.006424078366990703,0.006543456633629059,0.0004964287677955697
F38_y_start,0.03807140033581679,-0.014537153515760836,-0.00906300357610655,0.01825417675386949,0.015598526740323457,0.03420089942514876,0.015190167934770992,-0.003695196805038262,-0.0041231771931816725,0.005415660231889975
F38_y_mid,0.03713408872954032,-5.512869264284433e-05,-0.018058081241971852,0.017355814485475386,0.02791890116739032,0.025354423178402585,0.01726536747396693,0.008246248124436749,-0.007387117689950669,0.009100467448961695
F38_y_end,0.03720047030306273,0.007065285709770175,-0.0012562091301872576,0.0211443144170477,0.020644436777925712,0.03774955415803164,0.012673997951954489,-0.0005238670853165373,-0.003964547065472246,0.013185904326865425
F38_y_mid_minus_start,-0.004154181575603489,0.04201463883010626,-0.025396969556614336,-0.0032768663758637206,0.034662623840140176,-0.02664353249614633,0.005352963414527105,0.03432358639802253,-0.009183254246943011,0.010337981437578811
F38_y_end_minus_mid,-0.0029329767759989803,0.02054031148123618,0.04997692684453664,0.009465944689357606,-0.02332903009279041,0.033614954645168754,-0.01469445694122188,-0.02598733335611723,0.010492429591910216,0.011016924046037133
F38_y_end_minus_start,-0.006514236838727423,0.057675925065629095,0.02126891459554367,0.005459089696027911,0.011349395328654916,0.005385695356627783,-0.008226145595214538,0.008641520184919723,0.0008723565333476723,0.019556097556397475
F38_z_start,-0.032796431043969475,0.008738382135330073,0.013203387102235217,-0.025460513871501476,0.02684250583633279,0.012493910323881016,0.018003315950759758,0.005872242205620197,-0.025195030690442162,0.031667593804067466
F38_z_mid,-0.030945351982812955,-0.011151547337201568,0.017398459627491848,-0.01987886167405471,0.0041622525099356536,0.029183070414921908,0.01758904716508931,0.02792796561879819,-0.04991062621101014,-0.004383317718277926
F38_z_end,-0.029471719325132224,-0.01912167457044699,-0.014449852774481933,-0.033753152437755486,0.0026300620484108286,0.020071978120315602,0.018138816580026404,-0.0022538657111776748,-0.03891506531832971,0.015006851044703716
F38_z_mid_minus_start,0.0029956834732081873,-0.03215789569317645,0.006781212080943527,0.009026441488923216,-0.03667078700454555,0.02698113427243915,-0.0006713871623179869,0.0356581383646563,-0.039956760437140776,-0.058288277319386274
F38_z_end_minus_mid,0.0032528877697229103,-0.011709660636405854,-0.048833374622843775,-0.020368649134467804,-0.0024589161676720037,-0.014767901884872167,0.00025337789292053753,-0.046655170961169085,0.018306578888449224,0.029526517952887948
F38_z_end_minus_start,0.005428325302047161,-0.03769111561566796,-0.03754404854967693,-0.01039665535520097,-0.03332035064104252,0.009816433494887486,-0.0003454452867332815,-0.011090972039329041,-0.017697131708534878,-0.023314641566162597
F39_x_start,-0.03967928377355656,0.0018716505066103358,-0.01848543753405856,0.025441995258196036,0.006925725063241072,0.02312183541902997,0.007521971326252298,-0.0006901384516403142,0.022288966417691035,-0.009090759992264384
F39_x_mid,-0.037019991483273076,-0.011944265635957442,-0.014958051852042667,0.02225078202875651,0.023736549004546536,0.022601855146418864,-0.017206853768629935,0.004850064514735351,0.023937998128646158,-0.008653315193567285
F39_x_end,-0.03705362807926417,-0.015577724993738702,0.0015244785132376474,0.030433519710850083,0.02485874111073459,0.011317068098283546,0.006304091636306784,0.0007852566557450709,0.026657705946838618,-0.011086138842184215
F39_x_mid_minus_start,0.009490145784879955,-0.03237434817473268,0.009758047776216118,-0.009550633441822448,0.03862946666020555,-0.0031289268992491623,-0.058291948414335576,0.012977156299909316,0.0019983166309753605,0.0017735701880177456
F39_x_end_minus_mid,0.00010834754515322859,-0.009141571101283323,0.04183057519761011,0.020611592154141253,0.0027185540156292503,-0.028703987327269663,0.05964621196694658,-0.010322038921635749,0.006764213531990669,-0.006117412662251188
F39_x_end_minus_start,0.008209186087719951,-0.03490335000352194,0.041251519642884725,0.00803450454455784,0.03520653486598521,-0.025253127139642617,-0.0029908733596446793,0.002991102293430789,0.007030450570895236,-0.003292867423186354
F39_y_start,0.038442379506569584,-0.014869350724466247,-0.010254640044711296,0.02184408225146088,0.013122326005808566,0.03163229906583434,0.013375819390463567,-0.004852284286222968,-0.003640838367360487,0.003571970336017746
F39_y_mid,0.03752012855205559,0.0009511516575408807,-0.019749795256123012,0.02064268936050681,0.026816217518592277,0.02139507931089516,0.015045493840946294,0.0063808250544649765,-0.006231142435006953,0.009008327481854643
F39_y_end,0.03737387174315912,0.008657796288542133,-0.0007301645860945961,0.02527735555067172,0.019029495212477546,0.03525060421360464,0.010253633454180688,-0.00021209142477079934,-0.004892762808703749,0.012243535068961281
F39_y_mid_minus_start,-0.0040909107032873855,0.04284705424054018,-0.024902799552402186,-0.004132047592030441,0.035985435666113966,-0.02865893222229111,0.0038883668508106696,0.03018100053427447,-0.006757794460258187,0.014355335484443604
F39_y_end_minus_mid,-0.0027771845164510337,0.020415566065433138,0.05179138231391028,0.010999900276196838,-0.022396040875707696,0.03545130077484661,-0.013689520383448974,-0.017923218305804633,0.00395268279021443,0.008022279293535078
F39_y_end_minus_start,-0.006229502211627219,0.05747095678316374,0.023671789638612294,0.006085257383879331,0.012814377210666233,0.00558798412815327,-0.008719486591679175,0.011518803667017255,-0.002633392875324528,0.020314928846164444
F39_z_start,-0.03836372788328762,0.011408537445917275,0.010020482632245632,-0.016558284722683555,0.019446282730909325,0.0022706903739598914,0.013555157299916375,0.001791843271101146,-0.03027277184304858,0.030221982423644943
F39_z_mid,-0.036601542067341314,-0.01102661321318252,0.017681039991556576,-0.011188271881258208,-0.0033220351402979144,0.01858115865634138,0.011067841022825726,0.017097250585381182,-0.052746853818106884,0.0021160927426106097
F39_z_end,-0.03545664491577113,-0.01895757410999689,-0.013799875370931905,-0.023867535261419066,-0.0020344396372791464,0.00793260257222959,0.011900488494594418,-0.003773525055180357,-0.04716786625829942,0.016005095860721057
F39_z_mid_minus_start,0.003937970648092441,-0.036724039640157954,0.012148280161333009,0.009178940870434445,-0.037490628809829125,0.026401520639433983,-0.00441704072777584,0.02478417224933619,-0.03561528317611646,-0.046454345662652954
F39_z_end_minus_mid,0.0030935435737099613,-0.012324967947938862,-0.051037007255017405,-0.01992560137698727,0.0021768899379519743,-0.01769710557749993,0.0009529241587498502,-0.03402077865807242,0.01075201535287721,0.02217565413537005
F39_z_end_minus_start,0.006069129377532926,-0.04240287435045684,-0.03332022160280584,-0.009165641683313562,-0.030608826182385612,0.007669089467585221,-0.0030079451354001205,-0.007755287879466549,-0.021617511711342983,-0.021193879089230018
F40_x_start,-0.03894983841283001,0.0012312892850745152,-0.01858253853617315,0.024346341514905587,0.008913267447656333,0.026276025116777773,0.008622901096651273,-0.0006024846136249359,0.024392036277427614,-0.01040758483743283
F40_x_mid,-0.036005481861762376,-0.012429396784034503,-0.015334095118779298,0.020858674906760345,0.02590634700626535,0.025348337857619745,-0.016299676887141925,0.006874541943219837,0.025913266480806486,-0.009800897068861461
F40_x_end,-0.03626714838961348,-0.01601229977392499,0.0016548649608807066,0.029468974255554222,0.026658853852375472,0.014042206661616367,0.007841768392580757,0.0015271294676381655,0.028857969908830508,-0.010994013177174302
F40_x_mid_minus_start,0.008904487170821412,-0.03182557414675817,0.008534807146835705,-0.009395679986950964,0.03903697254290777,-0.0035458504252852455,-0.05839970967950946,0.017415601707090767,0.002247365847797289,0.001960693950236098
F40_x_end_minus_mid,9.43842204620457e-06,-0.008599639979315288,0.0421256797804042,0.020830007329620207,0.001383030811723144,-0.028309640719506538,0.0597612013109154,-0.013296596578418763,0.006782718214560844,-0.0027608649345807427
F40_x_end_minus_start,0.007721126840236267,-0.0345485829553129,0.041584272728603336,0.008767583449852774,0.03493810480826323,-0.026048914442338676,-0.0020836493128789857,0.004294077384085154,0.007451919184235372,-0.0005423974082708542
F40_y_start,0.038200983160066884,-0.014597760366571465,-0.009830786079914873,0.021511303430205277,0.013510909318456525,0.03225636650300577,0.013917209743720425,-0.0032855264098561043,-0.005205273256985304,0.005325605305118467
F40_y_mid,0.03738078428591234,0.0008333351403029954,-0.018963704969721655,0.02043165003367765,0.02665693501170459,0.02216489139398564,0.015930380252106562,0.006990811413004582,-0.00822064136536381,0.009646252398073976
F40_y_end,0.03724663852525609,0.008466077011662177,-0.0011371994671288195,0.024387938286648078,0.01927926076687028,0.03565641999607945,0.011157252688865976,-0.0005264161814524213,-0.005722808788467948,0.012476144506177726
F40_y_mid_minus_start,-0.0037884456157507265,0.04285490812284971,-0.024618213184058917,-0.0038254364585814118,0.03546154952981302,-0.02894247822985074,0.004952316514944232,0.02827945196560967,-0.008048974790511948,0.011619270219759854
F40_y_end_minus_mid,-0.0026013383624763275,0.02114874837954355,0.05064028562788647,0.009769602673638732,-0.022079415800706118,0.036148509652964164,-0.014206245962119377,-0.021294433639357787,0.007427381018233123,0.0072843232650073985
F40_y_end_minus_start,-0.005769427929275686,0.05794497080175628,0.022229710739971074,0.00513472707488081,0.012953147751236413,0.005456404432887868,-0.008025500459099333,0.007069953721553809,-0.0008040484161977437,0.01708133542342602
F40_z_start,-0.033840279371071244,0.009345583677581483,0.014005656265690903,-0.022456403181072327,0.022861525222855433,0.008113929005899087,0.01569718853231967,0.011147360012827418,-0.02422845342853809,0.03479731858392233
F40_z_mid,-0.031501557598429035,-0.009497079728773304,0.017168920723181463,-0.01708955950773868,0.0010533996638551093,0.024808099529198702,0.016851434468767808,0.03130222037513969,-0.052275635091956756,-0.008896929648087304
F40_z_end,-0.030125151650201337,-0.016556090926957187,-0.016427706547996933,-0.032387984813455895,-0.0015514833289203384,0.017429918162430898,0.014564907907013185,-0.0029047719921687994,-0.03939521308156734,0.01240886802453827
F40_z_mid_minus_start,0.0032573090409905017,-0.029839706175892003,0.0052221413430684266,0.00822871151138653,-0.03437137250420016,0.02666120811792892,0.002050103776803193,0.0322065155666068,-0.04493711530575682,-0.06901601536270005
F40_z_end_minus_mid,0.0030960171893776203,-0.009751266143851033,-0.048644094961254686,-0.021258234556103036,-0.003761624810197389,-0.011436299037921678,-0.0038723668292873644,-0.050022892584603816,0.020286043448967776,0.030777057630801775
F40_z_end_minus_start,0.005512417241283264,-0.03367282381087128,-0.039627671615302555,-0.012364338074925778,-0.03203270528023053,0.01186998144630064,-0.0017931310121564801,-0.01839577424690361,-0.019093301920502598,-0.02966678427459699
F41_x_start,-0.03805355570415019,0.000690837319248186,-0.018465948245348977,0.02213428721390606,0.011748595665475372,0.03022109995060735,0.010432411354275445,-0.0008432387839930427,0.026018162224514908,-0.011126694517325581
F41_x_mid,-0.03478458373268701,-0.01305075449401814,-0.015377737339073445,0.018354108845540208,0.028609178285004266,0.02910831532110168,-0.014779079007087054,0.008999146395344892,0.0270927282133023,-0.010248462491973444
F41_x_end,-0.03524907909831484,-0.016910345727569675,0.0018124896958255316,0.02733153451486958,0.029027411483385005,0.017762211355273474,0.010133430848579606,0.0021159309952626867,0.030458741470871648,-0.01021651454872574
F41_x_mid_minus_start,0.008431229945803174,-0.03164521632780025,0.007548255916133092,-0.009228387741067616,0.038527610245620354,-0.0032816701591343958,-0.05827746853345964,0.022674122866685516,0.0018530988310619693,0.0022866419249981135
F41_x_end_minus_mid,-9.996724390128249e-06,-0.008813633409684983,0.04158031057755972,0.020880227213241596,9.476175952224556e-05,-0.02804408995469788,0.06002176093360086,-0.01673925272347975,0.0071895059242026585,0.00040057851374130206
F41_x_end_minus_start,0.007396496684884079,-0.03514846535974938,0.04133122323906444,0.009321151219718167,0.03391647122881889,-0.026287052965804074,-0.0010903293106825345,0.0059436960054029655,0.007627687028413122,0.0023425862609955006
F41_y_start,0.03804595934391189,-0.014550726960773348,-0.009243260151279076,0.02100640827280009,0.013611269232425434,0.03274686948961933,0.014244800974556514,-0.001428348268611206,-0.005235587819981797,0.006056094127372194
F41_y_mid,0.03729033108549273,0.0007576230201365318,-0.018434530485356277,0.020230579388265287,0.026461296986782342,0.02251765986813741,0.01663487638991174,0.007907817301115862,-0.008461954851515782,0.009212377785552185
F41_y_end,0.03716940769400401,0.008578987038122607,-0.0014195953508545627,0.023690345308478362,0.019243254916635835,0.03583200334243526,0.0116658933692586,-0.0004679905650027091,-0.005007687325449253,0.012213695276500937
F41_y_mid_minus_start,-0.003835644118772619,0.04266646457178022,-0.024784228407746356,-0.0031015175226998468,0.0346181503321059,-0.02957703401897646,0.005896159935727419,0.025676165700197155,-0.008607634496145607,0.008377370496566453
F41_y_end_minus_mid,-0.0024381632571174247,0.02209331387042818,0.0491915162909578,0.008654699780353459,-0.02191565945278527,0.036416417187221356,-0.014998108796869705,-0.024149538619623143,0.01025182127854531,0.00797649187742494
F41_y_end_minus_start,-0.005634568927378938,0.058301158662591605,0.020115229122226214,0.004692008013229337,0.012629038218393855,0.004607727114118342,-0.007653495738418535,0.0024959843088098958,0.0010396229859420368,0.014613871640187317
F41_z_start,-0.032919835659470834,0.008913877438693232,0.01589154873364456,-0.020361807624005954,0.018394821869253997,0.004331259896544254,0.01332030591462233,0.020454739950688538,-0.02084544193174857,0.039252147548529556
F41_z_mid,-0.030136233786759857,-0.006853257494327866,0.016128479253104164,-0.015057551632549702,-0.0014114546412134351,0.020523406875213864,0.01721980527721312,0.038390719252376096,-0.05412670464442941,-0.01771048120443961
F41_z_end,-0.02870362506559559,-0.01219944640968746,-0.018774798406842378,-0.03241302901697417,-0.006472291011682359,0.016699929473161707,0.010590232658305294,-0.003412498113530707,-0.036972713644948675,0.007433761291413914
F41_z_mid_minus_start,0.0030822661718915216,-0.02410369189200943,0.0009619468712855585,0.007458973198777153,-0.030009089286926995,0.025258103727032154,0.006542290046642736,0.02856425901673164,-0.052362346444172356,-0.08681668948830168
F41_z_end_minus_mid,0.003029767308810158,-0.006819279576248552,-0.046809746700154094,-0.022408023888067705,-0.006646197633338169,-0.005833162633537359,-0.009423488856267346,-0.056780767852298714,0.024743162426072655,0.03395072512187513
F41_z_end_minus_start,0.0052888699490362704,-0.025804066137375573,-0.04237364337894101,-0.014617534299649505,-0.03042630518178965,0.015074908234002407,-0.0033897326531392036,-0.029215124154612294,-0.019589535699942755,-0.03900018462009722
F42_x_start,-0.0406329976340461,0.0035935157049726747,-0.01784436506155297,0.030299406007286082,-0.0003741538203137836,0.011912462969920878,0.0025970460094832046,0.0006926008666351845,0.01732589166167271,-0.00715450396882854
F42_x_mid,-0.03900075225080973,-0.009811809389443444,-0.013620680886787783,0.029060206761717777,0.014498294399174319,0.010297887615098882,-0.020871428904707078,0.0005043851828592113,0.017824462399082287,-0.008089559061273208
F42_x_end,-0.03876212188054899,-0.011893177609471887,0.0008988903002541411,0.035899343854235065,0.0163765489319464,0.0007310363480022761,-0.000971329793468523,-0.0004336957025764226,0.018422363923430433,-0.011185804474903811
F42_x_mid_minus_start,0.009481505775602507,-0.03386764645905322,0.012898453372088592,-0.007125155939510482,0.03709269513198247,-0.005609265585835781,-0.058799123017293974,-0.0005611074544722359,-0.0010676192562840568,-0.0013753016418505133
F42_x_end_minus_mid,-2.6090749164538652e-05,-0.006369096668124154,0.04288379639483564,0.020868177034013245,0.005853939205082817,-0.02823091275233991,0.058733746120298816,-0.0027777174961220756,0.0021124499272846815,-0.009352036200895853
F42_x_end_minus_start,0.008093344206362029,-0.0335736261597508,0.041988954374205106,0.008966412628162227,0.035961071709143116,-0.02517610092541039,-0.007913565481011011,-0.0024850142964850555,0.0006113232693516584,-0.00792693202251743
F42_y_start,0.03752810739864779,-0.014836308471339297,-0.012681922663034329,0.025250086276500674,0.013329837861014264,0.030529096395113964,0.012194249651870463,-0.011524370527370393,-0.0046947927288134295,0.000784810340933925
F42_y_mid,0.036571341253111685,0.0004348631171853133,-0.021694027277848728,0.023479163036386145,0.02819903418470078,0.020555861135140463,0.011309259576012422,0.0038442411489118477,-0.004316314328931019,0.009634669807502244
F42_y_end,0.036254654891520875,0.007681100486355334,5.238587746295829e-05,0.03040700101172642,0.01900735971658653,0.03444497992642821,0.008084914352010687,7.412142931096412e-05,-0.007799519400282399,0.012091423734297094
F42_y_mid_minus_start,-0.003687314023081364,0.04028064803189009,-0.023089550314097578,-0.005419278373432931,0.03833722960185241,-0.0269689310670304,-0.00269471279693323,0.04042935132599052,0.0011358902451428243,0.023044880423157096
F42_y_end_minus_mid,-0.0038317297522874444,0.017039421722773517,0.05307675534803287,0.014344901608621756,-0.02403971711696422,0.030996130315339484,-0.00855246321251753,-0.00920880025695574,-0.007844183988848443,0.004976604174761503
F42_y_end_minus_start,-0.006937509248533399,0.05214921353618383,0.029958539753632708,0.008829014848782405,0.011293209407889793,0.005469883380439146,-0.01054826158653529,0.027283564343648765,-0.006457680060170367,0.025290433004105894
F42_z_start,-0.03940488107735016,0.013619040278300262,-0.0031998094927894057,-0.005764171823493078,0.016496916364743066,-0.002404657797784542,0.010476893022513947,-0.03361594922358104,-0.04072873227493178,0.005692111504377034
F42_z_mid,-0.03854095629479662,-0.015727079346855653,0.015526817550358216,-3.0614210328404225e-05,-0.006223333055317784,0.007973267609863598,-0.00551494347135287,-0.030766124240995233,-0.034251827164281747,0.04141558899467509
F42_z_end,-0.037347228255372567,-0.02584019955349004,0.00038137006120937016,-0.00014855174146635836,0.006851027662692924,-0.011746421701039053,0.01022249961976796,-0.0030252337210822525,-0.052176643681859654,0.027569200975135866
F42_z_mid_minus_start,0.0035423636840503222,-0.04168313468793913,0.026273305060542717,0.008328138143870121,-0.03262512576110739,0.01459762342391367,-0.022896117069057347,0.005964796054685876,0.011438981464047688,0.049419535409496694
F42_z_end_minus_mid,0.001180728734690562,-0.019133546218452063,-0.027611875187105533,-0.0002190559423539435,0.02402760780955133,-0.03627786539640817,0.028974445672831386,0.0505127284836954,-0.03408302774208068,-0.024517333324917893
F42_z_end_minus_start,0.004278625820510291,-0.054199508805258895,0.004992660483044313,0.007856973560270795,-0.013743398424795933,-0.012620175272349921,-0.0007393561038067831,0.04288351206337179,-0.01404739307636434,0.029552385232884417
F43_x_start,-0.0405055932917206,0.0040719322712888,-0.01770493439184585,0.03172175743570441,-0.0029545935866002538,0.008266794808337632,0.00100846869672868,0.0011808325275329615,0.015990062034694188,-0.00669520627855137
F43_x_mid,-0.03910071598210363,-0.0089936215432632,-0.013577788479389284,0.030588185515009452,0.011841501565972738,0.00652168724728867,-0.02204554990574227,-0.00068045377103123,0.016482153559395044,-0.008046828337177826
F43_x_end,-0.038820082910375184,-0.010764610165284317,0.0006852714591185636,0.037244688345653545,0.013909306614648146,-0.002411247698695052,-0.0030352494933236335,-0.0007940192189506828,0.016216326986973763,-0.01150941295603383
F43_x_mid_minus_start,0.00983602280050815,-0.03350631373430257,0.013138188773473522,-0.00778693937102339,0.03768652330405302,-0.005676725737603558,-0.058160653665543086,-0.004866684189749396,-0.0012494372122912817,-0.002359115220001933
F43_x_end_minus_mid,-6.7740621727664815e-06,-0.005648652056947088,0.04357863041546313,0.021159671296241862,0.006625194960483142,-0.027337345703947823,0.05799523573301282,-0.0003645308734862851,-0.00045102902399355,-0.010831834985633785
F43_x_end_minus_start,0.008437209673037828,-0.032751247542686185,0.04208675383122157,0.008276806196001544,0.037029438254947686,-0.02420000179438862,-0.0089144568794263,-0.004434674234539812,-0.0013912417206449776,-0.009682998283387804
F43_y_start,0.03723613388101645,-0.014543398090297732,-0.012677700623113602,0.023256545174711492,0.01546621972396333,0.031617477404687726,0.012962428201111343,-0.014372233885074583,-0.004503422317481175,0.0001156350898801646
F43_y_mid,0.03614686869327067,-0.0006040776033183336,-0.021415843238697826,0.021407051326896232,0.029295323010978595,0.02375204126598173,0.011416840999266376,0.004160385499026672,-0.0041737520165587875,0.010317881732626634
F43_y_end,0.03605107512656284,0.005799464106264173,-3.4173758174165085e-05,0.02831908226925098,0.020455384510622274,0.03612234438428478,0.009402505840174685,0.0002544603077555465,-0.008023686076630617,0.01321854005683607
F43_y_mid_minus_start,-0.004020900565371989,0.038112813408183385,-0.02326230777535296,-0.005672843711442223,0.03694803566120845,-0.022181798673220617,-0.004553744972433667,0.0505284286353701,0.0010215172294139403,0.027584153946819717
F43_y_end_minus_mid,-0.003941303038188681,0.015285238267241286,0.05303094136725797,0.014232744894926383,-0.024024912950348445,0.026967813852588885,-0.00596160770335554,-0.009712999239077999,-0.008723678068456989,0.005835737968555784
F43_y_end_minus_start,-0.007394502883143943,0.0486957280311419,0.030721191952035813,0.008752210013300165,0.009558895422816193,0.006420003491411868,-0.009826358620733425,0.03550306090034311,-0.007547352221428321,0.030177308626078616
F43_z_start,-0.0363931282375815,0.0121677697184377,-0.003820260848359628,-0.011067572678454554,0.02276131758634752,0.005290098013418401,0.013918302681358794,-0.03976920481734243,-0.04023005241917056,0.0012232779102872298
F43_z_mid,-0.0361237186868215,-0.018009255326754032,0.015551554304194718,-0.005586541446617148,-7.717619468505233e-05,0.015945906818788682,-0.0037173473151582647,-0.03398200308084851,-0.02891242149011244,0.04754829626799839
F43_z_end,-0.034575564490454236,-0.02891745269248913,0.003178884334502469,-0.0034073021123318687,0.013439697256471445,-0.006000746658017225,0.0160660773743115,-0.0015260918204742058,-0.04868224658965321,0.030270771961858813
F43_z_mid_minus_start,0.003217339424480469,-0.04018412952232889,0.02548136911191443,0.007996435867779728,-0.031479748666095445,0.013434154609491733,-0.024020170582886764,0.010655602235128406,0.01788062167047565,0.060119069988724586
F43_z_end_minus_mid,0.0008278016276707784,-0.019907147874153902,-0.020721724137074155,0.0035027378951649154,0.023511449221647027,-0.03735730983999927,0.034225439371867165,0.054708928668017125,-0.03588687911552133,-0.027602338754049896
F43_z_end_minus_start,0.003629424903120326,-0.0522679092553761,0.008968383314456995,0.010068497695840804,-0.012593540900448088,-0.014435512605455128,0.002197696615310978,0.04969710521546041,-0.009182900502575057,0.036592756093555
F44_x_start,-0.04032324086943664,0.004312874530395247,-0.01743685615701263,0.03283005107322248,-0.005101985093296674,0.005411295906686675,-0.00022027526910489448,0.0019425889081787304,0.014659538116592612,-0.006160330337552583
F44_x_mid,-0.03911974010079736,-0.008224402834665101,-0.013428990744298706,0.0318440640897396,0.00956733040366148,0.0032365652433964283,-0.022684362947729856,-0.001734922497507399,0.015043840390864182,-0.008104296059329299
F44_x_end,-0.03881330573568457,-0.009653430898731089,0.0005099035825599179,0.03820814360496905,0.011856808965657434,-0.004964656935255554,-0.004634049467825119,-0.0011760441019274994,0.014384044597496102,-0.011820510282900508
F44_x_mid_minus_start,0.009993736454683301,-0.03289034518261286,0.013265015549329726,-0.00815234110333972,0.03849308095258844,-0.006504001969391103,-0.05757088247555146,-0.009763656335395129,-0.0015256508297190365,-0.003929986527253091
F44_x_end_minus_mid,7.337788448585019e-05,-0.004773128004680781,0.04438111560722931,0.021145647940130883,0.007563258521688892,-0.026220909615467452,0.05734873508547537,0.0017516488031406575,-0.0017659208275163094,-0.01210389514411499
F44_x_end_minus_start,0.008643372663939315,-0.03158518425323769,0.04214750302366335,0.007638043898906587,0.03833507149607287,-0.023755045759760108,-0.009774171010147516,-0.007181374449458007,-0.0025349788196843475,-0.011763216723759688
F44_y_start,0.03697468804757345,-0.014452674592797766,-0.013364544132454352,0.024174742828646227,0.015246976591172384,0.03069209485622241,0.01229391456081993,-0.01652853790653509,-0.0047216441203966715,-0.0009676345596414665
F44_y_mid,0.03589735133537525,-0.0007344661456942181,-0.021993599962390968,0.022048780540263206,0.029355451929681767,0.023153004178349708,0.010245055471542716,0.003322080596367443,-0.0038231105084367556,0.0103018554583109
F44_y_end,0.035695110699858375,0.005617637828772306,0.00013472268191064597,0.029512976802964497,0.02034565042242935,0.03551091132769304,0.008506882478304471,0.00013826741536468286,-0.009160173888324602,0.01339783191034765
F44_y_mid_minus_start,-0.0037282607418092275,0.03674865225968428,-0.022587985334144658,-0.006210569045547724,0.03708647542739782,-0.020730521207621026,-0.0057267214638011075,0.05307324465382612,0.00249572867677188,0.02993268600848531
F44_y_end_minus_mid,-0.004061000444090496,0.014533667490291564,0.05257918060911529,0.014780014834731625,-0.023454454145726892,0.025809354129753475,-0.004984407218014141,-0.007580881946198324,-0.01176587877060781,0.006014405666553625
F44_y_end_minus_start,-0.00722227390244782,0.0463048067289741,0.03157611112665872,0.00899746694486423,0.009522600887919203,0.007071493188965784,-0.00987026570475443,0.03898861911831778,-0.009302478899346926,0.03203238756556109
F44_z_start,-0.036497360097564456,0.012657249107488455,-0.0064635214976211264,-0.005782010902787488,0.018213497587393896,0.0004091985913701994,0.010892154928212964,-0.043592036566383184,-0.04112877745653942,-0.0028494081699572335
F44_z_mid,-0.03552753770443729,-0.016885507010017682,0.013942143669729172,-0.0002131517509115704,-0.0033692921302492986,0.008784864469187973,-0.008432324669238132,-0.04238922566936488,-0.024884273747992704,0.051489374434733705
F44_z_end,-0.03430962758564631,-0.027446218176298803,0.0053319495173956245,0.003684566984671314,0.011822856424250456,-0.012615720923207117,0.012112100047903012,-0.0017894544977138714,-0.048515375406969805,0.02967919994507953
F44_z_mid_minus_start,0.003207875863208537,-0.0385310794757067,0.026491321812784303,0.007446051142329068,-0.028632155955770313,0.010708673733129306,-0.025344611309850638,0.0038884195888791934,0.02302684242495408,0.06977102683860738
F44_z_end_minus_mid,0.00032721779061722363,-0.018362252457028085,-0.013646998476623073,0.006469163576779753,0.025093596722345648,-0.0351554160054343,0.033749025906890634,0.06546557113684276,-0.040471880088900784,-0.03379603893148488
F44_z_end_minus_start,0.003260648891046153,-0.04993359833687724,0.014727844395149532,0.011828896953973001,-0.008199857971887221,-0.016162098584979228,0.0013499585569960418,0.05250480131386535,-0.00854583031575413,0.04039083055143399
F45_x_start,-0.04033811936412277,0.004512812167268881,-0.017033576917199308,0.033152676269172746,-0.005881474483520347,0.004225879071974848,-0.000625165198735098,0.002739710788312345,0.01394284701772159,-0.005234150260382829
F45_x_mid,-0.039228554740076575,-0.007843536247316372,-0.013155832070227967,0.03237178139724556,0.008367120955794975,0.002089804220935885,-0.02262954255617704,-0.0017486350969290578,0.013435559913511174,-0.00832776079041788
F45_x_end,-0.03892925709720109,-0.009243217412086736,0.00016730928696634962,0.03834003700815072,0.010793999725486326,-0.00591698985663574,-0.0051837216412503415,-0.0013570220933088208,0.013329061570297932,-0.011848221344159745
F45_x_mid_minus_start,0.01008079049240545,-0.033071324598789906,0.013159715688265692,-0.007942939793257235,0.0382565152306304,-0.006330730403087342,-0.057351498389766234,-0.012208863869638875,-0.0038076270848131795,-0.007146662499251479
F45_x_end_minus_mid,0.0003163598190347771,-0.004791208951733773,0.04408580239022208,0.02041118858884342,0.008216793123657657,-0.02659489154273085,0.057634069962309784,0.0012722557426278465,-0.00012162436690350676,-0.01185342933702495
F45_x_end_minus_start,0.008922471892526743,-0.03182988720768851,0.041418405666111366,0.007053506046291649,0.03864350021393057,-0.023597021010222406,-0.010246841239963687,-0.009677572965443262,-0.0033715703755750623,-0.014252818014464125
F45_y_start,0.036415931149881994,-0.014492919624755407,-0.014127921776003317,0.025824487077491725,0.014975265499781159,0.029949891468175484,0.011772881730574334,-0.01824680590187399,-0.006153935963813526,-0.0013276518629720155
F45_y_mid,0.03539158313447825,-0.0007934357420998063,-0.022638568751639287,0.023517774043253323,0.02963346496738319,0.02200665721219183,0.009332341490597468,0.0022830552682896643,-0.004867609843436617,0.010679147678706393
F45_y_end,0.03497416595825413,0.0056532080986353124,0.0002443973593140273,0.03151314839448982,0.020177881054286032,0.03497500569681155,0.007619245968900196,-0.00021898817357936674,-0.011630707018969696,0.01400321626180415
F45_y_mid_minus_start,-0.0034085670497373366,0.03587716345940785,-0.02181301847745703,-0.006521429882961788,0.037761625725280405,-0.02124499011302346,-0.006580294147156752,0.053693694518576605,0.00346719927636701,0.031210543358018927
F45_y_end_minus_mid,-0.0041868799124997625,0.014154570071275234,0.05207731537202955,0.015287643959528559,-0.02339572961549706,0.02628975049305655,-0.004605459472335729,-0.005676386785254395,-0.014321914008699905,0.006272382832427819
F45_y_end_minus_start,-0.007051445828412363,0.04482105987733267,0.03238712750226694,0.009405731277346271,0.00954110727968848,0.007533121290149367,-0.010195445483413118,0.04068166554675402,-0.011088034820108582,0.03305406840512169
F45_z_start,-0.037291023852264515,0.014001739831076786,-0.009078782948995985,0.006087849050922786,0.005724870783477625,-0.012884769551153068,0.0034062982017074033,-0.04117785316503921,-0.040978776666812114,-0.004189558946600136
F45_z_mid,-0.03475828038985951,-0.012779085021227585,0.011173100488515273,0.011079984564344251,-0.012531805874074828,-0.007419182830910128,-0.015485982791465019,-0.04793844961930269,-0.022895076906988745,0.04893774842932322
F45_z_end,-0.03449638768101681,-0.021615495808216267,0.005661016496622789,0.015443633725737194,0.003523768034552647,-0.025531735220387767,0.0017277291323163496,-0.0031723551348000843,-0.04910233747568315,0.025010535942296255
F45_z_mid_minus_start,0.003325325285062699,-0.037164297610795975,0.028111901579533617,0.006973494594505009,-0.02535528171202572,0.007531899340854332,-0.026251283355197427,-0.00961729006113327,0.024929101874912617,0.07385006641778442
F45_z_end_minus_mid,-8.799951714834259e-05,-0.015300690777110448,-0.00924942312524562,0.00762937655346112,0.027250091970450953,-0.031073466302823153,0.029184130115510954,0.07577831483193356,-0.045147950790195894,-0.04014376538944259
F45_z_end_minus_start,0.0031356697847183656,-0.047929777837853973,0.019778488568472367,0.01275864671069451,-0.0028780778597776043,-0.017327285633722163,-0.0022114035877438985,0.050690520640069105,-0.011694658034153316,0.03942018224092515
F46_x_start,-0.04059122158978508,0.004378418909023882,-0.017306636868968897,0.032235980044287176,-0.004049560077116616,0.006702994509766452,0.000775315249486667,0.002191745621403612,0.014294348002740872,-0.005335937231789004
F46_x_mid,-0.039380110664808024,-0.008579005840136556,-0.013153207864805628,0.03130430163056174,0.010313412733704076,0.004943096319647535,-0.021857803640747027,-0.0014934216491151787,0.014048206582239707,-0.007469593004655307
F46_x_end,-0.03906102560114134,-0.01034852983301325,0.00039160686550531154,0.03742016678933868,0.012835174402847776,-0.0037062214112796297,-0.0034298984589469918,-0.0011491566199035358,0.014072523854460603,-0.011077498726988199
F46_x_mid_minus_start,0.009954182661562993,-0.03384018885260246,0.013535087549702252,-0.007828235957740681,0.03737512913347396,-0.005628599618449954,-0.05794811953606754,-0.009784315748026799,-0.003044677065893396,-0.004548665821110966
F46_x_end_minus_mid,0.0002826537984310485,-0.005834700185837772,0.0431797663576777,0.020197095666751645,0.008279115376430947,-0.027638300030827786,0.058672158263661574,0.0010756963443292078,0.00034208708722753464,-0.011708017544653353
F46_x_end_minus_start,0.008759317097586004,-0.03313888977080276,0.04142029441395271,0.007191777132474841,0.037865857734615566,-0.023900950244883253,-0.009399756991776876,-0.007676505894644152,-0.0023837001193067536,-0.011986947119117948
F46_y_start,0.03690738452897114,-0.014518730479663206,-0.014197101986853936,0.027420219797179995,0.012872287284998896,0.028662563242534567,0.010993452655806098,-0.01591631135861512,-0.0058562865286981534,-0.000876009312237281
F46_y_mid,0.036006532322106384,0.00011587282148584383,-0.022859193617790263,0.025146162625313453,0.028158042279544115,0.01925473386867938,0.00887046686159896,0.0020728820452612746,-0.004378701835246013,0.010067562145218752
F46_y_end,0.03547873094254113,0.007178635011923352,0.00043897559491271927,0.033161343278941526,0.018571589093652998,0.033089321619054014,0.00632109138869399,1.5254639689405735e-05,-0.010963053670456128,0.012719694654130474
F46_y_mid_minus_start,-0.003229621071840725,0.03791277904820375,-0.021873314045037954,-0.006517196769394629,0.038902240607132633,-0.024852984254557692,-0.0057209350391289725,0.04655524583760193,0.003937081322212452,0.02810241910082089
F46_y_end_minus_mid,-0.004082437197709806,0.015432450550439573,0.05279779826823264,0.015479048557417904,-0.023249753865616774,0.028681636219266216,-0.0062953487990238845,-0.004667343763326875,-0.014039762164449496,0.00497975732284486
F46_y_end_minus_start,-0.006758910193481201,0.047684474314846764,0.03260910675642665,0.009470250693171546,0.010845663543532108,0.006545133690442203,-0.0110604344926949,0.0355420148872134,-0.010289644341463565,0.029051746162208635
F46_z_start,-0.03651105797612678,0.013352464847512185,-0.00812009419891621,-0.0009164575089152299,0.013661694263946662,-0.004295117140669707,0.008096321584243615,-0.04471505954744945,-0.041243689121476246,-0.004817272122936437
F46_z_mid,-0.0348950175906705,-0.015673565671321193,0.01281856778769509,0.004490376484046281,-0.006759605172923753,0.002347650333100408,-0.011988905985230447,-0.046456729102744294,-0.022590220122021352,0.05261003548490952
F46_z_end,-0.03404041707880959,-0.02560360954401213,0.005915600866581594,0.00910340704151643,0.009291270618018585,-0.018289736365876632,0.008328281545229412,-0.002173433653577592,-0.048306746816129564,0.02850629627710349
F46_z_mid_minus_start,0.0030907091660520303,-0.03767054236286023,0.02713260521174643,0.006973468003282251,-0.026621679755691633,0.008655531938024182,-0.026035244904363684,-0.0009962419913121382,0.02511598052870026,0.07393036015041032
F46_z_end_minus_mid,6.196160959631921e-06,-0.01677863670302815,-0.010723082599702196,0.007683851197312961,0.02584771751414947,-0.03348530841330156,0.032581850522837325,0.07020899785748334,-0.042738710687885206,-0.037131375052356114
F46_z_end_minus_start,0.002928660286155156,-0.04848736601837235,0.01745618521394967,0.01248174202452301,-0.005389770856790367,-0.017455988653238146,0.00032228970818378263,0.052826432682152404,-0.008970482130899585,0.041503891905757796
F47_x_start,-0.04075696677132037,0.004073928772398636,-0.017511925867423544,0.031032225227651655,-0.0018993383147265098,0.009603851108618089,0.001993456508679752,0.0014714818033045385,0.015584928293323684,-0.005926100354825841
F47_x_mid,-0.03933850364337918,-0.009327332050136713,-0.013250480667495294,0.029946015345449883,0.012632031824145443,0.00809778001268336,-0.021152627332715532,-0.000510687999407359,0.015558322213768232,-0.007484330541300807
F47_x_end,-0.03904306342487926,-0.011381427755259774,0.0006078619317962245,0.0363474146300839,0.014886821534785852,-0.00116241007563876,-0.0018532981023256585,-0.0008155717144228018,0.015969055922478475,-0.010843065152523248
F47_x_mid_minus_start,0.009727547832808828,-0.03429798654489102,0.013358292672314571,-0.007422098155844214,0.036809544127366874,-0.0052373816597319645,-0.05847553275731978,-0.005204367189767594,-0.002423313567182064,-0.003020344737641204
F47_x_end_minus_mid,0.00017451452267062576,-0.006517140224885666,0.04254057793817939,0.0203265339149616,0.007198774288159649,-0.028439935184798575,0.059191999090778956,-0.0009509363330257438,0.0015599368207721454,-0.01051078621236919
F47_x_end_minus_start,0.008479792367825104,-0.03405107971536526,0.041407618260154835,0.00792530812279924,0.03668837199339136,-0.024509719282958108,-0.008589437511084137,-0.005140184101270579,-0.000984319076905045,-0.00999015509857336
F47_y_start,0.03716215389140849,-0.014555632214738686,-0.01350929201424264,0.02653605652419366,0.013212385034394569,0.02963010163203582,0.011851767620614958,-0.013817996943112027,-0.005941677898594442,0.00043517590055207735
F47_y_mid,0.03625865390692796,0.00023755301387904306,-0.02221424653676631,0.02444337273131399,0.028160734929757247,0.02006316496574525,0.01016251260798295,0.002726702172108972,-0.00514122623048798,0.010390865146107266
F47_y_end,0.035845309066966376,0.007230319533362937,0.00023362004170830806,0.03180083476751414,0.018867628053058666,0.03387989029433714,0.007489391351961214,8.354600615617768e-05,-0.010364779246653468,0.012807579504421969
F47_y_mid_minus_start,-0.003341084034309158,0.03904606760462772,-0.022394421545247487,-0.006168888658007042,0.03871949990656955,-0.02578458560551595,-0.0047273726247293426,0.043604240005836514,0.0022486481974704035,0.026007938576785475
F47_y_end_minus_mid,-0.003936049300276147,0.015958397918476343,0.053124679696953434,0.014794558506932214,-0.02355757071633505,0.029914934220860154,-0.006946377003978263,-0.006264404116264785,-0.011511278720648093,0.004664711845048799
F47_y_end_minus_start,-0.00673900895610747,0.04968007175530174,0.03178455447202214,0.00891093759833791,0.01114646166049678,0.0063476096284560395,-0.010868130820051527,0.03216716669561542,-0.009170178779297768,0.02731766647724063
F47_z_start,-0.03700051732994727,0.012998912278734233,-0.0054873713430790335,-0.006494789856802077,0.01867301636012412,0.0007077668907747532,0.011344101944901798,-0.04151239655451299,-0.04101484353724814,-0.0006963554847935716
F47_z_mid,-0.036254692496215685,-0.01696719752372173,0.014607272093121149,-0.000858624847872914,-0.003526900804343237,0.009622224324939192,-0.007324892639881119,-0.038915188212960396,-0.027381538620486832,0.04928339328624942
F47_z_end,-0.03494138512220749,-0.027495342847187756,0.0038708852241143925,0.0019969448730363195,0.011126027524308925,-0.011779836158252815,0.012330895067808595,-0.001988047966294042,-0.04931875859563471,0.029793975945475483
F47_z_mid_minus_start,0.0030725098426854186,-0.039553248154097304,0.026339721266966286,0.007669924513671582,-0.029817225720080606,0.011506037417537657,-0.02482660040173733,0.005727357001682098,0.019993386855669915,0.06477524445165912
F47_z_end_minus_mid,0.000502857048717703,-0.01875484471129844,-0.017598404997298554,0.004825534259548456,0.024803580541314606,-0.03601409840811611,0.03314795933645615,0.061070738311282846,-0.03869736421695951,-0.030856043540000107
F47_z_end_minus_start,0.003273072482485321,-0.05120490796910212,0.01187923528811624,0.01080719793836864,-0.009842453590279911,-0.0157297551560448,0.0010330273535975262,0.05050936065926498,-0.009695775179171041,0.03838752268323805
F48_x_start,-0.040262552789162256,0.0029027281319418787,-0.018783943875623516,0.028537910217647004,0.0027043680077911683,0.016055453069634216,0.004575975332423292,-0.002362295790897685,0.01885187491548743,-0.010116124024399046
F48_x_mid,-0.03820510391554987,-0.011116534916780873,-0.014366333683089209,0.02640739946871807,0.01846395113751417,0.015041163771000756,-0.020497279937461206,-0.0002611936238031079,0.02159466881840638,-0.0057638892651192715
F48_x_end,-0.037972195720146554,-0.013990245958029958,0.0019356744796965196,0.03442746883003572,0.02039077074631093,0.004162034135797256,0.0022502017510957753,0.00032948456455260866,0.020588928287126107,-0.010221125331765765
F48_x_mid_minus_start,0.009554272461516241,-0.033228112123611424,0.012568787245771108,-0.008348913940497195,0.03665225734664452,-0.0042646748765775445,-0.05935573646096104,0.005206286350429744,0.004220559184233305,0.011397617461495042
F48_x_end_minus_mid,-0.00031530340579763146,-0.007832572341024751,0.04255148230212739,0.02174728467183626,0.005519235525529629,-0.028264186200116365,0.05936449708984547,0.0015480886031495954,-0.0021220550374409183,-0.011869745106832912
F48_x_end_minus_start,0.007823816947945867,-0.03398989845090394,0.04291718252405334,0.009467009528898868,0.03512312478551351,-0.025060485582318725,-0.005016449667845475,0.005569275689733142,0.0019505944691962267,0.0006060543690664343
F48_y_start,0.03872214763683053,-0.015086695980673652,-0.011635247992290761,0.023958577782977174,0.01137822806492693,0.029780704424816885,0.010785230702622283,-0.007319537434795933,-0.00026430373015548845,-0.0005986054583740678
F48_y_mid,0.0378736087470354,0.0013105339016384293,-0.021232167584263367,0.022623737999651193,0.026108715007098778,0.018642231672651624,0.011582713602819043,0.0054635435426307975,0.0007686181779589598,0.007335272890567041
F48_y_end,0.03753185573303466,0.009586243764038407,-0.0003467814969322374,0.028839119791956334,0.017752878392004352,0.03270867375494863,0.00730211174335067,0.0005896407245333791,-0.0009909969177192817,0.009014675734489226
F48_y_mid_minus_start,-0.003532091216819238,0.042516273734304694,-0.024165370735462717,-0.004259040949465172,0.037319378925175464,-0.029566555696501684,0.0016634189021700445,0.03298923973576908,0.002654172700428205,0.020336461063870635
F48_y_end_minus_mid,-0.0035562733597548713,0.020355833919079625,0.053129016912242186,0.013738620891547726,-0.022517074579233628,0.03342404068320438,-0.011406902119670555,-0.012434838512490103,-0.004403125662167317,0.00362467128175523
F48_y_end_minus_start,-0.0063527115410524125,0.05627652109353738,0.026201004310648188,0.00855238032066345,0.013077328218012317,0.0036556290787569325,-0.00877336252301816,0.018277815850326465,-0.0015896647589232445,0.021421441543903373
F48_z_start,-0.019440221014644283,0.004430300939491438,0.007575872802883285,-0.03613820816509627,0.041962458521058586,0.0327216578087102,0.024882129672637327,-0.01993703896002339,-0.02209033689284355,0.010095785548381976
F48_z_mid,-0.019404857713783724,-0.01659936985790297,0.015525248316422267,-0.03326521460072943,0.021780397829924854,0.04882058134107087,0.019621645900770274,0.00973586868180621,-0.025988256994710024,0.017672559527562685
F48_z_end,-0.01797912108198094,-0.027821376434334934,-0.0026944657307019226,-0.03671121837979522,0.02404215335264987,0.031780389891666753,0.033259612761214676,0.0025979280507262494,-0.025092434521163758,0.02606716312901577
F48_z_mid_minus_start,0.0021709095763775446,-0.03727315273784081,0.013085956208710033,0.008947032009756994,-0.03986202017002639,0.024615992054984975,-0.011902917213187309,0.054077252751930746,-0.004423069825891974,0.012160688757396936
F48_z_end_minus_mid,0.0023422354190275113,-0.02482929770863523,-0.03870838062729726,-0.00868799234818548,0.0057002914921137045,-0.034907383736749266,0.030153923192066848,-0.0150268444879872,0.000950800741291226,0.018771941763743645
F48_z_end_minus_start,0.003627823566012817,-0.05106035658708993,-0.016681099374115993,0.0015675150937228617,-0.03107023335549147,-0.003717231134045682,0.011484276934363323,0.0368277871400829,-0.003215267182860375,0.02444588351184532
F49_x_start,-0.04016360436545464,0.0029311627722419416,-0.018896127072856952,0.02876443583252782,0.0027555200303449445,0.01644401924520196,0.004856116153196667,-0.002230854230607345,0.018691316146599933,-0.010034412433160556
F49_x_mid,-0.03811761074597034,-0.011182670689232538,-0.014386519203801762,0.026689324557907908,0.018537926496822222,0.015229067141998223,-0.020412548147522285,-0.0006059949632208974,0.021638621917561936,-0.005175799565524161
F49_x_end,-0.037815452161372,-0.014048061165614998,0.0020004936895840217,0.034699973800004794,0.020740262229816172,0.00422904809316531,0.002600396043794845,0.00025894480260807185,0.020780612853389255,-0.009916063120375964
F49_x_mid_minus_start,0.009517509542165008,-0.03332653502149089,0.012766356686524502,-0.008241250608507234,0.03655498725712798,-0.004778308648769143,-0.05961988248349596,0.004060015688449636,0.004682931641690413,0.012536843883592027
F49_x_end_minus_mid,-0.00022963398243389135,-0.007802275331362017,0.04252280886791654,0.021690003061539512,0.006263097388392968,-0.028394830518768364,0.059710901728384044,0.0022485469980726264,-0.0016671333098487212,-0.012550613627749995
F49_x_end_minus_start,0.007820703057154542,-0.03390332973451541,0.042929799052918154,0.009505121934499377,0.03544944979929595,-0.025519578633222677,-0.004855989863449,0.005113395136939217,0.00267095843696695,0.0010251824800359159
F49_y_start,0.038875242157919286,-0.014957727270745394,-0.012362421176362761,0.027017977925864193,0.008489855649766075,0.02675479263726925,0.009271662406991102,-0.006677737005507071,-0.0005528736006114135,-0.0004584518446301053
F49_y_mid,0.0380220761832272,0.0023603646965483904,-0.022164219585798863,0.025332909099479467,0.02417787011502135,0.01481577817356662,0.010207322084092718,0.004355858206887515,0.0001179586110307372,0.0073097358422843225
F49_y_end,0.03751375146325719,0.011141953808779363,-4.777286793213025e-05,0.03184190216449248,0.015683511216340887,0.02971694075907639,0.005035835769228642,0.00046219818771583635,-0.0019135447160902631,0.008486650637952516
F49_y_mid_minus_start,-0.0033065846461590876,0.04308555919722604,-0.023739214626245685,-0.004985856794410474,0.03834588273922545,-0.030213460415250575,0.0020148955124545754,0.02736186289700621,0.0016681351924756583,0.01913235909251278
F49_y_end_minus_mid,-0.0034599736458973494,0.020565341901601357,0.053465658445056914,0.01384056166718103,-0.021466493354656533,0.034253615305296775,-0.012800718132819296,-0.009439762851371537,-0.004797009303852087,0.002340239435999262
F49_y_end_minus_start,-0.006001338260610027,0.056262169849018315,0.026973269572583194,0.00800144379104515,0.014491876758861768,0.0040951488866921,-0.009681933834817635,0.015599453494622289,-0.0028258787350846693,0.018906899276366417
F49_z_start,-0.009494780380268922,0.0009474139255639876,0.00808830507513602,-0.03981268733260909,0.04413891807865801,0.039670655505557394,0.02581264533508076,-0.01781815402181358,-0.013704286892487809,0.006051885180514967
F49_z_mid,-0.009283796347638098,-0.01490236752311023,0.012634019048801268,-0.03782349723473612,0.027749464983747828,0.05333643122838003,0.022305915020866724,0.014616638612124516,-0.015102758164578482,0.01353972951249305
F49_z_end,-0.008382661692067679,-0.02524629047449705,-0.001167569411892437,-0.040127945553354014,0.027804315618460886,0.03906335519525909,0.03595950818903519,0.004545023285691214,-0.012357497432643057,0.023556997357588837
F49_z_mid_minus_start,0.0014682138183563461,-0.03286151861683655,0.008515883324093814,0.008439202098366537,-0.03867213884612794,0.02393211842849967,-0.010053770381004301,0.06897359679028205,-0.0014006257465553713,0.01481808858577596
F49_z_end_minus_mid,0.002003068228870213,-0.026245279202529365,-0.034147583576804974,-0.006770878471817034,0.0008800866624186017,-0.034235818558676565,0.034713356535890215,-0.024774453125446863,0.006455154721978032,0.02539258307224837
F49_z_end_minus_start,0.002741265052654268,-0.04780022854407224,-0.01747453658893134,0.00242285650454449,-0.033087129023814596,-0.0040932051867652594,0.01654581383339768,0.04209054366800016,0.0034857841912633225,0.0314413522781944
F50_x_start,-0.04006047727700987,0.0029605592763476884,-0.019008005603434647,0.028959972921319032,0.0028310863074638946,0.01683895510931319,0.0051401644555595215,-0.002149574746716889,0.018511160479093153,-0.009966322746182643
F50_x_mid,-0.03802583795138954,-0.011242803752356761,-0.014395680012445178,0.026945257175688346,0.01861044244195161,0.015413149669421627,-0.02034560449616924,-0.0009961088144080084,0.02170651534131564,-0.004526901957209196
F50_x_end,-0.03764885525058147,-0.014116035980056799,0.0021125528481527847,0.03496909407302624,0.021071217363120433,0.004281937546955533,0.0029526780134203523,0.00024644047481862697,0.02091780196814717,-0.009607732014547714
F50_x_mid_minus_start,0.009473645261381843,-0.03338333553632818,0.012976772892581201,-0.008113424167014405,0.03636312560446599,-0.005309113819271974,-0.05988093357021768,0.002937057542398942,0.00524044242350412,0.013830160066612892
F50_x_end_minus_mid,-0.00016313028109649256,-0.00780422138475006,0.04246550791591944,0.021660421358532654,0.0069538265077684226,-0.028462259042608566,0.059931255104820384,0.0031989409524187775,-0.001397217706279039,-0.013339036332544118
F50_x_end_minus_start,0.007791890327844716,-0.03379607209468471,0.042968173601634484,0.009607703395717752,0.03564236874620846,-0.025968056897447696,-0.00469180828569439,0.004873994619089495,0.0033214065172590787,0.0014639618771855691
F50_y_start,0.038903659292139015,-0.014710450597427495,-0.012932975928700846,0.02967649334768816,0.005645348383586159,0.023815103775432365,0.007845053174866288,-0.005794966483721758,-0.0006637375332619234,-0.0002222402042354486
F50_y_mid,0.03807962542073798,0.003228001853810392,-0.022793676829162147,0.027677552258089013,0.022196982917310374,0.011241509500572865,0.008853928302860447,0.003285459186260223,-0.0001253817084075898,0.00731434411739283
F50_y_end,0.03742209757983932,0.012517206753087338,7.08361318452186e-05,0.03434156417888865,0.013663094499436925,0.02674689903576764,0.002927284470355554,0.0002741591464420657,-0.002456082080184756,0.007658877930812678
F50_y_mid_minus_start,-0.003084224405779575,0.04332579648444008,-0.02321451590589251,-0.005630287010895062,0.03942630610192913,-0.030754788969975962,0.0021885027641746504,0.02188421242740002,0.0013066228062793138,0.01803220800546768
F50_y_end_minus_mid,-0.0033805473889259837,0.021093214673282085,0.05343353379247616,0.013882523210264511,-0.02061788486778878,0.03492004779436115,-0.013995485960732024,-0.007051266274806273,-0.005326103730463599,0.000427854119148938
F50_y_end_minus_start,-0.005676287133555909,0.05630657434858626,0.027296795595309894,0.007439845569192386,0.015896581563248403,0.0043215185953838125,-0.0105256119647439,0.012723401844139393,-0.0035946541547523074,0.01602139025014496
F50_z_start,0.00047028026633786436,-0.0024433848016620057,0.007989785273761651,-0.04089357131299912,0.04364554775647951,0.0440970157000794,0.02535290812753151,-0.014893198889838097,-0.00505379405799187,0.00185043313642657
F50_z_mid,0.0006559209967540046,-0.01262568368782872,0.009105702298336571,-0.03956011681290717,0.031619963255568984,0.054318810118290685,0.02340890348702786,0.01821957888703225,-0.003917768707425395,0.008969090197506134
F50_z_end,0.001163788539207768,-0.02140924017947488,0.00023555917149535244,-0.0409298030779526,0.029892000767065743,0.04367295205610589,0.0365702986471131,0.0059157989446677614,0.00055206036852884,0.019525588357371188
F50_z_mid_minus_start,0.00043247392891619635,-0.025872710422559255,0.002123932886678147,0.007185928198651088,-0.03484410189443529,0.02213570093997351,-0.007318787142791372,0.086242448446469,0.0033773927842620844,0.018075045963996027
F50_z_end_minus_mid,0.0015314736962411602,-0.026477540205861134,-0.026896459900872055,-0.0038572445015403424,-0.005455247112791974,-0.03259436088237031,0.03964184685520621,-0.03734847398364496,0.013548777012293003,0.03186680552641048
F50_z_end_minus_start,0.0015152995052192704,-0.04233802978614683,-0.018084876057521664,0.003444015827146669,-0.03461772846681268,-0.004752817048337278,0.022979897466928887,0.04796752979440681,0.013012041518609132,0.03949354413445257
F51_x_start,-0.039955767329027746,0.002996107911054371,-0.019111040048940153,0.029133151244476546,0.0029100079173680197,0.01722274165271365,0.005418362595714034,-0.002075285763740912,0.01833782193354399,-0.009900389148341912
F51_x_mid,-0.03792831191641526,-0.011305485214624662,-0.014403420921984891,0.027184259983202213,0.018680703293737708,0.015596938974538854,-0.020280123728522465,-0.0013699159691755,0.021775273446399727,-0.0038909235091243704
F51_x_end,-0.03747838989619117,-0.014182055197507322,0.0022307391261298655,0.03522533540052909,0.021386280227856005,0.004322718995823901,0.003292426707840978,0.0002523053035178382,0.02103676715350297,-0.00930953171467924
F51_x_mid_minus_start,0.009435012166262857,-0.033436986608179405,0.01315893403994979,-0.007967953431558414,0.036133751075817545,-0.005806092673025365,-0.06008692989338603,0.0018780660404741894,0.005773340599922595,0.01507635960055054
F51_x_end_minus_mid,-0.0001072623779483,-0.007789840240088998,0.04238160620031144,0.021627916517340032,0.007595523308750957,-0.028530350596998755,0.060064074933308835,0.004134362643346268,-0.0011757860733217817,-0.014092510286193826
F51_x_end_minus_start,0.0077622521574998325,-0.03368564385454434,0.042981089848314946,0.009727715890329716,0.035780559422436825,-0.02639660253346456,-0.004539767568170393,0.004686969284053282,0.003910453650021313,0.00187855958822811
F51_y_start,0.03878341856616695,-0.0143784044686375,-0.013401972608614228,0.03204437777019873,0.002974614091482901,0.020999136574942925,0.006510399460961772,-0.004895358506420751,-0.000746866592784102,5.362678165103289e-05
F51_y_mid,0.038014089708700974,0.003986584322859534,-0.023249534512723484,0.029768763858278185,0.02023245756041699,0.007889534472488831,0.007527779360547057,0.0022891674679290665,-0.00031416807492639547,0.007424275271566729
F51_y_end,0.03720957481619381,0.013729733030668313,0.00011451959770645794,0.03652730003973554,0.011717338723373152,0.023871038661522286,0.0009722246440362631,0.00011740542343342536,-0.002969746415523994,0.0068710575886637365
F51_y_mid_minus_start,-0.0028512522501761978,0.043355217100335984,-0.022675344675882503,-0.006192560866706147,0.0402945928234349,-0.031239567772803196,0.002203698905051382,0.01694111859511139,0.0010325578044582697,0.017242394999921477
F51_y_end_minus_mid,-0.003332333309233022,0.02164561600809074,0.05322817051427366,0.013926853997516607,-0.01987303033143986,0.035450484580143646,-0.014975385492968979,-0.004952884909057878,-0.0059308208563905755,-0.0015373164454267924
F51_y_end_minus_start,-0.005382982702605351,0.05627692599961448,0.02744342072918516,0.006957578099076155,0.01706667945496373,0.004429595279435012,-0.011304412537392465,0.010173339694887087,-0.004339840370162513,0.013441475244391264
F51_z_start,0.010015670647305202,-0.005419587440936941,0.007479314317318626,-0.039800460381107794,0.04091605045207446,0.04593099272939317,0.02359585638473575,-0.011336299584821049,0.003369908477109886,-0.002227324278542779
F51_z_mid,0.009876890782113689,-0.009774564408226265,0.005385561118529269,-0.039096657807772286,0.033468803514179364,0.05227501467180085,0.023205560700330103,0.020846611917457333,0.006490372986249154,0.00445498197774228
F51_z_end,0.010205088906699411,-0.016633992027872215,0.00154722455319511,-0.0395469482155102,0.030209832540357875,0.045720118873073486,0.035299202365125286,0.007190406765381064,0.012499661267110294,0.015090040286435324
F51_z_mid_minus_start,-0.001063513948741279,-0.013541097879160142,-0.007135769334741544,0.004711573579562258,-0.02626899143688741,0.017366274134310255,-0.002707377120044647,0.10325515606104622,0.00973442638429231,0.021431561734357403
F51_z_end_minus_mid,0.0005738831132109844,-0.02464886436336737,-0.014491305211743433,0.0008564541617167488,-0.014163399001378075,-0.02751945450389431,0.04307332595231753,-0.05166628057685226,0.021727329101760017,0.038904844924849
F51_z_end_minus_start,-0.0005264802811678562,-0.03153547522938353,-0.017785507387580127,0.0049735930865348705,-0.03502530149484552,-0.005505762344139976,0.0309957930329824,0.05426341947274259,0.02578455841274049,0.04982817767060955
F52_x_start,-0.03983095184699772,0.003039943846773514,-0.01922784528096517,0.02931910103488451,0.002996995204293152,0.017635119724211706,0.005725567365602301,-0.0020181172024076196,0.01813622430807081,-0.009830441008214716
F52_x_mid,-0.03781166126273252,-0.011375857331348835,-0.014405985542353016,0.027446330381087854,0.018749007391472124,0.015795680096828003,-0.020211973522940744,-0.0017952830336989951,0.021862132480400132,-0.003160936033716094
F52_x_end,-0.03727855329236146,-0.014256586813541005,0.0023695242335757052,0.03550657516669107,0.021727680556884635,0.004354633520613451,0.003669575133739865,0.0002722371561572197,0.021152896386987533,-0.008972885585258284
F52_x_mid_minus_start,0.009393659703604255,-0.03347891799807216,0.01337217069192998,-0.007802189801752966,0.035827787529194355,-0.006330811122627929,-0.060267292494563224,0.0007528140617235708,0.006394099274283063,0.016494742557589464
F52_x_end_minus_mid,-5.0157762079555305e-05,-0.007770755359464917,0.0422449439022984,0.021579058387238448,0.008295429872353603,-0.028588823249039042,0.06015078128236363,0.005205796613696517,-0.0009936596752212485,-0.014939875544115463
F52_x_end_minus_start,0.00772815210801323,-0.03355087168615999,0.04298163327502442,0.009857928760810517,0.03588928229667218,-0.02683975680665366,-0.004366373726679417,0.004556631671039146,0.004535266455163174,0.002346029891463462
F52_y_start,0.03850549385617809,-0.01394822438815959,-0.013845622371780775,0.03440685781494277,0.00014358913141223757,0.017942846238631256,0.005103164232833616,-0.0039332341890186305,-0.0008724970216532893,0.0003888974175747801
F52_y_mid,0.037805788189649255,0.004762533858901657,-0.023626112544828295,0.031873521044092044,0.018070126929555036,0.004329812262876892,0.0060938060323115035,0.0011735408021770117,-0.0005214491353633312,0.007593276682703942
F52_y_end,0.03684389362874965,0.014949724721126467,0.00014689051065213814,0.038688911296496355,0.009629061918707684,0.02075553598693777,-0.0010723674374565257,-5.9069105936286835e-05,-0.003552759559622343,0.006051534594298164
F52_y_mid_minus_start,-0.0026191546778450278,0.04325763653762046,-0.022054341832727142,-0.00671424296132833,0.04108845181008843,-0.03167766428077493,0.0021362541280471607,0.011809747443320105,0.0008276966514234664,0.016504037398931776
F52_y_end_minus_mid,-0.0032849996683452887,0.022215077237149328,0.052919777922991205,0.013971811621059078,-0.01909068625547496,0.03592332337685733,-0.015920314875225182,-0.002742248251897575,-0.006638141399252475,-0.003620116234763278
F52_y_end_minus_start,-0.00509612307075749,0.05615433502253179,0.02754140522348017,0.006514459409485737,0.018198257577184074,0.004509724974482468,-0.012105373905011733,0.00763044281554901,-0.0051009884696463295,0.010848979866783447
F52_z_start,0.016472677045056335,-0.007417490145785065,0.00685253928462085,-0.03774733310652247,0.037757865772867216,0.04582836045363,0.021606791310829654,-0.00853294307131797,0.009293192316714861,-0.005083292006742581
F52_z_mid,0.015939264269082275,-0.007502161384243278,0.002624998347509052,-0.03757030631347819,0.0338032033352257,0.04933323602126119,0.022417216587104195,0.022026785906243428,0.013515377026768822,0.0011399037685196824
F52_z_end,0.01628358313405463,-0.012743345325227237,0.002463683696323131,-0.03730953673801814,0.029564542801972165,0.04582092703868839,0.03333508158394368,0.007835367190762173,0.020643789218527872,0.011446407990108197
F52_z_mid_minus_start,-0.0024006984753111183,-8.051461021445134e-05,-0.015320641543622572,0.0017638334957928534,-0.015270881225958172,0.01115850755741788,0.002250307405292026,0.10952030113851267,0.014817775790625761,0.02240299219797688
F52_z_end_minus_mid,-0.0004015097894901687,-0.02077746104120604,-0.0009661012438357873,0.005373062601932376,-0.021362843307615214,-0.020140535056907584,0.04250488558832308,-0.061100704834352274,0.027880189644081003,0.04241452560527731
F52_z_end_minus_start,-0.0026906433788965426,-0.01728065974152155,-0.015849482675890886,0.0061809700626820115,-0.03268697619963158,-0.005713123954649469,0.03740011337711597,0.056998111049458594,0.03763756781682012,0.05712153100158765
F53_x_start,-0.03969050171520829,0.003056965731469977,-0.019295517545985203,0.02951081086451911,0.0031136218031041973,0.018182510536671453,0.006097636811294448,-0.001704402249208769,0.018018290943667872,-0.009632400940765562
F53_x_mid,-0.0376774696086524,-0.011436898510150959,-0.014427574681143791,0.027724979978871772,0.018872655519297465,0.01610749086285253,-0.020024457779133226,-0.001989362526427205,0.0218784732616393,-0.002574217455709749
F53_x_end,-0.03706403374453985,-0.014302715583148431,0.0024296563603500255,0.03575792040234306,0.022118777252761075,0.004536737412282208,0.004129698802644417,0.0002796264863085964,0.02140446206954925,-0.00867847332340506
F53_x_mid_minus_start,0.009367451698320269,-0.03348519632137775,0.013440918524818771,-0.007625489670222692,0.035634835844269054,-0.006925486747752786,-0.060420559775651354,-0.0004463865829031807,0.006655973502842489,0.01728478092944969
F53_x_end_minus_mid,5.14187756788548e-05,-0.007705099773260561,0.04206921881485315,0.021424999766762414,0.008963263207791942,-0.02862911398937721,0.06030537931412423,0.00566064331089536,-0.0003278629752040523,-0.015544452117975836
F53_x_end_minus_start,0.0077516811759093,-0.033392525385895974,0.042854408395112134,0.009910236511053392,0.03611313481791651,-0.027334447522510994,-0.004181226257062712,0.003909660478708178,0.005232559310883931,0.0024862426928652813
F53_y_start,0.03797975592913756,-0.013352146284276601,-0.014288347139376684,0.03691970949857808,-0.002857751099135369,0.014567456292978082,0.0036694907171932554,-0.00294171088141929,-0.0014398188631885604,0.0010181796847007838
F53_y_mid,0.037366314795892586,0.005518367888360426,-0.023882813042251108,0.03417073180941866,0.015663824980267423,0.00052684986843252,0.004537555381529718,-0.0001321286548969165,-0.001280999347468567,0.007947146491893882
F53_y_end,0.036250199016995825,0.016097102764527322,0.00013553272557292312,0.04094888663077057,0.007379225518248436,0.017357111438543252,-0.00320034490572743,-0.00030569682824480254,-0.004724921837114712,0.005382591560323025
F53_y_mid_minus_start,-0.0023478412409953914,0.04296820548977266,-0.021312738483166324,-0.007145337451411811,0.04191410305553215,-0.03208784291123353,0.001868078884083152,0.006421583770008465,0.0003952566136591803,0.01562729755828671
F53_y_end_minus_mid,-0.0032223458629824257,0.022774787131846806,0.05249500379371014,0.013931035006606515,-0.01826735550491324,0.036411808477940816,-0.016843951464914447,-0.00037277405636932645,-0.007425497233338669,-0.0057216921103895
F53_y_end_minus_start,-0.004770352930679642,0.055872759514029834,0.027675968237180826,0.00609335479552103,0.01935076422446429,0.00465892286809981,-0.013056041997724824,0.005071107714505397,-0.006115422014561022,0.008160436519317077
F53_z_start,0.021191465550437483,-0.008806961624487639,0.0062623118585281206,-0.035470339572308315,0.03468730899340704,0.044936512937059254,0.01968223802753642,-0.006204992799355227,0.01370467746801024,-0.0071296208991191694
F53_z_mid,0.020249779075196293,-0.005642436622769523,0.0005234079814993556,-0.035785772065237545,0.03349739500582076,0.046361184598986915,0.02151059872780474,0.022649089472939643,0.0185182764179945,-0.0014241592836334715
F53_z_end,0.020675605418259545,-0.009540672876512096,0.00304938268248562,-0.034960224470715826,0.02852897977017109,0.045133676740455625,0.031249270501008834,0.008177766441630806,0.026516033895906923,0.008598118309034543
F53_z_mid_minus_start,-0.0035902966798505645,0.01168298367306009,-0.02112777385657337,-0.0009419464511139151,-0.004585132291831506,0.004960229919984899,0.0065983636357822536,0.1060714882045151,0.017605174728945062,0.021010190801862606
F53_z_end_minus_mid,-0.0011493243413321502,-0.01583060888093891,0.010717217133607888,0.00877451546602099,-0.026142241259360554,-0.012042699937887353,0.03846133099193854,-0.06515938113715075,0.03146080680393282,0.043035853509217716
F53_z_end_minus_start,-0.0047857697144712144,-0.0015573378090427378,-0.012861666088632553,0.006688831640432603,-0.02770982347858641,-0.005319211740265483,0.040612395314837714,0.05463347594043643,0.046072327851153214,0.059788851564788574
F54_x_start,-0.039382157465213584,0.002285532223183225,-0.018494857968112812,0.026765132604335426,0.006833457484063014,0.023825997537896007,0.008293307570177195,0.0005326944584262708,0.0213470227735269,-0.009400071559610573
F54_x_mid,-0.036936166059867784,-0.0118600169397167,-0.014761295259085922,0.024711030079059313,0.022925731752587643,0.021672858196287333,-0.017486063032994353,0.003407517429074883,0.023204892027127073,-0.005947386498916487
F54_x_end,-0.036619233428788374,-0.01523808170918025,0.0018160665631840724,0.03259203650029588,0.025162687860909055,0.010360427874525404,0.007203816150657366,0.0010374934276773894,0.025636859860449317,-0.009176376595786262
F54_x_mid_minus_start,0.009560217533705754,-0.033219109116334904,0.010519078871364287,-0.007411137846725731,0.03686738911858475,-0.0073544604857359,-0.06094379164153069,0.006653567403549944,0.0022441193409864784,0.00897370210252606
F54_x_end_minus_mid,0.00035400926704916465,-0.008673333928242575,0.04168154722591284,0.020199095821434667,0.00592559516912561,-0.028303430140170848,0.06213374110108268,-0.005943433934313264,0.006421397032508309,-0.00822546184968302
F54_x_end_minus_start,0.008307103392710161,-0.0346685490284677,0.04133658152203235,0.009523939698376465,0.035590819933510195,-0.028246928750587767,-0.0027488837448122008,0.0009551135263875031,0.006892079427921355,0.0011247989714285322
F54_y_start,0.03687822307802559,-0.012825623252878157,-0.01435614588152407,0.03894224513059773,-0.0024392107926161626,0.014860055237843376,0.005066304619884734,-0.0019668325819841327,-0.005769043673510318,0.004706366179233046
F54_y_mid,0.036311776118612776,0.005358483839212092,-0.02348611340718154,0.03655434837538599,0.01526691705836439,0.00030952999469222503,0.00544661027824336,-0.0005729588823474017,-0.007844637583138617,0.010311932815388647
F54_y_end,0.03526023991035967,0.01567308310851716,-0.0003408850818269691,0.04255014817378223,0.0073585610453316234,0.01740160951630709,-0.002522993727773785,-0.0010125352005918302,-0.010484317451720397,0.0076142375413796315
F54_y_mid_minus_start,-0.001964586334351961,0.04240547296084784,-0.02092423416464819,-0.006225971008659827,0.04111351288646727,-0.03401304703992448,0.0007927533018371601,0.0032678802599443316,-0.004712681791907035,0.012919425049869822
F54_y_end_minus_mid,-0.002975392107535809,0.02277370624358801,0.05173236917526995,0.012645120737817254,-0.017804568681846735,0.037889763222208876,-0.017766195310353346,-0.0009644333349663512,-0.005713368210012583,-0.006164010818101287
F54_y_end_minus_start,-0.004237931419324146,0.055392192998705785,0.027484472086132368,0.005785960424564476,0.018984099217569227,0.004456030651139915,-0.014801038055609369,0.0019013293480981738,-0.00892634449263474,0.0054700722633533394
F54_z_start,0.03266942450861808,-0.01144949358816353,0.008010429686098539,-0.026433713204850086,0.02098601180988135,0.036386004609688466,0.011376509481273875,0.013503916702627372,0.02890092695056876,-0.004525155928063685
F54_z_mid,0.03035256239673319,0.002814210429161926,-0.004632970368946745,-0.028044780505138988,0.027728417228425416,0.03198191013699947,0.019689910503177765,0.037080767646862696,0.0243221140084581,-0.01847279007062551
F54_z_end,0.03106304049051229,0.004288425690523918,-0.0006206744164655492,-0.028996987527586116,0.016467152064224132,0.04091292736066952,0.01976993197718959,0.00955070147764993,0.03960302061947513,-0.0027195304101049933
F54_z_mid_minus_start,-0.003704976763874814,0.034625840694611776,-0.030825689896127443,-0.005638220979516069,0.018012018759350375,-0.008644679780632767,0.02130561180134798,0.059254163667440574,-0.009543844635451465,-0.03483791724102048
F54_z_end_minus_mid,-0.0017116938015280892,0.0037988900023162076,0.011841006628163656,0.0007504641569235001,-0.035033005400377175,0.0211898599777719,-0.0021806747523633752,-0.08189270411750073,0.03996955118524416,0.04652522802866871
F54_z_end_minus_start,-0.005768946238942981,0.042372737141441914,-0.023317719416569092,-0.005604215517151497,-0.012977825277639536,0.010369465606557651,0.021797059931037394,-0.011130786230478194,0.027132654231708474,0.0050086716883703
F55_x_start,-0.03942916939002383,0.002576286202050376,-0.018714488315487443,0.02812441205130303,0.005334574670862093,0.022083462401043842,0.007658739652342055,0.0008238010467946745,0.02044099846410112,-0.008949065097180528
F55_x_mid,-0.037141609107419975,-0.011618458500763325,-0.014797376119828046,0.026226398698854663,0.021546671227213057,0.019801170059721693,-0.01821866994751278,0.002464550467043932,0.022439242583707945,-0.005219504395743156
F55_x_end,-0.03672742055131029,-0.014695915861904184,0.0017653165489344381,0.034015198775367496,0.024123128233667846,0.008496894217778666,0.006242326644783571,0.0007348461985332802,0.02468101048026638,-0.009154074055298873
F55_x_mid_minus_start,0.009514199557111365,-0.03319385658660532,0.01108193256060335,-0.007403998996080576,0.03702776699716728,-0.007650290290589161,-0.0608295231835565,0.003717096275236106,0.0024519781247016085,0.009604504078457398
F55_x_end_minus_mid,0.00041034280807023427,-0.008023565144566255,0.04184472937848346,0.020252015002329763,0.006921812843424252,-0.028391806603461252,0.06186224056457874,-0.004354101833826717,0.006086506695138549,-0.010091567958645714
F55_x_end_minus_start,0.00829253002619274,-0.03400825637951872,0.041516808304332124,0.00938935019332563,0.036374035131173606,-0.028279270523514626,-0.0033561849959367193,-0.00023689239503249553,0.0067430987833949655,0.00028038812520259125
F55_y_start,0.03640573491466732,-0.012550860115294896,-0.01479547369029874,0.04049147205208936,-0.003979527995593459,0.012847671986353828,0.003974801573041235,-0.002383624775627007,-0.005961258537356401,0.004448480032604338
F55_y_mid,0.03585750589649554,0.005609377446994624,-0.023835235977935534,0.03789979492892706,0.014259559961340436,-0.0016334778398541102,0.004197170734778543,-0.0014879088568664203,-0.007977063909975216,0.010052581689803079
F55_y_end,0.034746781241591494,0.016059083431860004,-0.00027883157611363824,0.04406366865453031,0.0063076699026215705,0.015606177632078614,-0.003968248607534518,-0.001272977607216985,-0.011145719561636982,0.007126367665171815
F55_y_mid_minus_start,-0.001954063507169058,0.042124530961567014,-0.02057007543138274,-0.006744689369181338,0.042144049374505416,-0.033644293461722416,0.00043760976166421324,0.0021111279945362957,-0.004536565838867664,0.012841667517324505
F55_y_end_minus_mid,-0.0030405385809309515,0.02274994562689217,0.05190724599474693,0.012828716189036462,-0.017628315773858327,0.03771816411354665,-0.017923345318679052,0.000495298175033755,-0.006791291696971577,-0.006569081059172093
F55_y_end_minus_start,-0.00428230119851458,0.054968811574566165,0.02814971423332769,0.005572590148026959,0.019748614826670355,0.004868547297725213,-0.015276174704180578,0.002192105463221953,-0.009708257036719105,0.004972502982841692
F55_z_start,0.03623736963939391,-0.012317579186126368,0.005406662145242813,-0.02187913391341904,0.01666356670536823,0.033612536574508564,0.008484342856647481,0.010532553196273914,0.031250094753562975,-0.010265085099789144
F55_z_mid,0.03400039491969261,0.00386635382718516,-0.007060176753754583,-0.024558218686598837,0.026580274610890943,0.0273783435814694,0.01628788125904628,0.029893325891499935,0.032114553142706774,-0.01631975937442004
F55_z_end,0.03466118019814911,0.006333923439111958,0.0022571609830237087,-0.022924185105969337,0.016552467291837996,0.03664309720538291,0.016913742127424917,0.009437122542797246,0.044801208206311866,-0.004754777923964685
F55_z_mid_minus_start,-0.004223941895880769,0.03936901270719705,-0.030470743081235,-0.007360508420556593,0.024977071026694015,-0.014147395504879012,0.019491462342684895,0.04798795522530652,0.0032279780939027474,-0.015253034038160649
F55_z_end_minus_mid,-0.00265538101769145,0.006828775124396685,0.028731065046863517,0.008210818235081274,-0.0335038559716762,0.02388986142698224,-0.0003501429676861928,-0.0650367761191856,0.03344474046281715,0.03668978784472083
F55_z_end_minus_start,-0.007042706750369289,0.049880577947605455,-0.00869010101037435,-0.0009817734414133011,-0.0016298558709356497,0.005243799844681311,0.021414362326626628,-0.003717555709019641,0.033011043439722554,0.015268758552584586
F56_x_start,-0.03954395508889297,0.0029036969794851786,-0.018934805734775434,0.029694592831726624,0.003317771618056899,0.01939900545152386,0.006677827857233772,0.0008481663202774051,0.01899282652097621,-0.008361145490694262
F56_x_mid,-0.03749329588412272,-0.011282364573295973,-0.01472755174769789,0.02800797293097638,0.019463884087105882,0.01709703723265438,-0.019095190606093614,0.0008349836339004279,0.021232352494001655,-0.004372501027776281
F56_x_end,-0.03697503286332425,-0.013929628384984304,0.001640290398194703,0.03565163164904689,0.022479539139203922,0.005913398463874804,0.00472021690054381,0.00017899054022972388,0.022901824656891813,-0.009241334426164026
F56_x_mid_minus_start,0.009494573748194351,-0.033230698150598925,0.012022445953550088,-0.007469827908557111,0.037028050334613906,-0.0076617497983617845,-0.06054117101556021,-0.000132250474500279,0.002913896726813582,0.010247956654853703
F56_x_end_minus_mid,0.00046176739687083955,-0.007123136783789814,0.042056959044283915,0.020459876951326426,0.008269715525095011,-0.028570956589260833,0.06124820651344592,-0.001679816147135364,0.0048238065129546995,-0.012716055016178411
F56_x_end_minus_start,0.008294607540033454,-0.03319210137251652,0.041840800140166313,0.009208919320412599,0.03723636709809884,-0.028001014293474073,-0.004383642575001184,-0.0013800005390151647,0.006083567395360561,-0.0010325111485946393
F56_y_start,0.03628889139908295,-0.0125315265282211,-0.015160159173455626,0.040993185675471354,-0.004700147665147618,0.011776121523534081,0.003193664202774803,-0.003267753790750761,-0.00557392029000127,0.0035792257420355325
F56_y_mid,0.03572961677588122,0.005670555688862195,-0.024185064245070765,0.038241647916994,0.013958512672644505,-0.002505804161116845,0.00330144190051582,-0.0021236058402191596,-0.007085997392223023,0.009653487758404234
F56_y_end,0.034562626660321415,0.016241507064801118,-0.00014470571284294889,0.044710311347853283,0.005851257896137664,0.014758456452953272,-0.0048719567463881815,-0.0013341125258120139,-0.010948768366077685,0.006642606335707024
F56_y_mid_minus_start,-0.00202273928855584,0.04203593501422682,-0.020406886866247174,-0.007150620489225725,0.04292447759992456,-0.03302229297473195,0.0001823549970060152,0.0026928020597492023,-0.0033572876107702226,0.013869867393714626
F56_y_end_minus_mid,-0.003127108691753664,0.022661497008922796,0.05217441288603959,0.013269084335359489,-0.017694858833628584,0.037212698690493436,-0.0176539475613019,0.0017362919499501182,-0.008194575985450326,-0.006648419781231487
F56_y_end_minus_start,-0.004416333635060595,0.05468766414111533,0.028814621851368516,0.00570365807153257,0.020057946089897128,0.005250689785167557,-0.015319781833823041,0.0037526786604968306,-0.009962888123437487,0.005665467096261582
F56_z_start,0.035441988141074604,-0.011992186465288995,0.0036626398058615243,-0.022761296997460094,0.019131959948375,0.03563984600637132,0.009802643755794392,0.003428884521091158,0.028637471700569895,-0.013871303766838138
F56_z_mid,0.03349533538918677,0.0021186214489805236,-0.006774028764863347,-0.025383629689323575,0.028277568809350874,0.029427142814564967,0.01520674591184091,0.023624533904373083,0.03461401499024871,-0.00938696387893515
F56_z_end,0.03412064766603887,0.0035101880015168826,0.0045468046433297955,-0.021933960462073958,0.02026103686627932,0.03653977909562127,0.019408056534845435,0.009887501476316615,0.0437918309825421,-0.00146951588435437
F56_z_mid_minus_start,-0.004433255560532008,0.03798415777951566,-0.028218274026241896,-0.007655674581043419,0.02526106434068675,-0.01599866930103598,0.014890781883987524,0.05485536847492201,0.016893094570181903,0.011830927793724308
F56_z_end_minus_mid,-0.0035611161400900286,0.0041350969544595925,0.03763851872196513,0.015352418510975829,-0.03056278090130388,0.018038409757284768,0.011017225018093171,-0.04823694996986271,0.023835017411623794,0.0270974809154106
F56_z_end_minus_start,-0.00795935120015973,0.04513806402089685,0.0020551373361618708,0.0050517009799919185,0.0008975437457643961,-0.0017206159715650467,0.02590917524738793,0.017798955721128468,0.03930302747151751,0.03662116125794128
F57_x_start,-0.03965540743993684,0.003125767695427489,-0.018874351680123524,0.031025367610447496,0.0013732433762553746,0.016799433896022346,0.005649078571098175,0.0016026475603950765,0.017847901699642014,-0.007414332005768212
F57_x_mid,-0.037829077869447635,-0.010824770704765983,-0.014594276449600135,0.029525634956093245,0.017445226758671044,0.014582444586611914,-0.019588215558522068,-3.3579463221336666e-05,0.019803172670498873,-0.004326035481955609
F57_x_end,-0.03727357176627115,-0.013019737956267794,0.0012734586243917383,0.03686893066714784,0.020717757572821287,0.0037957005638505487,0.0032258677532293724,-0.0003478732054309869,0.021380734838245933,-0.009733767179822442
F57_x_mid_minus_start,0.009613052880126548,-0.0331353741273241,0.012574084677889927,-0.007687176323808817,0.037505628768453876,-0.007457074301587063,-0.05994296734456313,-0.004052510238691797,0.0021863151672224966,0.008238898688998202
F57_x_end_minus_mid,0.0005894099973576956,-0.006146481938885237,0.04222260374353964,0.02040385168515819,0.00919505161090134,-0.028591535324217206,0.06073942701345954,-0.0008439911246005436,0.004703922324161507,-0.014610959978863317
F57_x_end_minus_start,0.008514734481362956,-0.03239908644108681,0.041857447145017226,0.008661788777890728,0.03833075195075915,-0.027455542746392846,-0.005356278308475479,-0.00403084005101065,0.005323273665427665,-0.0039050358693176403
F57_y_start,0.035808444560082496,-0.012659404680003195,-0.015701663472495138,0.04178339460428533,-0.004407636730613918,0.011602883736641175,0.0029856916890641924,-0.004952992524732142,-0.006108830404829313,0.0030412047035065833
F57_y_mid,0.035184270120387176,0.005485733505060548,-0.0247222265451571,0.03895519284761882,0.014392818726315738,-0.002638949479223045,0.0027502727591924626,-0.002824371062526532,-0.007684792110575507,0.009733394967286405
F57_y_end,0.033980031494676585,0.01597181375655218,-5.76061389012981e-05,0.04576131161992662,0.006014825197507068,0.014813663610811614,-0.005403368401450613,-0.0015167525892689367,-0.012405867144297056,0.006991864777269522
F57_y_mid_minus_start,-0.002079354005572038,0.04179475365302087,-0.020378603181865376,-0.007236509181069107,0.043146205682528374,-0.03283427777465917,-0.0005934344365300482,0.004965884740555093,-0.003499246969033095,0.015274650995558059
F57_y_end_minus_mid,-0.003251476320478381,0.02195619021243478,0.052410713337614954,0.013529496199110766,-0.01792489062481103,0.03678289374155807,-0.0172154334586936,0.0028094574335185986,-0.009778887357302143,-0.005967955852006787
F57_y_end_minus_start,-0.004605952557640746,0.053992702565737655,0.029792164130092544,0.006061004640794172,0.019648021035272946,0.0056240475388558,-0.015796136846687306,0.006593653532710841,-0.011580723568083444,0.007291742440208633
F57_z_start,0.03665881476689816,-0.011820867699111892,0.0011482501973478932,-0.02004676111292318,0.01744665261666887,0.034308914956070156,0.008547433204331904,-0.002032518845105875,0.028341331652336536,-0.018824608144658878
F57_z_mid,0.034921056486661,0.0020654684312814433,-0.007986239514763743,-0.02302249666158026,0.027833012277858966,0.026559300329719846,0.011927472421065418,0.016043851879947908,0.03982852642665504,-0.0034539826890859797
F57_z_end,0.035420749804387815,0.0033702983033278232,0.007340645001237836,-0.016943508447865737,0.02151085127464632,0.03284908477262397,0.018526938545308635,0.01053248418679264,0.044952284236278534,-0.00018694543541939278
F57_z_mid_minus_start,-0.004209261052314917,0.03665223826346707,-0.024181105330817465,-0.008096564840704088,0.02769629676002172,-0.020157355921821288,0.009044013424512852,0.04785490352875535,0.030728840860820398,0.04050835048491692
F57_z_end_minus_mid,-0.004365280847882767,0.003496397325952526,0.04645928733692508,0.02174521615372378,-0.023265145659614496,0.014079092702003828,0.017436295861446665,-0.018907701235309764,0.008428423583126265,0.010195895213672835
F57_z_end_minus_start,-0.007990692380694202,0.039955360328303144,0.015495663810987707,0.010500658018173934,0.007956092379974774,-0.008239412257768582,0.024084184524560574,0.03202088869430067,0.038216300904357396,0.04959345650704693
F58_x_start,-0.03969442001773689,0.003311501798194567,-0.018809565625077018,0.03189523862631945,-4.396747282471517e-05,0.014817542008237239,0.004753614147037664,0.0019995876503237143,0.017221694893219047,-0.006936232527199948
F58_x_mid,-0.03801155829395229,-0.01046039725298964,-0.014492206480434982,0.03048438252623817,0.016001277089288314,0.012699232433193004,-0.020093198060999958,-0.0005179052820950499,0.01901253853927213,-0.004479686593605817
F58_x_end,-0.037461529215950265,-0.01239185999267655,0.0010406650610260831,0.03765973904324227,0.01933979175755711,0.002196273183777061,0.002009143447479178,-0.0005968713576929375,0.020361665591408198,-0.010137583412739175
F58_x_mid_minus_start,0.00970009651583255,-0.03302728022436835,0.012915806152568909,-0.007932821197281713,0.0379292568551775,-0.00714283386830607,-0.059410731561213355,-0.006238367846047288,0.0017498442630758356,0.006806024593912674
F58_x_end_minus_mid,0.0006065584272861875,-0.005564686800203953,0.0423981920823826,0.020472867048349858,0.00956888808757623,-0.02859945294111059,0.06034268329053089,-0.00022966044687431356,0.0041662629040463495,-0.01567653194554881
F58_x_end_minus_start,0.008626865728044815,-0.03193096783392354,0.04188671614787818,0.00827176073113876,0.038993338441327755,-0.026930371120833144,-0.006015525340826352,-0.005430881887601752,0.004521522167118831,-0.005716583226360909
F58_y_start,0.03590779237083444,-0.013018425215610871,-0.015901473072772745,0.041167510912768226,-0.0031430208244751416,0.012798998612393378,0.0034036861780846277,-0.006403737507555697,-0.0059921171833563274,0.002282310904489133
F58_y_mid,0.03519449710592996,0.0051753288373250035,-0.02503995169120239,0.03836368081500623,0.015565415648178182,-0.0013376767650947648,0.0030185198494952115,-0.0027919424083112927,-0.0073454688165686234,0.009750115585631365
F58_y_end,0.03399373628266089,0.015508293890215899,5.872489388367891e-06,0.04549221447655828,0.00689886287896109,0.016120085216495474,-0.004984257102929044,-0.0014470689242263284,-0.01261681395297419,0.007497826228295769
F58_y_mid_minus_start,-0.0022423680985476802,0.04181467504034898,-0.020620672143660413,-0.00711115890670066,0.04282306533627343,-0.0325360133611101,-0.000938514745556256,0.008366046077472683,-0.002991832139106157,0.017033335111179146
F58_y_end_minus_mid,-0.003327721864132204,0.021320668317037026,0.05257124030398756,0.013882455259342301,-0.018355002425977974,0.03626114308746322,-0.01667952019666698,0.0028572662720250212,-0.010764958354998038,-0.0049056383831204585
F58_y_end_minus_start,-0.004840921028812929,0.053664312050455576,0.030230739725834767,0.0066084197164974256,0.018839773565131685,0.005740875471749173,-0.015764336642908782,0.009471074717792308,-0.012143201961206726,0.00964634931192503
F58_z_start,0.033166165870411095,-0.010244378254624346,-0.00038644712273401517,-0.022904437650350978,0.02308441892071746,0.03793128099125005,0.011642397123771747,-0.012038687179446199,0.022619971561855353,-0.021517337592231026
F58_z_mid,0.03199652197736537,-0.000932366576604709,-0.00612482429583237,-0.025350406314705847,0.0303941444333682,0.03103733269927285,0.011317492179933388,0.009554562887419156,0.03943242556810632,0.007888272451640818
F58_z_end,0.03214572561161708,-0.0022306694148472054,0.009354478488838604,-0.017471368377317692,0.02652023521798354,0.03368725303744958,0.023565808765604115,0.011913138294105487,0.03902493561515164,0.007334167008383205
F58_z_mid_minus_start,-0.003359884833719736,0.025413752768365563,-0.015625559933996145,-0.006540686424364607,0.019785438047353044,-0.01897423003384369,-0.0009460975947809571,0.058869272048982,0.04566711162386317,0.08019492282295806
F58_z_end_minus_mid,-0.004881638190109117,-0.0034355577124001563,0.04381394474181861,0.025980180678901062,-0.015740478770022538,0.002191592772914412,0.03199418584001499,0.004940588040822893,-0.007651259837147803,-0.00283731496272576
F58_z_end_minus_start,-0.007135960466756012,0.02008088661498095,0.022674949555074292,0.015907790902430954,0.004660790793003338,-0.015306263372218833,0.026014206134184096,0.05734866654175316,0.03484320754768548,0.0700884171995509
F59_x_start,-0.03983428048049066,0.003555292612691886,-0.018579605159058016,0.032474764674572894,-0.001322577688839759,0.01273808855012214,0.003915953585044922,0.0022793230683717477,0.01622692357292262,-0.0062773377198358194
F59_x_mid,-0.03831761911913799,-0.010048742018561138,-0.014214279015569887,0.03126497434459572,0.014388650836018585,0.010685085783113939,-0.020451036672083107,-0.0010548607037243213,0.017520662761188046,-0.004558433032467153
F59_x_end,-0.03776458836433161,-0.011799094819781888,0.0007570585888927759,0.0381448735279108,0.017842997314852397,0.0005128474527644505,0.0007825896274002021,-0.0009664910927074884,0.018734643832302823,-0.01025395368526415
F59_x_mid_minus_start,0.009797966405192546,-0.03317167908554009,0.013341502544913446,-0.007923823473076368,0.03787929420804481,-0.006893171933115734,-0.059036486658245436,-0.008347742921623654,0.0005925353381972029,0.005092750103541946
F59_x_end_minus_mid,0.0006772019890424487,-0.005227611530564633,0.04236103112667467,0.020354194127684244,0.01018894134668176,-0.028757972691993917,0.06007318527864204,0.00022723596167280815,0.003873484211066282,-0.016349392786486092
F59_x_end_minus_start,0.00878044655591205,-0.031833280945860215,0.041698214280725225,0.007901099828312563,0.039379405187855224,-0.026476014771775892,-0.006860158024463964,-0.006903622596892604,0.0032817480736292252,-0.0074233305049905395
F59_y_start,0.035708062522318285,-0.013197174093640563,-0.01621456937846043,0.04110929380325552,-0.002137257054214255,0.013493878116320303,0.003648131802363527,-0.008036758822059613,-0.006289507647765877,0.001762243200466156
F59_y_mid,0.03490913307852258,0.0048525267576849575,-0.02539058472797641,0.03834803569394805,0.016468287222492387,-0.0004897791281354112,0.0029784943782887392,-0.0030702415563897962,-0.00766336005695549,0.009771454027418386
F59_y_end,0.03369505526145567,0.015005731695425637,1.5222710648328464e-05,0.04574529788649754,0.007556194298157022,0.017026250812843723,-0.0049620749043824885,-0.001533380785494152,-0.013653570595449974,0.008116210673490321
F59_y_mid_minus_start,-0.0024508987149483353,0.04155940077306779,-0.020728748830927075,-0.007038196624861601,0.04263964685101059,-0.03225425423847692,-0.0015968159245187865,0.011512077346263715,-0.003036333287391721,0.01830858952705253
F59_y_end_minus_mid,-0.0034420466408191007,0.02059597504971792,0.05257182840752349,0.014044898081820774,-0.01865029747751244,0.03577611943397601,-0.016294503895148905,0.003222537570494959,-0.012018799388593647,-0.0036491481375557403
F59_y_end_minus_start,-0.005148695044183287,0.052928831692037465,0.030798598187288258,0.006993951880889799,0.0180972697288974,0.006032009078254764,-0.01614388961010958,0.012401891571435144,-0.013436376513334335,0.011737865366073661
F59_z_start,0.030718168290409204,-0.00893510176199574,-0.0032117113122221864,-0.022345308768732395,0.024930664376710352,0.03855055015601638,0.012741151298315575,-0.02209594961830241,0.01792130101613486,-0.02623771547522161
F59_z_mid,0.0299871192338255,-0.0034217306839895334,-0.005662391593856753,-0.02466285298811838,0.03098087949678185,0.0316086731257232,0.008380157337252383,-0.0010313149287486138,0.04206090819921552,0.018945744626579764
F59_z_end,0.029693036352149333,-0.006210309616586023,0.012370752485368354,-0.013800389534761794,0.0302409626078514,0.03040450507985174,0.025523598750652708,0.0121836912112711,0.03514753855912595,0.012115400507741323
F59_z_mid_minus_start,-0.0025814840940932,0.013408807588939095,-0.005764741160381681,-0.004926237663760936,0.013769361631130612,-0.01762578780834071,-0.010760531807052718,0.05090266443270315,0.05715679799715949,0.10861012038712274
F59_z_end_minus_mid,-0.004574441872106733,-0.005784938362866154,0.04104017409921361,0.027497162605917683,-0.005700607463419375,-0.006820125410400581,0.03721748363630708,0.029667634277946466,-0.02094443488808308,-0.01773934961232324
F59_z_end_minus_start,-0.005897081188582556,0.006199560866366339,0.029214144048624106,0.01870227454617612,0.006564622602747925,-0.02007677474163388,0.021961133290920604,0.06622631490427597,0.029498052594203194,0.07429358866388003
F60_x_start,-0.039861506556169074,0.003607426707108399,-0.01865505020845222,0.03240467793871804,-0.001311951190899936,0.012540803223169162,0.00378596589829608,0.0016593219405864202,0.016104412540831572,-0.0066723442885416664
F60_x_mid,-0.03834024680638318,-0.010077699305509094,-0.014162386737794738,0.031177797651573327,0.014300219511769473,0.010452965955986535,-0.020703942020095074,-0.0016320841701454346,0.01774520568909178,-0.004199497653393467
F60_x_end,-0.037772332344815585,-0.011899141441834796,0.0009570656763098532,0.03815189799557554,0.017788419649375314,0.00022594104059719977,0.0006368252516013804,-0.0009068061344218949,0.018445683076950683,-0.010076160612080916
F60_x_mid_minus_start,0.009752104212238507,-0.033279623785606234,0.01360507617296815,-0.007904358524579273,0.037535820132133475,-0.006916390081057524,-0.05914531558670541,-0.008125509525486777,0.0014535628152322626,0.0069369529205631384
F60_x_end_minus_mid,0.000536169516133832,-0.005443200105547096,0.04244538570610286,0.020634063017617218,0.010284223151420913,-0.02868625515806169,0.05989072348372749,0.002009435165037688,0.002481482123464391,-0.016769363352988072
F60_x_end_minus_start,0.008611091895341538,-0.031983766059351236,0.04199152624162654,0.008167733005916309,0.03905418871489028,-0.0264577104104809,-0.006828995455034284,-0.005408948507330151,0.0030100952704183157,-0.006205191443594478
F60_y_start,0.03626316386556597,-0.013325529004268229,-0.015933200333450616,0.04001932688118139,-0.0018958103615080975,0.014006355988807185,0.0036610217662918472,-0.0077491756792551795,-0.005147391451359268,0.0010862216743330448
F60_y_mid,0.035466220839485765,0.004858580999958977,-0.025248008986389486,0.03726014162114002,0.01672798582262338,0.00016917096569195176,0.0032028499655582564,-0.0024829872731844237,-0.005960757575379714,0.009260020667837498
F60_y_end,0.03428830863440463,0.015014303737499101,8.535353113899191e-05,0.04470958285229456,0.007830715156518706,0.017460574784635804,-0.004531341386995556,-0.001230073359007142,-0.011702921907928283,0.0076966902953977834
F60_y_mid_minus_start,-0.0025326113005675675,0.0418008214553402,-0.020965542770694567,-0.00708884911358599,0.04258077900850335,-0.03188422699749216,-0.0011185234464334054,0.012182068369117128,-0.0017569455159237694,0.018650611294318574
F60_y_end_minus_mid,-0.00343979857224383,0.02073647766399469,0.05280006333498472,0.014242987060678298,-0.01876952386822239,0.035539180116830854,-0.01599030424824469,0.0026467820973026645,-0.011632359236530498,-0.0034794891576171343
F60_y_end_minus_start,-0.005209503206273439,0.05333647908425818,0.030502356046044732,0.007043367124573273,0.01819251335554588,0.005840615374908943,-0.015410219687895906,0.012467037515353782,-0.01199003807878745,0.012263912337994978
F60_z_start,0.025861021221282275,-0.0082539397759374,-0.0009667472265403294,-0.027983292395804788,0.030787548529141624,0.04240843304702569,0.016502579142665452,-0.021908671920067242,0.01381078190170588,-0.021581446050669202
F60_z_mid,0.025517280275119004,-0.005859863551918934,-0.00281613910500088,-0.029709936195748663,0.03336972365723575,0.039135908341222186,0.012458426771365551,0.0030021189509312476,0.03475332134932786,0.017684971305217453
F60_z_end,0.02515664081049868,-0.01018733159795042,0.010469095429833649,-0.021164672684248927,0.03252034413889279,0.03580406497346335,0.02996723205586653,0.011240590101838366,0.029907679459140017,0.014187414591241034
F60_z_mid_minus_start,-0.0023655952479487903,0.006858862669164821,-0.004887495193935306,-0.003047734742210278,0.005176803246287781,-0.011117282698571655,-0.011729453782985707,0.06778781231855402,0.05518583961160951,0.10612786586784283
F60_z_end_minus_mid,-0.004181031294297277,-0.010784077890938928,0.035732904734128906,0.026505176461547146,-0.006473605824065271,-0.013811981037401652,0.045052030604599946,0.02155944270153016,-0.017289948576349436,-0.011545819009279435
F60_z_end_minus_start,-0.005212163508084933,-0.0028407438582606216,0.024007076601059458,0.01827998589535617,-0.000838520221166117,-0.019920147279417044,0.025713498669207455,0.07235438630758072,0.031596630473987204,0.07777427305943355
F61_x_start,-0.03995747054842272,0.0035882260012402036,-0.01844509684509982,0.03239744815010804,-0.0015177538561237012,0.012177251354310553,0.003620279249429884,0.002175992489061831,0.01607305253531613,-0.006254451168606427
F61_x_mid,-0.03847085674330898,-0.009931864796383718,-0.014111689185672686,0.0312031399126684,0.014045735974781847,0.01020230280450372,-0.02053623008834953,-0.0011006677034776844,0.017120057249718035,-0.004842443668812378
F61_x_end,-0.037944710930147556,-0.011705320061246163,0.0006877874750517389,0.038005879917835904,0.017414500092491583,0.00018447635928895044,0.00040157549959108946,-0.001046602180514646,0.01822657355607869,-0.010332266595153596
F61_x_mid_minus_start,0.009832863362603679,-0.03325363603015568,0.013358366698596738,-0.007945782862279812,0.037871623141487135,-0.006676770711889392,-0.05897897502085754,-0.008263127290123195,2.253203262618913e-05,0.004390853676683406
F61_x_end_minus_mid,0.000660251851793777,-0.005347095961107908,0.042452676324193854,0.020356595823592904,0.010049282615770795,-0.028721855405679293,0.060047850763739426,0.00013162956230930296,0.003580476337782897,-0.015973027219133493
F61_x_end_minus_start,0.008809988313776506,-0.03202128689978438,0.041684366190173086,0.007818890170365946,0.0392995828282276,-0.026200026723391542,-0.007072721113383873,-0.0069126599091744794,0.002579430837326191,-0.007698721772001933
F61_y_start,0.03599772958358466,-0.013437582341597991,-0.016088898796814768,0.04005568680115925,-0.0007348410252412565,0.014998303695270623,0.0042976737394715345,-0.008735961846075455,-0.00617682395061852,0.0014633736148271426
F61_y_mid,0.03516223549695722,0.004456785140647174,-0.025313839828327224,0.03740167293811211,0.017597973889943924,0.0012985081387141555,0.003589873000373793,-0.002589414210568292,-0.00737249958274054,0.009700907414669694
F61_y_end,0.03401067530229227,0.014415226041409625,1.117699123984112e-05,0.044849317389440584,0.008612872407616618,0.01858612107661857,-0.004006607059448112,-0.001401226751769751,-0.013369116074607364,0.008534874061657214
F61_y_mid_minus_start,-0.0025475352802814765,0.04157022852132004,-0.021035636468959302,-0.0068182950600362575,0.04236528055427841,-0.03190664730783153,-0.0017088751841265331,0.014349647646576548,-0.0026563298641914175,0.019005347331704232
F61_y_end_minus_mid,-0.0034806487104794837,0.02027625867687443,0.052730815206306236,0.014079317374154628,-0.018982805873368626,0.03540409227618489,-0.015689647165579447,0.002518631679658753,-0.012060346495326184,-0.0026996375025825424
F61_y_end_minus_start,-0.005284419107964183,0.052822207936076886,0.03089346029887088,0.0072578804635120816,0.017564393470214202,0.006080397685790458,-0.015761479212467577,0.014135025352512529,-0.013222635529447956,0.01320001257689576
F61_z_start,0.02715551683142785,-0.0073788484907885594,-0.005006467288889132,-0.022713551578526125,0.027414734067472784,0.03929905399314114,0.014117760615266938,-0.030183315179138016,0.013043603785723105,-0.028882031824707475
F61_z_mid,0.026927540576387306,-0.005867429804850395,-0.004398973469802118,-0.02464513109724089,0.0314775503009547,0.032830391067950535,0.0063130810176277715,-0.008830973195615705,0.042141151415393735,0.028478904206621285
F61_z_end,0.026070818435588047,-0.010264788946353416,0.014181425874438252,-0.01187682877548329,0.033070004320716856,0.02806038940045266,0.027602135843559125,0.012439489168484082,0.029702302202753578,0.016963880741495647
F61_z_mid_minus_start,-0.0015517954279242424,0.0034170352512545373,0.0014546390294845526,-0.0030877570589617495,0.007304928300101106,-0.01493160645418384,-0.016690410847969815,0.045326366052232926,0.059611793327039954,0.1196873203228388
F61_z_end_minus_mid,-0.004301697500826099,-0.00784436660706135,0.03602931698607106,0.026895350900483457,-5.932621038651853e-05,-0.012381620966395944,0.04015996051510103,0.04162058852993586,-0.027992835744244236,-0.024873209657642132
F61_z_end_minus_start,-0.004737808136638351,-0.003677628370232821,0.030513428230738455,0.019462602969988422,0.005754155261588083,-0.02194955269111166,0.0194661340523971,0.06991786016259523,0.024541653586274425,0.07480320461692293
F62_x_start,-0.039970894106787926,0.0035956376883857495,-0.0185412825632701,0.03227410916608549,-0.0013764223524594388,0.012201336863449637,0.00358222278765858,0.0015796380460631812,0.01607493416381572,-0.006662998519924416
F62_x_mid,-0.03846738701262773,-0.009998604719012285,-0.014108798276636468,0.031029497377533796,0.014147929110840651,0.010218310420067342,-0.020703694775183665,-0.0014953007543322529,0.017457698349338274,-0.00455852176275635
F62_x_end,-0.03793306693742182,-0.011847849476739995,0.000874661953435983,0.0379473206005794,0.0175108936597676,0.00012366433870592445,0.00038773523173621225,-0.000963330311498879,0.01813498919409241,-0.010174839155610871
F62_x_mid_minus_start,0.009781318305097998,-0.0333207070294465,0.013540022645888229,-0.007971634071925969,0.03763107498889524,-0.006659342308815974,-0.05908926627891988,-0.007654999936944189,0.0008566629949429982,0.00609892182409924
F62_x_end_minus_mid,0.0005259292789309025,-0.005559464749283238,0.04256039256174953,0.02063082861290811,0.010004809560543651,-0.028655131833425555,0.05988799363946711,0.0014850796376311441,0.0023965760290232748,-0.016210351152450037
F62_x_end_minus_start,0.008643917899681913,-0.032149657902393304,0.041981898405840185,0.008066308998174523,0.03898221260663257,-0.026189222345294357,-0.006966491732280966,-0.005403912709191468,0.0024436332860245085,-0.006477140585002803
F62_y_start,0.03651862189068152,-0.013576758242767125,-0.015779518930400804,0.038947827070682714,-0.00040411522780213347,0.0156270678660887,0.004386918377009183,-0.008368175941494164,-0.0050849703247715155,0.0008871144706507558
F62_y_mid,0.03567806513045011,0.004462602716140781,-0.025145715138771122,0.03631350468096783,0.017911064130227677,0.0020203797901603175,0.003918302276377798,-0.0019333536740426638,-0.005838163992851755,0.00920899692112717
F62_y_end,0.034565964448896716,0.01441511848662391,6.759667562957944e-05,0.043785992639103787,0.008930946428578817,0.019131444047736715,-0.003522640182697998,-0.001120550067445783,-0.011521079494578288,0.008168407742319538
F62_y_mid_minus_start,-0.0026501383357713237,0.041824593082983114,-0.021269576539792688,-0.006830106868592202,0.04220260388276074,-0.03165262135461369,-0.001165332887004184,0.014988145203012728,-0.0016358440788779526,0.01915470583593629
F62_y_end_minus_mid,-0.003482053894030537,0.02040623729478732,0.05290732129858109,0.014226208190475514,-0.019141274814765567,0.035271606316766076,-0.015497622516080759,0.001742876496026318,-0.011542721817925481,-0.0024550202970182768
F62_y_end_minus_start,-0.005369288499971453,0.05327687960902659,0.03053782824488389,0.00728975996898057,0.017575802597890215,0.005864798425264373,-0.015079828484450596,0.014019876484844243,-0.011868518522174968,0.01365315799001629
F62_z_start,0.022547174254319596,-0.007078834998831715,-0.0015997943921729494,-0.029036037675381356,0.033200939273431804,0.043281494352411694,0.017890381768804635,-0.026635965387696484,0.010035297063015572,-0.022226084114931332
F62_z_mid,0.022587308832556066,-0.007773811490034506,-0.0014607256901585034,-0.030559969746127173,0.03401183125617092,0.041135975636616924,0.01188020485986151,-0.0009595964542004246,0.03329328114576463,0.023319840605897674
F62_z_end,0.021903120075799056,-0.013358272861872161,0.011142018028229575,-0.02125071519385801,0.034462054480581164,0.03519766599161642,0.03188985009139222,0.011230183742689344,0.025441811522207744,0.01752679967404917
F62_z_mid_minus_start,-0.0015590068288930266,-0.0011690486543350094,0.0004555431320094784,-0.001570610328472616,-0.00046842540980435827,-0.008394581367677453,-0.015922101993359066,0.06436316299119677,0.05579104018649284,0.11233195852771967
F62_z_end_minus_mid,-0.003912392386265751,-0.012863403218250824,0.03091576178637454,0.025762616892273858,-0.0022765492242476345,-0.018581850481803094,0.0476762642448039,0.029857733582784436,-0.02247459066297958,-0.016458840081571145
F62_z_end_minus_start,-0.004246065553322988,-0.01079142746190813,0.024050519608690084,0.018479721495568317,-0.0021193174826867694,-0.020959619940909675,0.023774124190399516,0.07442493144286674,0.027465675792109963,0.07735940954251394
F63_x_start,-0.040114452496351725,0.003499422475894697,-0.01840980439310658,0.03176741477332047,-0.00090680169530479,0.012573629963591529,0.003587441329137865,0.001449004912057144,0.016567010622749914,-0.006935721960487606
F63_x_mid,-0.038547445497628154,-0.010031247962248009,-0.014123207146736986,0.030426253118774484,0.014637821156048274,0.010776593006606607,-0.020569845093124442,-0.0009101560642200882,0.017753968119787262,-0.005251313486615403
F63_x_end,-0.03807491986180125,-0.012049110328391668,0.000869178946308578,0.03737596671650794,0.017707637575001142,0.0007395803419097005,0.0005496106895192337,-0.0007959540947815484,0.018484064605820916,-0.01036137768604644
F63_x_mid_minus_start,0.009874679598600717,-0.03332744484236666,0.01317904131953153,-0.008062872775816398,0.03781640066692674,-0.006260488069329677,-0.05909892658498246,-0.005937924824914863,0.0003675983518503718,0.005133478266187843
F63_x_end_minus_mid,0.0004736687248407555,-0.0060165755728857385,0.042674790700210755,0.020627397834979404,0.00913889743470808,-0.028539442656621714,0.060099639771019724,0.0003067143262993544,0.002499904083432772,-0.014775618810008122
F63_x_end_minus_start,0.008706110857986426,-0.03257167788289686,0.04195953671773537,0.008056177119156155,0.038627247639182134,-0.025898428710553183,-0.006688414810511052,-0.004808342377095969,0.002115430495729791,-0.0063145601155476455
F63_y_start,0.037004908482509195,-0.013868343587290933,-0.01533041834934844,0.03690464307799678,0.0019363706479066578,0.01828975419299868,0.005740270708330555,-0.00879618122346121,-0.005166611255647653,0.000980320319652172
F63_y_mid,0.036146198764829454,0.0037885922648557397,-0.024660809914889347,0.03449761628303802,0.019638624353405645,0.005138991755386595,0.0052619141741897385,-0.0008844860879056426,-0.005740055483908674,0.009329662130690797
F63_y_end,0.03516860850373137,0.013407034818168352,3.393024809634453e-06,0.04183271640697102,0.010685849902499512,0.02175830216438824,-0.0015502663705663849,-0.0008970967490165517,-0.011008529263763377,0.008895763347334587
F63_y_mid_minus_start,-0.002688208158323313,0.041866468348827776,-0.021716632119567043,-0.006335804029196771,0.04168959490526138,-0.03132474444642029,-0.0012305255812347024,0.01880581574596852,-0.001258874077937281,0.01966186832392582
F63_y_end_minus_mid,-0.0035051679582261647,0.02017071148365548,0.053092201040005144,0.014123349671206466,-0.01969743298181819,0.034908189516263524,-0.014602198969931326,8.586449362491413e-06,-0.010902473039024682,-0.0012883405773122833
F63_y_end_minus_start,-0.005451789411832666,0.05342389200619218,0.03042156319839961,0.007625768468403949,0.0168091093014117,0.005762499909077889,-0.014384440479401208,0.01571763881152576,-0.011024016344911774,0.015246470788132242
F63_z_start,0.012345873092679848,-0.0035169018534226635,-0.002239952271218398,-0.03167514587805376,0.03855503871975407,0.04388372748747239,0.02114813447990971,-0.03601329507595187,-0.00048095499447294075,-0.020958166833041792
F63_z_mid,0.013189891014345395,-0.012482025196087976,0.0028901371925077377,-0.032509643553060893,0.03432873670105254,0.04563201832313144,0.010857390335197122,-0.00920331781448866,0.025760772601141894,0.035686609120998726
F63_z_end,0.011872439358962981,-0.0210817933581189,0.011483254996996822,-0.02231149987157518,0.03731327111435738,0.033025748034545985,0.03561739534989903,0.010679393737052434,0.01160477186858679,0.025442733067324502
F63_z_mid_minus_start,0.00017158340662917212,-0.016668046072286235,0.010032577384531569,0.002095035702440349,-0.012535369703341882,-0.0017745709513698605,-0.02206231448325298,0.05525805236242076,0.05004231395510372,0.11033736162788797
F63_z_end_minus_mid,-0.003069038073827111,-0.01746114888315083,0.01769767379037004,0.021941019178969127,0.0052771568139633965,-0.02726413097112165,0.05092764564219686,0.041363414782893806,-0.029950930018241482,-0.022118503245332793
F63_z_end_minus_start,-0.002098812387564628,-0.02607703589370136,0.020933285490421,0.017665962879238,-0.006197640331079669,-0.021287945522576047,0.019433306398932825,0.07441051953862612,0.018268100476604487,0.07228145884972668
F64_x_start,-0.039984275614280154,0.00357110704624657,-0.018319870061413678,0.032405006278502214,-0.00157010359434116,0.012132879809560118,0.003568267325242485,0.0026185913622293953,0.016224078198618316,-0.006012386530123775
F64_x_mid,-0.038495865741428166,-0.009846121028235986,-0.014127593610795238,0.03123042040171478,0.014019372602421143,0.0102305802688078,-0.02040672555644558,-0.0005877937332274482,0.016917579116703392,-0.005344345304433663
F64_x_end,-0.03799911972408403,-0.011606270237595173,0.0005251248844836206,0.037943171731979336,0.017287400904135126,0.00031976508251834243,0.00036608415807460156,-0.0010549003683465528,0.01837561015554186,-0.0105459817834311
F64_x_mid_minus_start,0.009929663035020938,-0.03318602894317732,0.013084471612465415,-0.007970391138373755,0.03815177120887005,-0.006540163883762418,-0.05885553183918614,-0.008209240255602506,-0.0008745026581881006,0.0025732058269223976
F64_x_end_minus_mid,0.0007502232043212034,-0.00530967946479719,0.042459427490423994,0.02013515953145898,0.009781099064956255,-0.028706498841883987,0.060186858697107604,-0.0013723634411843672,0.004557143751318244,-0.01526067684830765
F64_x_end_minus_start,0.008984431298049378,-0.032028078636940786,0.04145266044083924,0.007596577379147737,0.039446183850953935,-0.026063632059929277,-0.007098978238377819,-0.007964861636192276,0.0025101155024013447,-0.008708003793385174
F64_y_start,0.035773272869236324,-0.013421714616358106,-0.016191078113475945,0.04021896986210204,-0.00010318679290677218,0.01548978904200428,0.004714028999955794,-0.009264844543799451,-0.00707853636562336,0.001918930782204652
F64_y_mid,0.034919322824487495,0.004207215372262441,-0.02530783420445168,0.037637595429473834,0.018015239617122116,0.0018745197803195564,0.0037933124363501635,-0.002694615804615376,-0.008596908143104745,0.01010973459610363
F64_y_end,0.033781024897758534,0.01403386985224612,-7.102522781344715e-05,0.045036892528956145,0.008998869354844615,0.01913719208036997,-0.0037016889461250393,-0.0015253039978391952,-0.014736831179347468,0.009180743092365681
F64_y_mid_minus_start,-0.0025097817444290067,0.04133410819511257,-0.021041558303631833,-0.0066052679125274535,0.04228397341870816,-0.031997421273584764,-0.0022167714394925177,0.015466646954012384,-0.0034410948323195163,0.019086928115059736
F64_y_end_minus_mid,-0.003501592971056581,0.020021512994591935,0.052625164380295616,0.013924791016551485,-0.01910107926334246,0.03535638559170074,-0.015504667916857002,0.0024891374852856482,-0.01231061270122377,-0.0022436713656823403
F64_y_end_minus_start,-0.0052889897604135394,0.052441366373143124,0.031144344000510995,0.0073872440059311924,0.017200012769492005,0.006230253102932774,-0.016099970319868102,0.0150165643633459,-0.01416625676768606,0.013637207115658388
F64_z_start,0.028575615352090227,-0.004555473236702864,-0.014553324122898115,-0.0038051377295139055,0.011891888017010148,0.023914298082371204,0.0042358408337858835,-0.044186645393293325,0.012240706628357523,-0.0439287275858712
F64_z_mid,0.026830443470936525,-0.0035977595834891787,-0.008431406382026609,-0.005880248057178463,0.019500592138739017,0.008529962005415817,-0.010703596796947266,-0.036383519862756473,0.05442418666495226,0.04643464378343894
F64_z_end,0.02492751559919589,-0.006271191128222275,0.02008456877099505,0.014686942522163135,0.02632057601860942,0.0022004825271323097,0.013821189457628093,0.012112058036710836,0.026425346724929893,0.01803686737044318
F64_z_mid_minus_start,-0.0013983003143214488,0.0011704876091547184,0.008009786868223505,-0.0030316358453305096,0.011041302020850075,-0.020587171295265987,-0.02067975271281576,0.009280565256827604,0.05926888587620643,0.12442117670060895
F64_z_end_minus_mid,-0.00401892575037506,-0.003029331949038805,0.03527853010515852,0.025431960581733647,0.007073698375823616,-0.008252495737191362,0.03055961969843819,0.061393369187932,-0.037563234449510444,-0.037542966741529286
F64_z_end_minus_start,-0.004651620685909269,-0.0017131273477588671,0.0373947536594512,0.019859332856173934,0.015103597847599367,-0.023832103876391387,0.010130340954913575,0.061321041399452304,0.014833631123104976,0.0673693737007701
F65_x_start,-0.037659970979233466,0.0018368404760476028,-0.017988802751450917,0.027221562975084202,0.008123457302522107,0.02845213947972989,0.00979092645104571,0.005725932448057101,0.026258976731173823,-0.009075543431802814
F65_x_mid,-0.03473023890338021,-0.011841759856570341,-0.015642912720689153,0.024935025179358854,0.02532348689850949,0.026035555351266646,-0.015616058212091334,0.010677249314292555,0.025848295266141984,-0.009399239447667239
F65_x_end,-0.03470059077755789,-0.014986965792426168,0.00034627520057361615,0.03206972487542079,0.02732382620585019,0.014944851859652952,0.009946784850439292,0.001927640923498245,0.032749446062453495,-0.009600705432430886
F65_x_mid_minus_start,0.00994603783827916,-0.03179688690833787,0.006940289213863444,-0.007579850157868049,0.03910483798362949,-0.007984225411596579,-0.05959710702076606,0.010971957089220313,-0.0031594894709769303,1.48332347667224e-05
F65_x_end_minus_mid,0.0004961052470359712,-0.007583636096667955,0.039476994687075696,0.017226483808386938,0.0046063308834342915,-0.027567792086350316,0.06299968864060468,-0.021628414820988845,0.016641510690801248,-0.00038046479623758857
F65_x_end_minus_start,0.009063632856317571,-0.03386758667201313,0.038239898663980795,0.007451025294054613,0.037801568899564,-0.029435525137768134,-0.000502200811229947,-0.008088105372374964,0.010822277065396124,-0.0002973957623991988
F65_y_start,0.03218326173504097,-0.009780283741341121,-0.01463705541380605,0.047527457753627524,-0.007782926887350903,0.007387784720458185,0.002570298217898477,-0.0002610020188127965,-0.012369790248472562,0.008795342123365243
F65_y_mid,0.03185967174531147,0.006126664822158572,-0.02304052344373184,0.04497316978308882,0.009238033164627481,-0.007614275554674355,0.002263366146214536,-0.004219409011269196,-0.01859790351533772,0.012788813109305101
F65_y_end,0.030840546490977713,0.01616342879434116,-0.0016427371961127064,0.04952592377332958,0.0022117013300282685,0.010105892999902276,-0.007528356676852585,-0.003344677810035246,-0.021340031073914887,0.009554360880275043
F65_y_mid_minus_start,-0.0007448269253587252,0.03733926545214603,-0.019735063308415714,-0.005974623041825879,0.039955483907605324,-0.03521601780361453,-0.0007193801428335467,-0.009293032056377697,-0.014627069209331635,0.009379286422529476
F65_y_end_minus_mid,-0.0029513776880150614,0.02211969878218272,0.04794186808692876,0.00911739813466688,-0.015778853048741583,0.03945314636540353,-0.021758606772586203,0.002031013825961476,-0.005675770463455639,-0.007448895825377972
F65_y_end_minus_start,-0.0032490491695731953,0.05122304584411283,0.025839715092198286,0.003034303139653678,0.019809107454711847,0.0052077985498863956,-0.019915351921746482,-0.0060615105264675605,-0.017413410643001562,0.0013271590238363971
F65_z_start,0.033727580862388765,-0.011748978878605536,0.00193749638715597,0.01671894512978956,-0.028565376253110644,-0.012045523828546944,-0.015764537371752717,0.03924068118916856,0.03426038993885985,0.0008514523414838674
F65_z_mid,0.034339899377735725,0.01806601570846631,-0.015227369747211549,0.01232152385776988,-0.0053454517076923485,-0.022045275289066142,0.0009498629629469746,0.02746082487628046,0.02680276601380293,-0.04793905278463977
F65_z_end,0.03250592162103296,0.029544348567977684,-0.0032131555328906974,0.008968558828237817,-0.016473464859923043,-0.001113000941246106,-0.019671869549072657,-0.0025125706087925225,0.04636299514671323,-0.03432873652922996
F65_z_mid_minus_start,-0.003540738175268698,0.038727568434561044,-0.021679843307015396,-0.007624899632770433,0.03263938099465528,-0.01094836402537959,0.022882388896082295,-0.019717690631721976,-0.01368510270398854,-0.06102985277015781
F65_z_end_minus_mid,0.00032831453513944774,0.02152034775286663,0.019070899887197196,-0.004505615340756358,-0.019632198557921192,0.033680927494699704,-0.03528271079006582,-0.04864397783075545,0.036269752283871276,0.018499235727585557
F65_z_end_minus_start,-0.002946324613588305,0.04963574556825412,-0.006212126576911644,-0.009958761413723642,0.015647192480933124,0.013536784493908794,-0.003949548606674234,-0.05139995344887034,0.01287838269373826,-0.041882113551126254
F66_x_start,-0.03789713177504692,0.002267096043314331,-0.01855878805249662,0.029213852710902523,0.005896266492970855,0.025483416363918134,0.008198487296858634,0.004947533432999401,0.025606983762473817,-0.009610073481991397
F66_x_mid,-0.03510122479888494,-0.011416031900890394,-0.015873872144127457,0.027060527451412922,0.02334725938446519,0.023145375431894443,-0.017636491584719145,0.008667965897198733,0.02610885402116094,-0.008820912297659746
F66_x_end,-0.0350233707881795,-0.014371184054141966,0.0006808161835579781,0.034575812825522835,0.025497856307163592,0.011822555028339291,0.007811929173396743,0.0016897173849384607,0.032016274105880586,-0.010014394098111966
F66_x_mid_minus_start,0.010103231460886404,-0.03158060960043677,0.007963119162061083,-0.007783805074225052,0.039419919388719894,-0.007843378045193165,-0.060009093635419584,0.008044187047204086,-0.0013468057169961562,0.002745737495959984
F66_x_end_minus_mid,0.0003341095649784336,-0.007207733421748719,0.04070273789592486,0.018338111815339377,0.005184124194290338,-0.02788929060607543,0.06254204976582603,-0.01716535667089463,0.014395037738625922,-0.0028937972555280007
F66_x_end_minus_start,0.008982782937694259,-0.033033244313204965,0.03959046885785346,0.008028920148322146,0.03816792074030049,-0.02918607189983581,-0.0014792556577326458,-0.006861523564346661,0.01041096775045097,4.182670028002148e-05
F66_y_start,0.03407387563900277,-0.01028197830921548,-0.0143118076888508,0.045241472583218215,-0.008427753805824306,0.006989808359988422,0.0016928023711203373,-0.00017852312560950764,-0.009402313505548968,0.006762461205431686
F66_y_mid,0.03352051247871227,0.006500534051730171,-0.02276553755871118,0.043059364395979606,0.009094442105110428,-0.008010177683457631,0.001498659013127022,-0.0031208547261023633,-0.013899166524319455,0.010558528241558236
F66_y_end,0.03241558848411255,0.01677776090731023,-0.0008837569073211022,0.047935510345197246,0.0017565411972581078,0.009443001732269769,-0.00784767009471639,-0.0026472456246087895,-0.016544003111849087,0.007914270304306593
F66_y_mid_minus_start,-0.0015001813717067142,0.03973877962875899,-0.01990760589938348,-0.005414079587823239,0.041477264755710085,-0.035505607922803245,-0.00046856500933665975,-0.006955902000146378,-0.010579523276304388,0.008937430549018322
F66_y_end_minus_mid,-0.003183747817009623,0.02295008641475801,0.04963053292921031,0.01005209714247363,-0.01667381645414069,0.039373494402405035,-0.021026424873988918,0.0011292192927900688,-0.005650245802806023,-0.006160937613102206
F66_y_end_minus_start,-0.004050164440671269,0.053498884365419094,0.02676062333083366,0.004258851017745681,0.020240184103832434,0.0046673476339359424,-0.018817558672207274,-0.004855064991664576,-0.01384004804892285,0.002111079729779537
F66_z_start,0.04092169275649838,-0.014037441838210983,0.003910605717769007,-0.0009847892701017665,-0.00949741500539612,0.010050570464914416,-0.004819482992393,0.030750343846436448,0.036663578102791354,-0.0035604227721465166
F66_z_mid,0.03945534763066418,0.012405521796036961,-0.012595331214256681,-0.00638014607640639,0.011424032151065173,0.0030498210537543624,0.01066956927108872,0.03281766353734157,0.03237464168454376,-0.03674611351566523
F66_z_end,0.038683539894006885,0.02163375079442059,-0.001287634589217305,-0.00672927185326505,-0.0013258822006326082,0.018712807603729655,-0.0026868391116370706,0.002950975843624267,0.0515540321991974,-0.02344344131445326
F66_z_mid_minus_start,-0.0039663894946331555,0.04086611127702167,-0.0253035065834179,-0.008175200805387237,0.032264775287657664,-0.011087542666043487,0.023793327014795022,0.0018460386775610933,-0.008084733178840444,-0.050389669399432145
F66_z_end_minus_mid,-0.0006289727217127934,0.018726379807357484,0.022302786837960376,-0.0008452706070272194,-0.02521164312521711,0.0313673566479146,-0.026440962541860416,-0.05891811295494498,0.0390723379866477,0.025730042405679308
F66_z_end_minus_start,-0.004228354665750064,0.052535164495613386,-0.007699182672766864,-0.008384706454104614,0.012180948728031717,0.012444098170839794,0.0032335297182479504,-0.04140300336555569,0.02094021469853634,-0.02901792598088435
F67_x_start,-0.03842919856607604,0.003189598807245272,-0.018952555168662635,0.03174476928464976,0.0026678417976785562,0.02030237731569995,0.006064677297981363,0.003679667583242479,0.022382323183656315,-0.00888442259749285
F67_x_mid,-0.036082569272523596,-0.010724404318336647,-0.015690830696532567,0.029953922927532597,0.019609102784739922,0.01835251157581035,-0.019757176653941475,0.005137322950698953,0.023482563734749443,-0.006509090944013094
F67_x_end,-0.035768158853580784,-0.013416031135621224,0.0007651071345823522,0.03761659461356862,0.02211768319999494,0.007031401455525851,0.004808703866058452,0.0012139754846216034,0.027665391788303875,-0.009675455190882944
F67_x_mid_minus_start,0.010288873103046398,-0.03233998142655761,0.009903958224624232,-0.008160450103633065,0.03854025127587474,-0.007065435011768285,-0.06003565884078156,0.0028758584943588627,-0.0003307456061841915,0.006585039888700959
F67_x_end_minus_mid,0.0003478068226058895,-0.006937765565319523,0.0414089705187768,0.019743665650212038,0.006585077937948198,-0.028394281132729505,0.06186188957639536,-0.00985523066122327,0.010865851802283551,-0.008085752615798641
F67_x_end_minus_start,0.009050062780180742,-0.0329956052426607,0.04068407001192626,0.008405502518219098,0.03801165773011902,-0.028131231484184203,-0.0030734843241242878,-0.00521749413646549,0.008175875412615389,-0.000675130019035225
F67_y_start,0.035407995842492296,-0.011314238554744628,-0.014455326383247057,0.04326101204336246,-0.008299278868241649,0.007484041991949949,0.001189313474805569,-0.001478730726420563,-0.006788171026838454,0.004583292151911825
F67_y_mid,0.0346328492238163,0.006615357451703873,-0.023141910459463212,0.04128105830385825,0.010102398841156145,-0.007832860262892958,0.0008978927511546522,-0.003142455798056984,-0.009492991532472444,0.008511579230132666
F67_y_end,0.03335316785745051,0.017305885474845486,0.00013678624457943373,0.04686477390646483,0.002267707694983791,0.009728699428703498,-0.008330245390855716,-0.002241273171669462,-0.012676195191394712,0.006205268315146972
F67_y_mid_minus_start,-0.002321528692815883,0.04130483507624484,-0.019705572156623576,-0.005205904455023261,0.0423415473732822,-0.035252437161481485,-0.0006867802259876957,-0.0037939632388490157,-0.0061008091094001205,0.008941323741963856
F67_y_end_minus_mid,-0.003363676056988829,0.0230662016316283,0.05086550622018703,0.011404149352965133,-0.017158681433148047,0.03820944411403832,-0.020023317387283263,0.0020073597779654644,-0.006740200388478131,-0.0051452294535997015
F67_y_end_minus_start,-0.004855308757936433,0.054353710723519855,0.02795177474674082,0.005613246173659193,0.020181752001173753,0.0040323451748893865,-0.018008106608952863,-0.0013991442167661898,-0.0109311151629254,0.002936462238674042
F67_z_start,0.04097482391654166,-0.01339923885626317,0.00268281638414678,-0.012357505226727373,0.005523660147670228,0.024712137266703297,0.003435077946267229,0.014671704599247954,0.03284067857572591,-0.010811415232998977
F67_z_mid,0.038612834468547345,0.00667770378003637,-0.010247839373166555,-0.01653531429994567,0.021182314545813135,0.017562600069137176,0.013001508546836677,0.02577848918815281,0.0364552495892824,-0.019142809898051425
F67_z_end,0.03895084227389509,0.012687017514719966,0.0026214436925324908,-0.013483347359797318,0.011291515667307449,0.028121048205365377,0.00955625509323194,0.007118082102344625,0.04935675751143216,-0.011066832910315544
F67_z_mid_minus_start,-0.00439651241957805,0.04208323839478202,-0.027187612818992353,-0.008970241103890485,0.03304687555823905,-0.014705509345726337,0.02019036632203166,0.023591697880110982,0.008072605787456145,-0.017693816549733957
F67_z_end_minus_mid,-0.0026338965556586607,0.015129001449771523,0.03463690800946094,0.009499690008701215,-0.02783319948522273,0.026050552547800396,-0.010207591326832747,-0.05121852312756735,0.03046487747216361,0.022894546031505862
F67_z_end_minus_start,-0.006531244173839862,0.05457590031647266,-0.0002808844518454564,-0.0016114299776233396,0.011579040062012337,0.005609909979407512,0.01242791923434274,-0.016423848912426278,0.03217713106084259,9.497847047166358e-05
F68_x_start,-0.03847788342206383,0.003480545915987969,-0.019011225561618866,0.033009705671078825,0.001061634380986975,0.018026596662536115,0.005269216981600109,0.0038242742639552113,0.020869300446171243,-0.00803900204722193
F68_x_mid,-0.036392175108945594,-0.010313991220665312,-0.015574459017211132,0.03151033284036936,0.017738246386615288,0.01601586240986872,-0.02028974049367582,0.003568747251948518,0.02190077189290111,-0.0056622804740289415
F68_x_end,-0.035941517754375915,-0.012683064843850737,0.0006185298836653018,0.03899907485891792,0.02061383914805069,0.004954797343477122,0.003539142947967069,0.0007655005450378084,0.02569674790694571,-0.009709267775135418
F68_x_mid_minus_start,0.010236399368178354,-0.03241775559880567,0.010627079413424539,-0.008110615174154165,0.03845003592490836,-0.007188010410985896,-0.059898825038601985,-0.0011290181480123004,-0.0005461983032300269,0.006631150346375186
F68_x_end_minus_mid,0.0005297780942464504,-0.00631363252612653,0.04164832232069132,0.019938537659451853,0.00775485568730515,-0.02835492073315198,0.061333830732907,-0.007194671800859556,0.010210419228091171,-0.010576055936496994
F68_x_end_minus_start,0.009100071691322816,-0.03236371151198067,0.04087129441172429,0.008355751900248305,0.038589614525374225,-0.027785902999728607,-0.003983211436361129,-0.006460079741736681,0.007342967690235426,-0.0024538551442803915
F68_y_start,0.034679171748494705,-0.011292760524085106,-0.015056775616816388,0.04452357736344219,-0.009116977771998961,0.006259347582581757,0.000616540165128719,-0.0026927092927352464,-0.007319831875156472,0.004212941219554772
F68_y_mid,0.03396667501283864,0.006648375004407266,-0.02358214704595732,0.042273322227516175,0.009784779552064582,-0.009074321731299089,-0.00020894447893185565,-0.004267866318588355,-0.009854994959685443,0.008616671579141632
F68_y_end,0.032588499820350524,0.01734901616028665,0.00035424591027953235,0.04820229750317314,0.0018443712014794666,0.00857653177483856,-0.009475915887267188,-0.0024970287834844636,-0.01389349556989526,0.005981285311093322
F68_y_mid_minus_start,-0.0020210371389469614,0.0410049658037965,-0.01925073524316808,-0.005637434952200814,0.04316860381714722,-0.03500662265974151,-0.0018877801679285423,-0.0035578101095693183,-0.005691929861628176,0.009984737075840931
F68_y_end_minus_mid,-0.0035111277600677446,0.022601574230998362,0.05122050299100186,0.011857896882222529,-0.017025167180829942,0.03762701793059632,-0.019669053624983605,0.003832831405786995,-0.008403391565899032,-0.005743116764394649
F68_y_end_minus_start,-0.004740548151869215,0.0535604047072442,0.02903919140533965,0.005750806488286471,0.02061552884051199,0.004157096353260935,-0.018790455201892608,0.0004301235832912715,-0.01204953304484394,0.0031863006168466497
F68_z_start,0.0413264646085576,-0.013104700697075288,0.0007361710331068973,-0.011524079275988502,0.0057817945636731505,0.02502104372566562,0.003651729681330694,0.009081821870095265,0.03117148765366378,-0.014237922305265202
F68_z_mid,0.039091293979018435,0.005774180191634088,-0.01068396054126826,-0.01571421147441701,0.02161921644465758,0.017286369642255273,0.011113203666268784,0.01974669289719593,0.039612247072685805,-0.013353698882444325
F68_z_end,0.03945099368887302,0.011446886200671998,0.004738323650267183,-0.010671321708473278,0.013404409774559093,0.026291729839142856,0.01030201476839111,0.0075012937765537215,0.04932055892228127,-0.00904957744898942
F68_z_mid_minus_start,-0.004531652270916177,0.04147025279758566,-0.025154389069894152,-0.009341488678649309,0.03494875907013836,-0.016803478462088458,0.01647420778714719,0.02358372420735192,0.018893509843410677,0.0018127718531638288
F68_z_end_minus_mid,-0.0033189098570020653,0.014329672498210669,0.04183790010132503,0.015014563761813355,-0.024024160190519707,0.021861768772725974,-0.0033524657589840243,-0.03444919554908038,0.021278323358340092,0.01280859649793981
F68_z_end_minus_start,-0.007145234338247763,0.052605454751774326,0.008352493833511667,0.0026854234495403435,0.01556880966823017,0.000729960798694179,0.013690849613249104,-0.0040252926499338695,0.03571899287312146,0.012006058849551122
F69_x_start,-0.03877804704397141,0.003620799718260703,-0.018869679006970265,0.03349667607216296,-0.00012610736384990176,0.016004506249842038,0.004664248997595546,0.00377666968751183,0.019204731904420777,-0.007089709648676976
F69_x_mid,-0.03694613911415048,-0.010013280268715053,-0.01524066334785495,0.03220686232920874,0.016192257335837353,0.01397545846737142,-0.02042941929883793,0.0021009124592291026,0.01996132925853997,-0.005156155413053037
F69_x_end,-0.036423750559009205,-0.012114789627511483,0.00046107945592867235,0.03942719071425139,0.019330598236965233,0.00330230106082216,0.002406965999340741,0.00020084883046037215,0.02334370756284242,-0.009805685943105725
F69_x_mid_minus_start,0.010076705997514476,-0.032594976215772974,0.011339995857958467,-0.00801635864433404,0.03838627514614867,-0.007151882001963905,-0.05969384952612242,-0.004501924805399706,-0.0010784539435750025,0.005600980592389929
F69_x_end_minus_mid,0.0007370934030299016,-0.005819272966533568,0.04185943685461818,0.019954237188273324,0.008712639101340451,-0.028388631999707207,0.06091099115889247,-0.005060781992736844,0.009435288749141166,-0.01256918131225949
F69_x_end_minus_start,0.009103064017048633,-0.032016941834956396,0.04095864084049442,0.00813458375735582,0.03909747753533565,-0.02732049860482899,-0.005060368310894901,-0.0076088404952066166,0.006147908440124229,-0.004655986331263746
F69_y_start,0.034568305195597525,-0.011739600431968361,-0.015536958822859381,0.044556315741310186,-0.00837428950661368,0.006988488652416935,0.0009156353674939187,-0.004123707954090693,-0.007704706304574709,0.003853784843129399
F69_y_mid,0.0337984335413119,0.006381627686726146,-0.024139187881289118,0.042198731425676206,0.01091381236335004,-0.008383005996354243,-0.00018387808931720896,-0.004852770548447197,-0.009902474209288026,0.008864138174425428
F69_y_end,0.03235100230829193,0.01712290159062476,0.0005435593119938938,0.048562473805135044,0.0025423031394669585,0.009554337376651869,-0.009425044839330115,-0.002674700698643036,-0.014719776476281447,0.006362800815895661
F69_y_mid_minus_start,-0.0022140634969006843,0.04100968103121457,-0.01917515791107827,-0.005931242854450464,0.043593332593052384,-0.034745706439783246,-0.0024910960311577955,-0.0015862780399493025,-0.004847302224356221,0.011240485979470255
F69_y_end_minus_mid,-0.003597282080440528,0.022117598159227623,0.05151542118156927,0.012419969745357935,-0.0175207256946761,0.03727405653204782,-0.019123138074321637,0.004594312371098397,-0.009794111232227062,-0.005334771639209318
F69_y_end_minus_start,-0.00500083017931826,0.05321292461496359,0.029891099327809038,0.006133718374854388,0.020233263290099793,0.004512789075255662,-0.018975583191167125,0.0027673234721999783,-0.012647195321097633,0.004493631631252934
F69_z_start,0.04149028985152943,-0.012819172353646125,-0.0013258203872552894,-0.010038273137935271,0.0054670889721928325,0.024693818743755477,0.003250455451547976,0.0034851662822332646,0.030127639062624525,-0.018244991582256505
F69_z_mid,0.03939943752498729,0.005117617742516814,-0.011384545169247999,-0.014351697551450823,0.021658428896688408,0.015926804778027246,0.008577290365431187,0.013096032954549912,0.0432595948081431,-0.007613628404949611
F69_z_end,0.039704258105537765,0.01043813295543218,0.007137232859587615,-0.007096053611662515,0.015136365149282523,0.02368735924286857,0.010374817797712366,0.007924262840924234,0.04933504786076524,-0.007372021873262872
F69_z_mid_minus_start,-0.004463598989929248,0.039934988780522436,-0.02243581154008008,-0.00966636770566398,0.036130464464049675,-0.019430883863202325,0.011893616707202717,0.021447495274267366,0.029426588026471193,0.023618988245115043
F69_z_end_minus_mid,-0.0038341548431013914,0.012703481744217562,0.047629701152989784,0.019812211791126775,-0.0188307429352826,0.01754225841919176,0.003492957682016899,-0.014456363614451259,0.01014124132108654,0.0014921510473000638
F69_z_end_minus_start,-0.007402350778927512,0.0486023015592103,0.01738327467095802,0.006911114950906856,0.01922829872137537,-0.004290343526514658,0.014237953205062786,0.00873921427513028,0.036450096253637945,0.023832016497548233
F70_x_start,-0.03926107500634691,0.0037315784359951243,-0.018238644565382708,0.0335923132621923,-0.0011793763904685204,0.0142047203921677,0.004564377063536589,0.004748320205680514,0.016632823810876603,-0.0047407194127590205
F70_x_mid,-0.037785211102807345,-0.009664293827085679,-0.014550785679083385,0.03263773356206161,0.014562183729794865,0.011951723169587656,-0.019471945549231675,0.0009170355876848902,0.016354225109678794,-0.004678604652561095
F70_x_end,-0.0371672094091784,-0.011413446057182678,-0.00010338031284636676,0.039171974652762634,0.01805949729573953,0.002104064661821676,0.0017104774371992518,-0.0006696851730403456,0.019914088625413145,-0.009747391475027897
F70_x_mid_minus_start,0.009795373431974995,-0.033029674389457676,0.011820420417516778,-0.007634768784506165,0.038305362813238535,-0.007706637505977832,-0.058927687092351876,-0.010029971757203065,-0.00331036750479815,0.0009016544745440032
F70_x_end_minus_mid,0.001368944904552536,-0.005138089355428075,0.041416285084796105,0.01915662114021997,0.010221681034788141,-0.028208185003487714,0.06074369348122424,-0.004556021699893668,0.010421092814255352,-0.014636669616632797
F70_x_end_minus_start,0.00933970937981893,-0.031869253393420276,0.03991498382344738,0.007288565048062973,0.04003039826918251,-0.026892193413118777,-0.0064970511558990205,-0.011835603208123597,0.004683773405416098,-0.009774656940567769
F70_y_start,0.03134531366487736,-0.011518692745782351,-0.017262100697908858,0.048735661969137915,-0.008149512647238583,0.0061381069353858815,0.001437911356419472,-0.007422285180860697,-0.012625635059062952,0.005538173273447348
F70_y_mid,0.03085974222562892,0.005638936188501398,-0.025471674048784882,0.04546138403259215,0.011890936423023905,-0.009057205548995006,-0.0009715110799858573,-0.00803438727074589,-0.01593760725228584,0.012067997498730757
F70_y_end,0.029294326858227453,0.016051011945558333,8.697274588272977e-05,0.05237139827511365,0.002908023844415141,0.00965874040701323,-0.01049472566567371,-0.004021392371703943,-0.023157764742287226,0.008684183863846742
F70_y_mid_minus_start,-0.00123999910043887,0.03867950270933761,-0.018400639593533167,-0.007599464944003643,0.045153567007029986,-0.03423669286127315,-0.005430868082753164,-0.0013431959124849465,-0.007396805893857808,0.014674095448177285
F70_y_end_minus_mid,-0.0037430407193800317,0.020455167196914013,0.05103939520007654,0.01269664585571657,-0.018000326530761817,0.03717279989499885,-0.01879709244802359,0.00809872740176841,-0.013931179032279186,-0.0069404247373990105
F70_y_end_minus_start,-0.004454350231254812,0.05037189421945184,0.03193026526561504,0.005477322100836756,0.020284793571187048,0.006255999999376829,-0.021719541921104046,0.006352859125782903,-0.018848138375815185,0.005589078822937419
F70_z_start,0.040667223433151704,-0.01156459299330392,-0.00920586638769944,0.009168554363165467,-0.01212307238961974,0.006468522000937948,-0.006964790267067447,-0.0044437996085277525,0.026646511255295654,-0.026803730895420902
F70_z_mid,0.03924266461760834,0.007347599302569027,-0.015768566871097747,0.0039403206718365055,0.009599449189256802,-0.005884315230436524,-0.005447894910354984,-0.011844755625484246,0.051890228212814145,0.0015363410603664975
F70_z_end,0.038104913110004905,0.01472267161461833,0.012535072913422603,0.01641110046294334,0.00829258773435531,0.00025943099242544033,-0.0029293485502157857,0.004169795173018128,0.0479067032089811,-0.012315672077511178
F70_z_mid_minus_start,-0.004348329438543586,0.033345465415135916,-0.010961126013259012,-0.009493866275598194,0.038247027819534006,-0.021730110973353013,0.0029531660188582406,-0.012635228566367996,0.042566924289347496,0.0504056758636009
F70_z_end_minus_mid,-0.0029992290114656235,0.01240662647495682,0.04879522762980543,0.021206858168224034,-0.0024914688188498128,0.010657926834618818,0.004450669873776086,0.027687504199597486,-0.00820265340217292,-0.023714614502755204
F70_z_end_minus_start,-0.0062044883472891265,0.038637248792953854,0.03193290271173855,0.009883252805647775,0.030200851320340078,-0.009356628665079636,0.006251355577295153,0.012700692675149797,0.029028366416350614,0.022554565982499965
F71_x_start,-0.039377437792857184,0.0036318197257390727,-0.018032764971419386,0.0335164051894134,-0.0013735483879970406,0.013979743208705389,0.004639580154134505,0.005218863943477235,0.01609525656523786,-0.004027371016750777
F71_x_mid,-0.03796373850738428,-0.009580256838418778,-0.014411528953735079,0.03266299887591454,0.014332182750727332,0.011578899958687475,-0.01904476108904605,0.0008038201164911158,0.01555274714478822,-0.004884127497630218
F71_x_end,-0.03733734550498525,-0.01117396773054639,-0.0002730722761441229,0.03898774046487472,0.017906747952128044,0.002000466995284206,0.0016109255215284353,-0.0009655964661399555,0.019346076284199626,-0.009869952060652427
F71_x_mid_minus_start,0.009730955827363547,-0.03284312321301314,0.011718401001429981,-0.007428179467410809,0.038572575882608685,-0.00809193904288586,-0.05857719297309822,-0.01161372655855556,-0.0038911839039219094,-0.001450048937087764
F71_x_end_minus_mid,0.0015923856791408995,-0.004737977307086559,0.04138976314209576,0.01876832120383194,0.01058063188458348,-0.028028737885328583,0.060481687938883484,-0.005186360640754324,0.011230388900549577,-0.014660245157630945
F71_x_end_minus_start,0.009448296500385768,-0.03143551411000973,0.039507230884004436,0.007028792776428694,0.0404940704654089,-0.02688748445137283,-0.006943270310199177,-0.013618006509275903,0.004678784598775572,-0.011686227156266904
F71_y_start,0.029554899911623418,-0.011347708078390004,-0.017951098414849688,0.05056347874815707,-0.007690340907707804,0.006161508578595907,0.0019332106696670066,-0.00879631597535687,-0.015011613079562622,0.006649073750629239
F71_y_mid,0.02925714627220787,0.0051865419536715925,-0.026005700974019982,0.04683719635913451,0.012518560583356292,-0.008967754447055751,-0.0009967183811109594,-0.009720080131996902,-0.018999529558668817,0.013904669291010318
F71_y_end,0.02765026622940677,0.015405091198385132,-0.00018702530026220226,0.05393652061140077,0.003388081668683568,0.010027258912989178,-0.010609859201461474,-0.004550227423187095,-0.027227102972295907,0.009834710109778752
F71_y_mid_minus_start,-0.0007247441531093829,0.03711174671093313,-0.018033721361412836,-0.008456070295718524,0.045347760808310836,-0.03395008402611915,-0.006576186798995656,-0.002055294150265064,-0.008916907959089617,0.016263101793453773
F71_y_end_minus_mid,-0.0036904411625855358,0.01966667374408657,0.050468252352933535,0.012803928938264915,-0.01791355795682357,0.03692783854753879,-0.01857868453509755,0.010195320438124595,-0.015540146601108083,-0.008150549143398645
F71_y_end_minus_start,-0.00404250163765386,0.04864092568375888,0.03250796416051631,0.0050844808399990084,0.02020267401380822,0.006871279852433961,-0.022737045455690094,0.007861108727166366,-0.02180262852736807,0.005630708707107804
F71_z_start,0.035518476577815386,-0.009745313000478602,-0.012272817111893694,0.020389817553215943,-0.02292671654207721,-0.006764047831058881,-0.013122476771603492,-0.005736943199504847,0.022044121332219724,-0.027335601934663566
F71_z_mid,0.034362119074253974,0.008483343576780914,-0.016563742777888343,0.01564182011330728,-0.0003485204424368322,-0.020056658035773178,-0.013168809864358162,-0.024604857623857414,0.04974391183549234,0.004144902441874142
F71_z_end,0.03262189887139633,0.016630577936237574,0.013489943147342389,0.028161681377632083,0.001704795621356523,-0.014075479983496477,-0.011739515035474067,0.0007877926070270512,0.041658575570654444,-0.01562633762085601
F71_z_mid_minus_start,-0.004032868192586406,0.029578667345240797,-0.006062563938642074,-0.00880737467723927,0.03730723615092052,-0.020712143499174527,0.0007371940475908748,-0.0296381816565296,0.042669811113746,0.05173088348811728
F71_z_end_minus_mid,-0.0023719237702851345,0.012603886574142036,0.04606983317207159,0.01939146623468968,0.003154497491124476,0.009020289887600211,0.002081391641245101,0.03883092611558508,-0.011993259275951311,-0.030367456169779136
F71_z_end_minus_start,-0.005360386605820868,0.03520523522234638,0.034506314085789754,0.009364548747622607,0.033476617578416044,-0.00934837793508777,0.002392927335309873,0.008853167086005316,0.024909909505899486,0.01662696475190389
F72_x_start,-0.039346918585329925,0.0034563329832940064,-0.017964380142801366,0.03360682701566203,-0.0015913179591613075,0.013931659535524428,0.004664278830790635,0.005803774989610655,0.01608298435648691,-0.0036558902439117833
F72_x_mid,-0.037958472212272686,-0.00949337253926634,-0.014411728031229386,0.03283724203775177,0.014238660541600721,0.011352588203143789,-0.018802064081376208,0.0008997706529999254,0.015433295577277194,-0.00540386035061424
F72_x_end,-0.0373394732822409,-0.010892353920776846,-0.0003902629971537241,0.039017228930184576,0.01789655996791379,0.0019666420511083253,0.0015022866827666692,-0.0012338064405381223,0.019556459099901165,-0.010188931796218126
F72_x_mid_minus_start,0.009639463590810434,-0.0323050775471664,0.011558845213137166,-0.007212276217264667,0.03907305269003877,-0.008532287292960773,-0.058287125252827,-0.012946019170722326,-0.004141609554029077,-0.0037073908742588256
F72_x_end_minus_mid,0.0017500097117528212,-0.004163161994053198,0.04148662186489323,0.018370862386992003,0.010862262944608167,-0.027767354818952768,0.06008089785068613,-0.00631563762161615,0.012242535499044627,-0.014180573883643044
F72_x_end_minus_start,0.009480282727565858,-0.0305659070404328,0.039275448750661406,0.006850748450562381,0.04109803260282259,-0.026967736939071625,-0.007258326515131506,-0.0155417731415314,0.0051336568422028625,-0.013216573534230096
F72_y_start,0.027651363686365085,-0.011278061580916184,-0.0185611832144528,0.05216672702331099,-0.0069820260578037285,0.006587006213672951,0.002608770245688003,-0.010002884132570677,-0.017161802084865212,0.007766665144860703
F72_y_mid,0.027545008552942864,0.004649720327544019,-0.02647783101278414,0.04805534546448266,0.013335039828611641,-0.00849984579979082,-0.0007642450613619443,-0.011641534232120707,-0.021834308680075555,0.01563673266660019
F72_y_end,0.025918088079803395,0.014718690144531095,-0.0004483329205372829,0.055287748111773484,0.0042098559457723105,0.010721858008522616,-0.01046240039668426,-0.0051657441730204355,-0.030911160886465026,0.010708341514567059
F72_y_mid_minus_start,-0.00026562913453387376,0.03543863161908103,-0.017588792828667595,-0.009199435036819477,0.04519681566066099,-0.03356329253205962,-0.00750504614599522,-0.003634189209643098,-0.010374604272410748,0.017496537767935656
F72_y_end_minus_mid,-0.003551578446335338,0.01899042176205169,0.049749864735183495,0.012877055100854077,-0.01751005187914683,0.03654948441081373,-0.018354472442971215,0.01246339819840531,-0.01681800962265582,-0.009600966644472832
F72_y_end_minus_start,-0.0035788875413053376,0.046810622241719516,0.032796802314040356,0.004708762979564512,0.02018867931806002,0.007302690959953427,-0.023484267887337713,0.008844468477930603,-0.024363884880765314,0.0051429499766660015
F72_z_start,0.028973547251351282,-0.007705267494128012,-0.01343431892176161,0.028897525881768957,-0.031226577153172834,-0.017897303151860385,-0.018146794480240928,-0.0037837411690071943,0.018887058250572797,-0.025535607631611532
F72_z_mid,0.027678647588329067,0.009832686801120243,-0.01651032729910477,0.024788799396844433,-0.009271652188815224,-0.03210802338191778,-0.018673935729488177,-0.031094122965228694,0.04417984907741621,0.0029250575535529335
F72_z_end,0.026062754605352793,0.018579930425485922,0.01258995095003113,0.035955593784225005,-0.0053484515631754825,-0.024877072531544673,-0.019839796416960553,-0.0019849378591229837,0.034630697789159476,-0.018463961903596653
F72_z_mid_minus_start,-0.003978393904924556,0.028356872089940408,-0.00399249828067148,-0.008440959908516812,0.036930522192645386,-0.021375339781237263,0.00036710578188189663,-0.0431105806996398,0.03890505473687605,0.04688230678118236
F72_z_end_minus_mid,-0.0019732048138920936,0.013684905522669552,0.04460095539304603,0.017700426331434704,0.005880411148885398,0.010555809462878414,-0.002150590635066713,0.0443403662751015,-0.013906490744617821,-0.03295543796830097
F72_z_end_minus_start,-0.004987880593572803,0.03522542767851403,0.03510017888935396,0.008261600809262429,0.035593786261970885,-0.008582798543514819,-0.0015481393215447043,0.0025365051892940887,0.02018989813562947,0.010383887214314068
F73_x_start,-0.03924040688327578,0.0033703395863781847,-0.0180385061649517,0.033549471622531614,-0.00115845405508748,0.014660459167437061,0.004893182974197347,0.005901339258664884,0.016571891247256092,-0.004019111983086889
F73_x_mid,-0.037810420208272764,-0.009578333293785934,-0.014516805630213226,0.032757994589833014,0.014712414742311065,0.012004259557109202,-0.01868373979020572,0.0011354534335210524,0.01595994135686621,-0.005522896286524985
F73_x_end,-0.037190766712822156,-0.011029570229461078,-0.0003404290691178503,0.0389503892609082,0.018385741078243985,0.00255386230602769,0.0018424610527511558,-0.0012102160691297606,0.020223445499271648,-0.010220144543052891
F73_x_mid_minus_start,0.00962911251707609,-0.03224403399528717,0.011442660557732085,-0.007176590553776748,0.03905664130163072,-0.008795218587474774,-0.058515741557930726,-0.012595401363578904,-0.004086237394541395,-0.0030560497099709266
F73_x_end_minus_mid,0.0016153642035350178,-0.004307342088280207,0.04149888671503681,0.018335999042698295,0.010851699726643207,-0.02765197236083055,0.06009937107965672,-0.006873306021673004,0.012589234278681336,-0.013805570981042974
F73_x_end_minus_start,0.009355013973980158,-0.03054071909719717,0.03933120363938374,0.006956821170348349,0.04100987402847216,-0.027204889927131153,-0.007010218520888173,-0.01563028189609833,0.005493032328838033,-0.01244495409117634
F73_y_start,0.027248285840184273,-0.011427981361277866,-0.01850593300355507,0.05274785909507463,-0.007468712502097447,0.006230328923302095,0.002232009467856347,-0.009314005732891031,-0.01676605029688788,0.007772580285278889
F73_y_mid,0.02705959725579938,0.004763606640847341,-0.02650871456555112,0.0487543957149303,0.0129426157538274,-0.00897442398287739,-0.000609364173480613,-0.012640948662475749,-0.021636558913280948,0.01486387829217951
F73_y_end,0.02551902275925625,0.015164269353305487,-0.00039958355489306494,0.05576433130094557,0.004193651363845252,0.010423423303631498,-0.010708100266393834,-0.005814280822337153,-0.030176080381227106,0.009493202161479445
F73_y_mid_minus_start,-0.0005529688388638038,0.03603370438353914,-0.0176913350490143,-0.009132282727475917,0.0453905188351427,-0.03381545746801742,-0.006324470411356475,-0.00734674820915128,-0.010739977365797168,0.015718690220788662
F73_y_end_minus_mid,-0.0032800409191691177,0.019726409926599738,0.05001600677574016,0.012707972803406005,-0.016812332473522755,0.03702125450881029,-0.019205558220473644,0.013151163494617478,-0.015967858425500643,-0.010409727770586154
F73_y_end_minus_start,-0.003524742173135874,0.04765272800453012,0.03261852783247859,0.004536955181166381,0.02093818090065367,0.007384852718942103,-0.023134894662419976,0.006396937729972843,-0.023668435127823535,0.002946527412718118
F73_z_start,0.03408005787422139,-0.010481852432153306,-0.011085907718686262,0.022663124416816286,-0.026159672908643024,-0.010022689771282888,-0.015690982280382085,-9.471893087237897e-05,0.025132592175022846,-0.02590902655015519
F73_z_mid,0.03312902681763065,0.01004151007298892,-0.017516456170400867,0.017957080329451043,-0.0030234704783866683,-0.023847061310494265,-0.013684741924393994,-0.022660842958109204,0.04882958808658839,-0.004817691990388086
F73_z_end,0.031492128488721814,0.01900710523297564,0.012440526585230356,0.02843644602975792,-0.0014855114588389897,-0.015232481679229385,-0.01563025916524293,-0.0012070908813975579,0.04385352255942272,-0.021344185629922442
F73_z_mid_minus_start,-0.004140235984951573,0.032632946130486666,-0.009100655372136533,-0.009067687823728595,0.037909534338622784,-0.020644885244110896,0.004337336880409788,-0.034972003269579284,0.03476625725044332,0.03472020720808155
F73_z_end_minus_mid,-0.0017055102018616773,0.014373524311329539,0.046684660946888556,0.016963834671772756,0.0023409201303196342,0.012930585212620069,-0.0034213767588258588,0.03316747217138517,-0.006547961618981987,-0.026135256306079487
F73_z_end_minus_start,-0.004893660952769085,0.03935154829702194,0.031513140211198845,0.0066307891204477635,0.03368168365282607,-0.006436479991576451,0.0007615781762623919,-0.0014631187729820109,0.023601594774425763,0.007146351550358753
F74_x_start,-0.03905778633524351,0.003300648131837449,-0.018163744962559392,0.03353372162753954,-0.0006993404814265423,0.015513640485058875,0.0051192478209366316,0.006034162805402974,0.01729680766709475,-0.00457242626657217
F74_x_mid,-0.03755793128172384,-0.00968326171052334,-0.01466840314734397,0.032718387990222135,0.015251871543395143,0.01279692133035617,-0.01867902528392752,0.0015634833207212545,0.016808586984828157,-0.005713972919988767
F74_x_end,-0.03694412370953388,-0.011217638516456683,-0.0002590641006135329,0.03896704671199964,0.018920271936325055,0.003189550267911962,0.0022450079124295206,-0.001105721454891902,0.021263969626019605,-0.010262868881902565
F74_x_mid_minus_start,0.00965309625502459,-0.032144381152547356,0.011306552157704684,-0.00713676588954759,0.038975204319778335,-0.009002307722589272,-0.058774687365303085,-0.011820279059923436,-0.003846054533173211,-0.0020793419062235187
F74_x_end_minus_mid,0.0014520410689507523,-0.004505299857152376,0.04141655718476253,0.018290791640945162,0.010704532601907422,-0.027588826302386005,0.0601638079737604,-0.007681810120576222,0.012986476699741342,-0.013162276095638747
F74_x_end_minus_start,0.009242389277370052,-0.0305392448865528,0.03941473651270073,0.007106199006029021,0.040802282095657554,-0.027504205329465726,-0.006601201343040013,-0.01556717269804915,0.006082293289304976,-0.011240525489575982
F74_y_start,0.026863318050984703,-0.011640025657187442,-0.018377579070419117,0.05319673149430276,-0.008140303032761701,0.005719377265503264,0.0018305159297362533,-0.008328552645950456,-0.01618866129807046,0.007687518915173815
F74_y_mid,0.02656805317918178,0.004962256279257725,-0.026488500385183567,0.04936915305168742,0.012389315476651737,-0.009755042126368496,-0.00043365382621365483,-0.013549590379386797,-0.021389763436327498,0.01377315383300963
F74_y_end,0.025114417400639587,0.015817428346254415,-0.00030710611026799924,0.056075249629775996,0.004057072054724136,0.00993569997522819,-0.011101684917692792,-0.006628968568008657,-0.029280022725399122,0.008018828294610456
F74_y_mid_minus_start,-0.0008689983346879036,0.03660146000453856,-0.017684518729626876,-0.008851507583505402,0.045208529493656384,-0.03407300555104702,-0.004993586583299791,-0.011412247520859734,-0.011304113833166459,0.013318627211883843
F74_y_end_minus_mid,-0.0030065379139398874,0.020589615035159523,0.05001183889891704,0.01229586812454513,-0.01595254804292512,0.03752027301478752,-0.020275335471451453,0.01327976118258513,-0.014803075824064111,-0.011064746842458884
F74_y_end_minus_start,-0.003480819604459645,0.048476551779014464,0.03206497414115225,0.004263144931116915,0.021579338522628447,0.007331011780803524,-0.0227770404934822,0.0031151351208618273,-0.02278585465416598,0.00046712849293373954
F74_z_start,0.038070635719168036,-0.013022745531309365,-0.008422091186477179,0.015406932896326738,-0.019402394787127745,-0.0007921693430257986,-0.012575350856446023,0.0031955905114776197,0.031940797769868245,-0.02651805750999074
F74_z_mid,0.03698331494849419,0.009790523151248889,-0.018161416452168098,0.009779843627085776,0.003981696593363302,-0.014257434064011285,-0.007978962069158501,-0.01329639820702536,0.052289260814145026,-0.011771242209579045
F74_z_end,0.035615955348701794,0.018816225949918792,0.011877661463650512,0.019773368330972794,0.0029322429256690877,-0.00428541747508048,-0.010678592909909811,7.610975985033018e-05,0.051788222857159026,-0.022754388170195688
F74_z_mid_minus_start,-0.0043638077326786226,0.03669708748553781,-0.014690331399049345,-0.009903092329792744,0.038037981471112585,-0.021068042957135935,0.00808850114004406,-0.026094578739520372,0.029691115612254314,0.024985251694037522
F74_z_end_minus_mid,-0.0016273078859476613,0.015027168306880685,0.049156471758930245,0.01662062488053878,-0.0016608491028558584,0.016179500107040883,-0.004579943025028582,0.021795044645566544,5.753513957291384e-05,-0.018283768475066416
F74_z_end_minus_start,-0.00509475097923055,0.043954047410233246,0.02802951194767923,0.0052365874758894294,0.031305767272474416,-0.004720244015350582,0.003161583715407988,-0.004394832126085647,0.025555831502819457,0.0063454600859852335
F75_x_start,-0.03872834774034153,0.0032524470509848434,-0.018355532580208875,0.033567002597212195,-7.956175325948185e-05,0.016755572090831138,0.005435147298518552,0.0062384037342229515,0.01846067765847505,-0.005314285292629877
F75_x_mid,-0.03709695901100933,-0.009841329556105309,-0.014946099358832137,0.032702500121726055,0.016052039497722017,0.01398950504843841,-0.018743840583163095,0.0024235724693229517,0.018183301004698556,-0.005944804463816439
F75_x_end,-0.03649798730640582,-0.01150793741539261,-0.0001655883443107902,0.0390968740832017,0.019654555795425688,0.004097920215514021,0.002887426370457162,-0.0007458154878799067,0.022940775633441903,-0.010259712629492058
F75_x_mid_minus_start,0.009736947491130112,-0.0320314597574471,0.01096573386956107,-0.007115588631222132,0.03887405193698627,-0.009175927415201856,-0.059063754382285685,-0.01012555651599272,-0.0034361621094303927,-0.0007221542630163917
F75_x_end_minus_mid,0.0012713465198760166,-0.004774868075113205,0.04122767820593625,0.018264682437382197,0.01026414834310797,-0.027547227346303764,0.060370930542714266,-0.00884901059289829,0.013521812665264945,-0.012148507012290307
F75_x_end_minus_start,0.00918041072011694,-0.030634227653951168,0.03945986631573544,0.007336278190917994,0.040448758032751365,-0.027932607606917095,-0.005867767436978663,-0.015054683650463684,0.00698322229695861,-0.009501629364342503
F75_y_start,0.02644604103053232,-0.01170712507652329,-0.018166504581944142,0.05365512259633528,-0.009091323569979817,0.004920817154061723,0.0013729448864893384,-0.007004453716280861,-0.015574082208593182,0.007594581431029563
F75_y_mid,0.02606002215212369,0.0052169623822510966,-0.02629004359374273,0.050058896664246656,0.011464379007264757,-0.010847876765768805,-0.0004016632995981958,-0.014251809496751955,-0.021244198736005627,0.012619484092546093
F75_y_end,0.024698015185799404,0.016533208812892674,-0.00024267883447607767,0.056322105301184505,0.0036193157027442214,0.009084002592385237,-0.011608471022398717,-0.007413833643097818,-0.028384285859009824,0.006474137438176461
F75_y_mid_minus_start,-0.0011334367657632894,0.03689044006159997,-0.01744204612116195,-0.00840964447597974,0.04474928890500113,-0.03430517847454759,-0.0038698405312981945,-0.015663442775976578,-0.012142022234536037,0.010829595311764102
F75_y_end_minus_mid,-0.0027318065496482035,0.02149558150927475,0.049685373724528546,0.011641534555257254,-0.014983683935795257,0.03796984413343761,-0.021313521173572502,0.013083278079862773,-0.013465539987148067,-0.011757029690877503
F75_y_end_minus_start,-0.0033917315676534527,0.049041915823972985,0.031275005251384554,0.00387326966959763,0.022126103177477863,0.007137724741091545,-0.022487912603697025,-0.0006115957833670223,-0.021956929727944878,-0.002044472886323133
F75_z_start,0.03994085543886332,-0.014359607264019003,-0.006217375152781154,0.009965535774577951,-0.014365085558562812,0.005445744601401407,-0.01011459408172623,0.006049663821076349,0.03585322892476862,-0.025744585720527104
F75_z_mid,0.03865515325521348,0.009665419683723862,-0.018153998654851372,0.0038750426557645655,0.008597287680739871,-0.007642915218589985,-0.0036396542241823324,-0.005509625392623948,0.05255457595219021,-0.01622706639188779
F75_z_end,0.03763234319903256,0.018593605482852205,0.010926920551531666,0.013192963487376592,0.005448026056646785,0.0035255217012306753,-0.007126545989913886,0.0013494024016246012,0.05545107316187774,-0.022778217552702307
F75_z_mid_minus_start,-0.004350571869090476,0.039327890385864483,-0.01877419503283619,-0.010332521743149447,0.0376251036748423,-0.021289248831556373,0.010957215564209288,-0.018872772615712123,0.024711392560250876,0.016729656590759968
F75_z_end_minus_mid,-0.001711807875519842,0.015486443170885449,0.050364711088384556,0.016152724976662373,-0.005443756146100222,0.019341359797705873,-0.00604799913431328,0.011877100359213492,0.005101585458304104,-0.011377658097645753
F75_z_end_minus_start,-0.005260738250226211,0.047565539888800926,0.02468444652402982,0.004095267415748702,0.028882663329032814,-0.002999998783691235,0.0047495405842115646,-0.006982688417658795,0.026089113101152858,0.005492918724375368
F76_x_start,-0.038312432125470884,0.003225284232773387,-0.01857669304418261,0.03351133971320716,0.0007079269747998253,0.01830392116745268,0.0058080841416748115,0.006406864321010668,0.019984701575917568,-0.006163529802929618
F76_x_mid,-0.03648141671298098,-0.010044864817026959,-0.015325044033273215,0.03251585404440561,0.01712891913217937,0.01556701728474237,-0.018841923912469943,0.003739000508732133,0.01998944990740211,-0.006280618680816048
F76_x_end,-0.035916085931171925,-0.011940334548273514,-5.54155354758759e-05,0.03915505664236983,0.020576420581696144,0.005268134443143053,0.00375324040285079,-9.275929100499516e-05,0.025128703941020236,-0.010184734837976942
F76_x_mid_minus_start,0.009908945508210785,-0.03194938395157611,0.010412339202384666,-0.007229411182302594,0.038852821913592774,-0.009151582633190597,-0.05932109090429448,-0.0072596477507873925,-0.0028916865015323604,0.0006175351853108152
F76_x_end_minus_mid,0.0010701414270615282,-0.00524146069134664,0.0410221705406698,0.018325772675579177,0.009518976490398031,-0.027602818609248344,0.06075028206302811,-0.010295433834379171,0.014120847507888296,-0.010615891005833695
F76_x_end_minus_start,0.009186498811502668,-0.03095855157948632,0.039471633099935656,0.007577382705703287,0.039998363299390896,-0.02837529451789451,-0.00480487960546971,-0.013838929797928771,0.008106085106763578,-0.007411364194949105
F76_y_start,0.026479241215545762,-0.01169501398937733,-0.017815486315163526,0.05368371530594034,-0.009707859351774126,0.004553764154450342,0.0011851668570383202,-0.005526503735801162,-0.014986595362346625,0.007689410741747772
F76_y_mid,0.026025495818904645,0.005439302227887702,-0.02592762859217717,0.05035385854680563,0.010670831252213171,-0.011448970675154825,-0.0001861822050933996,-0.014268967755094637,-0.021080441660056244,0.011890201773702433
F76_y_end,0.024756319262243788,0.0170929754036338,-0.0002581617043419299,0.05614289743839441,0.003211392861081386,0.008574363537385228,-0.011733508203108053,-0.007769997091894822,-0.02740740397008184,0.005444962119076792
F76_y_mid_minus_start,-0.0013252729088684201,0.03705763409899222,-0.01723781950105249,-0.007877375261573059,0.04401926080634511,-0.03452657951050141,-0.002969190954999802,-0.018756912134356866,-0.012927985998723388,0.008946619384150601
F76_y_end_minus_mid,-0.0024837958792774248,0.022284815865946214,0.04916751265115386,0.010968436733963218,-0.014294564229577433,0.03833413463382901,-0.022092557338861302,0.012464625256492693,-0.012060091729281403,-0.012356747800994819
F76_y_end_minus_start,-0.003283096743445305,0.04951971799629046,0.030333629728473352,0.003552640602446395,0.02227833105420362,0.006839382926529722,-0.022171743880211592,-0.003779383005366098,-0.0211174736063883,-0.003944768331361459
F76_z_start,0.040891117911294066,-0.01523357063775608,-0.003807777661779249,0.005491666330164205,-0.010606580580944497,0.009842963120204754,-0.008211037103044095,0.010587135966072742,0.0390283486407999,-0.02331196291940067
F76_z_mid,0.039471953545615536,0.010170413095672513,-0.01795622606031305,-0.0008578943607204397,0.011835415162480063,-0.0030118290061796936,0.0005178121310785652,0.0035383291536308613,0.05055863628036058,-0.02107738338969131
F76_z_end,0.03876422155215003,0.019202745267356974,0.00918589202756388,0.0071177910624300456,0.006156318520279768,0.010294302998892285,-0.004737755299706416,0.0028091995699558517,0.057117015298060396,-0.022678679611877844
F76_z_mid_minus_start,-0.004016145852314246,0.04170635483105711,-0.022710192879306285,-0.010495158865242857,0.03672352412053583,-0.021193928899294192,0.014455734480908313,-0.011840062911685597,0.016994716322447916,0.004593903889167341
F76_z_end_minus_mid,-0.0019923111955292305,0.0163662095941584,0.050035752646936264,0.01462506048744386,-0.010611678478105669,0.024427396316847864,-0.009636327046056036,-0.001398006360463839,0.011122364153432613,-0.0025616803771688385
F76_z_end_minus_start,-0.005326716338167837,0.0518202245731245,0.019449788511784086,0.002116466598558075,0.025394866352576165,0.00014471828133779806,0.005581857848975805,-0.01208467086800794,0.02471713758116248,0.002178716376710533
F77_x_start,-0.03786333666074112,0.003233005777994174,-0.018781579829008188,0.033293509983415306,0.0016181623078994763,0.02000020029461013,0.006211011369881706,0.006442471260259132,0.021675276225092088,-0.007077348451818507
F77_x_mid,-0.03577195508143522,-0.010275679496785222,-0.015740313979400535,0.03206966304433066,0.018427973228076336,0.017368375360427964,-0.018952006566984366,0.005417503176409411,0.0219789308635354,-0.006683548648576449
F77_x_end,-0.03528606260524349,-0.012494907977738338,4.068183638630456e-05,0.03900567242143329,0.02159948616236076,0.006589832587717386,0.004776064184561626,0.0007523768822182261,0.02745708483429413,-0.009935288521551256
F77_x_mid_minus_start,0.01011397106152785,-0.03191451352089166,0.009684661959088414,-0.007460438943329632,0.03893243113326322,-0.008899640939813463,-0.059474225358138746,-0.0032795305812770128,-0.0022937089241213985,0.0018972000007491706
F77_x_end_minus_mid,0.0007973581148589834,-0.00589270472285535,0.040752041306967655,0.01841654862475435,0.008469815272011344,-0.02774818486540224,0.06133527697294881,-0.012037076958355292,0.014502215565037306,-0.008525797961633375
F77_x_end_minus_start,0.00918711182993509,-0.031572904912917095,0.03938773762126912,0.007761548995135353,0.03949589344536925,-0.028774256525657498,-0.0035165543267584387,-0.011989377012840268,0.009148787549435086,-0.004913181647650124
F77_y_start,0.027077279146359212,-0.01155333610719181,-0.017336704582659682,0.05325960964385051,-0.009910125759470532,0.004629924984532901,0.0011908678612973476,-0.004049286590157406,-0.01438130571347652,0.00795404654731686
F77_y_mid,0.02660930104728914,0.005641258290002856,-0.025476291888976158,0.050166218455118726,0.010047976810517004,-0.011413650531250477,0.00022081523054429795,-0.013491850430325204,-0.020742471397299785,0.01160901694193918
F77_y_end,0.025422813365897187,0.017389581983137933,-0.0003831693037542306,0.05554940692590626,0.0028908832746610655,0.008457576147088152,-0.01138181601389089,-0.007549899583955689,-0.026161235809085685,0.005105630087620699
F77_y_mid_minus_start,-0.0014208139195383913,0.037249521447207196,-0.01728636950818595,-0.007479732469062429,0.04318302040437956,-0.034662481355813395,-0.0021096724128348526,-0.02029783420502902,-0.013496803126262035,0.007759634139576202
F77_y_end_minus_mid,-0.0023062148780998303,0.022825233428326968,0.048753624649183855,0.010456896014493199,-0.013905680310766248,0.03860762464428562,-0.022542397948330236,0.011544950243005702,-0.010527148880131891,-0.0126356741754597
F77_y_end_minus_start,-0.0031800109292067693,0.04999948044820969,0.029416363063173127,0.0032955692475903236,0.022172494682364915,0.006537312546578754,-0.02167292531034552,-0.005981013183425395,-0.020117537032507182,-0.005003762438410955
F77_z_start,0.040941656385798275,-0.015629565432527897,-0.0019112134624619422,0.003593993293553215,-0.009697352984599832,0.010910202102975117,-0.007687727386000418,0.01537368998382338,0.04068761683357609,-0.02040445465287858
F77_z_mid,0.03954519909862404,0.010860802692603323,-0.01752488295156244,-0.00273289641958829,0.012467869678755114,-0.0014292917969121494,0.002987717529131797,0.009878968412071618,0.0480121600905228,-0.026220219427210728
F77_z_end,0.03886778906315604,0.02013413080246148,0.007278471886990512,0.003453717671604915,0.005077025761787974,0.013418995039011972,-0.004501896200768535,0.002888583016079262,0.05765367869725905,-0.02390000006124673
F77_z_mid_minus_start,-0.0039114213849962476,0.042678331611898275,-0.024694293418670018,-0.010187425981422853,0.0355701313323256,-0.02003035787433284,0.017256622870161657,-0.009354959136524036,0.009936289271280608,-0.008382475955540425
F77_z_end_minus_mid,-0.0017901051955619383,0.017398493759887737,0.04713513231404685,0.011735666690197953,-0.014138467246033825,0.028100362441729723,-0.014203257027456881,-0.013347776989878745,0.017616699531095976,0.004725591846188342
F77_z_end_minus_start,-0.005112411288275856,0.05410026577043204,0.013797521213303278,-0.00038649095696705873,0.022509301904002667,0.003202712291546292,0.005129854728667626,-0.01937570356847007,0.023291569688255215,-0.004205688768668859
F78_x_start,-0.0376230054733921,0.0030610313390274377,-0.018783374412080067,0.03226990246818927,0.003040567814957045,0.02222069190594876,0.007003893353848375,0.0065158634467135925,0.023273513943602765,-0.007723044326233561
F78_x_mid,-0.03526541493405565,-0.010638766942734999,-0.01595237158510742,0.030739143337874884,0.02018027323444849,0.019674355561050322,-0.018522942772647787,0.007348546324853585,0.023588978432358833,-0.007308627690705366
F78_x_end,-0.03489838999558367,-0.013208647962933522,0.00012533376594978771,0.03787050233881234,0.0230058664064721,0.008558293608303142,0.006134827668541854,0.001499137820607836,0.029558233112846145,-0.009703055357124941
F78_x_mid_minus_start,0.010211113540520688,-0.03189051961135208,0.008900997969751691,-0.007628372204024618,0.039023254229692744,-0.008684086028910203,-0.059587160588021784,0.0010850393307031455,-0.002237816572163239,0.0019361915688495901
F78_x_end_minus_mid,0.0006403864731956896,-0.0065602354438769415,0.04037704409934098,0.01821430716350566,0.007281384866844902,-0.02784683947924151,0.06197265497413726,-0.014677568202577046,0.015228900461212835,-0.006091358898988286
F78_x_end_minus_start,0.009208446798419803,-0.032319971544262645,0.039119866421166216,0.007717065190462585,0.03896613349476827,-0.029150551596366904,-0.002426103321810276,-0.010535753659372182,0.009983137693051957,-0.0031052412676759
F78_y_start,0.027938878470446293,-0.01130158034928029,-0.016773165742677513,0.052555733978937376,-0.009825223370984156,0.004985488053340457,0.0013480214182517516,-0.00271186859567064,-0.01399318524559166,0.008323976668939382
F78_y_mid,0.027508154192161044,0.00585873946276966,-0.0249647500800486,0.049617332662924014,0.009618201010169334,-0.011050480167183057,0.0007292217003910053,-0.012138537010200227,-0.02055579606828809,0.011735467072572088
F78_y_end,0.026381670376788943,0.01747408832343796,-0.00057701018010496,0.05467873993939555,0.0026479919470256703,0.00855835084354679,-0.010758929247511715,-0.0069970839437469646,-0.02508185270546763,0.0054010937202928055
F78_y_mid_minus_start,-0.0013572240818152663,0.037398544145201607,-0.017516945265788612,-0.007169905225947912,0.04232915729352757,-0.03486379686716127,-0.0013628212837457309,-0.02040912709361636,-0.014025129129890535,0.007274899268579294
F78_y_end_minus_mid,-0.002231938081844642,0.023074022165444533,0.04843877720170279,0.010064323772763404,-0.013843669829534923,0.03894881310915959,-0.022819986302864418,0.010210493237139729,-0.008994860251087743,-0.012580201626073196
F78_y_end_minus_start,-0.0030585718321480522,0.05045264706094408,0.028521959492041955,0.0030808751099986385,0.021928588932157496,0.006187580710929378,-0.021186298535722844,-0.007460508703245221,-0.01922143169295572,-0.0052109290509283965
F78_z_start,0.04078198761729333,-0.015835318574503512,-0.0002483352478627106,0.0026307990465891684,-0.009854488832625005,0.010644689294430442,-0.007620438725683939,0.020050540397730958,0.041329168468023564,-0.017028513504866616
F78_z_mid,0.03947206044134124,0.011519723633310646,-0.01683187649177713,-0.0036230145600319257,0.012228191086060295,-0.0006275869245083683,0.004870522311278518,0.015467508065066395,0.0450544613570771,-0.031271548891496546
F78_z_end,0.038699081020228954,0.020961793338828732,0.005393975845609719,0.0007086691492343359,0.00343596310868808,0.015081080843706077,-0.004745682404479198,0.0024563290167292605,0.05771337616371255,-0.025478744454663686
F78_z_mid_minus_start,-0.003868223626568058,0.04295737981781497,-0.025596545557169982,-0.009775991937318684,0.03454531785740938,-0.01788799048492487,0.019632991250773547,-0.007984305864705544,0.003882243828778661,-0.021223069736344222
F78_z_end_minus_mid,-0.0013329651105347038,0.018243286714387047,0.04276862624615078,0.008333984895791947,-0.01689653112649368,0.030272538278562428,-0.018513791448739936,-0.025014772506497973,0.02457625497865929,0.011040155670440763
F78_z_end_minus_start,-0.004709985961183916,0.054939777138644105,0.00833678199571185,-0.002942185137901649,0.02000914290227417,0.006120107325181212,0.004548225539377137,-0.02676959217600734,0.02252149169732026,-0.01178755509168858
F79_x_start,-0.037473320590498974,0.002778679803380356,-0.018687797249650195,0.031011878184718424,0.004557563637062996,0.024371974697340218,0.007843269718392342,0.006423228690040475,0.024668253567514124,-0.008300496318947198
F79_x_mid,-0.034869169659631646,-0.0110266646593847,-0.016062979139801894,0.02917653548861631,0.021916191087297827,0.021900549557596145,-0.01786241545649624,0.008893712174251915,0.02490209315620018,-0.008026928459071214
F79_x_end,-0.03462115402365891,-0.013856848779872156,0.0002011699534063277,0.03644169236856024,0.024441956877193666,0.010611256731486546,0.007449732761646348,0.0019662752137222174,0.0312777430037314,-0.009612024336717994
F79_x_mid_minus_start,0.010215760715136286,-0.03185347475615459,0.00812400514520535,-0.007723769951815385,0.0391353116334071,-0.008420807521583609,-0.05961541670066804,0.004912235483138146,-0.0022746048383397604,0.0015700573734558775
F79_x_end_minus_mid,0.0005477965258715099,-0.007002803496019254,0.04009682404613795,0.01797798104232507,0.00627177096288348,-0.027812297788866958,0.062416430090179005,-0.017074786378540756,0.015775562116548958,-0.003925450034471937
F79_x_end_minus_start,0.009202101619754703,-0.03290298791133049,0.03885499776467127,0.007667371293925557,0.03857050617740591,-0.029341498852836347,-0.0015269379583599206,-0.009361864249969444,0.010592216112304145,-0.0017740479335856957
F79_y_start,0.0291487803515923,-0.010970731165177192,-0.016171714097251086,0.051394079375660706,-0.009340700261560062,0.005663044757607711,0.0016554857482875324,-0.0016601553465689994,-0.01358053782503178,0.00867926455077981
F79_y_mid,0.028772280255503057,0.006008400720531479,-0.024443999325639627,0.04857415803608621,0.009429044467374038,-0.01014564831930594,0.0013165171595104258,-0.010132970510224111,-0.020196198930389958,0.01208564069907422
F79_y_end,0.027698289097376358,0.017282282543175227,-0.0008394473106664191,0.05342261362883293,0.002523824226866755,0.008986583373252793,-0.009821258600638153,-0.006058812044894656,-0.023865056108830367,0.006278834731652634
F79_y_mid_minus_start,-0.0012510226445532223,0.037624419617307496,-0.018020528768241013,-0.006963399209143725,0.04155209679639342,-0.03496520180912692,-0.0007718371315338895,-0.01867223112950508,-0.014402368656485037,0.007391402164726835
F79_y_end_minus_mid,-0.0022494188226105283,0.023065302024430117,0.048358470769210404,0.009837777758621023,-0.01415072108981021,0.039178886850913926,-0.02279972644392616,0.008357204964936304,-0.007473729899228763,-0.011907148483726256
F79_y_end_minus_start,-0.0029938115261830328,0.050904603667683825,0.027760746629209722,0.0029604833663656087,0.02143978956959271,0.0058956197807402445,-0.02064084306063347,-0.007880416726085382,-0.018296168010720683,-0.004428047550314745
F79_z_start,0.040087263117333544,-0.015806571983243516,0.0009765447042785681,0.0041460080491421206,-0.012878188667548567,0.00738793612336241,-0.008881544849342941,0.02555946832097647,0.04106201551463483,-0.012815399787658397
F79_z_mid,0.03911395391036851,0.012519811789720609,-0.016236633360128004,-0.0020262877867751493,0.009907837718602595,-0.0025407202938225334,0.005450508783924081,0.019664149338748247,0.04187499654164558,-0.03737671338327932
F79_z_end,0.03802010120701947,0.02241867389328648,0.0033481883986555085,0.00024122657820354975,0.00015902985192706553,0.01378333323870003,-0.00684317961644471,0.000891538041719835,0.05750482248886333,-0.028867989509613792
F79_z_mid_minus_start,-0.003811511492887045,0.0421561281885246,-0.025101523374630598,-0.009227720824567883,0.03392056474002479,-0.014886512971107704,0.021382195234510574,-0.01010433743212432,-0.0012709147339081686,-0.034968051228928876
F79_z_end_minus_mid,-0.0005754886945267567,0.01925290266713532,0.0365201779355649,0.0042226643007863916,-0.018108815159728495,0.030861040752885826,-0.023105978082725187,-0.034848473419221704,0.031246620562050888,0.01470429812823821
F79_z_end_minus_start,-0.004016527669811382,0.05393302590073301,0.0032913428230360656,-0.005580329071187514,0.018604469940653744,0.008742168275107586,0.0031013544018864414,-0.03523524702283607,0.02185776827228201,-0.022103640421965644
F80_x_start,-0.03748045422943493,0.0024179447259258724,-0.01846766175400284,0.02955009539691943,0.006048877651640508,0.02623735562307129,0.008673080439926886,0.006194941475228044,0.02563182505514639,-0.008693217245219698
F80_x_mid,-0.03469938315943942,-0.011399941499035955,-0.01599841699569929,0.027473307871070243,0.023456156841975686,0.02380679986750159,-0.01700549320737475,0.009895460376650752,0.02565778683631191,-0.008673348391412131
F80_x_end,-0.03456133032418665,-0.014382052133417296,0.0002505189678316326,0.034757069539473,0.025730988509011198,0.012522572676180925,0.00859670595125785,0.002107473687669066,0.03228060973360662,-0.009602226881633884
F80_x_mid_minus_start,0.010113156592046452,-0.031853125646250924,0.007497061565371484,-0.007708327456265627,0.03921724309352244,-0.008186115350175868,-0.059612784117069245,0.007845701522254578,-0.0025057465390779963,0.0009154392983975692
F80_x_end_minus_mid,0.000508638542154539,-0.007244538886878127,0.039858272278507766,0.01769650458093917,0.005453726964668296,-0.027742401111293058,0.06276127437162808,-0.01911471117445843,0.016087366912284976,-0.0022313604464202987
F80_x_end_minus_start,0.009148320327788553,-0.03336105532751465,0.038596647928864955,0.007599723054294861,0.03828107246480646,-0.02942879839861346,-0.0009350280214863548,-0.008623845020846517,0.010798424274952787,-0.0010070786841872268
F80_y_start,0.030480612758450962,-0.01056713403788106,-0.015546409477363505,0.04990610315796369,-0.008621385605395021,0.0065288321886755865,0.0020486126499825413,-0.0009392688051907249,-0.013090440623333121,0.008891352351734876
F80_y_mid,0.030136865571801053,0.00606605166459741,-0.023905687960538307,0.04719563777483581,0.00940702597634429,-0.008930813650650364,0.0018628288256249737,-0.007834713583319998,-0.019568788941703268,0.012472790747505267
F80_y_end,0.029099460291481704,0.01687537020683557,-0.0011572343789168558,0.05190864162594603,0.002495571238541276,0.0096113265579478,-0.008753627230589985,-0.004942709321962146,-0.022639778889147047,0.007523372413010357
F80_y_mid_minus_start,-0.0011140084087995583,0.03776016169044384,-0.018747033136925335,-0.006684452026741297,0.040896337219910824,-0.03505972368988635,-0.00044304574887870637,-0.015595179711874829,-0.014517253474930127,0.008007361156222595
F80_y_end_minus_mid,-0.0024035914981614757,0.022856826191981164,0.04835333590942876,0.00966139413968427,-0.014705405044464766,0.039340405065152746,-0.02250245901885266,0.0061799207218182425,-0.0063717930819963825,-0.010570011914445081
F80_y_end_minus_start,-0.0030338143995752563,0.05128508840721503,0.027042011734147487,0.002976373560874625,0.02084119706168749,0.005643997980504775,-0.020155529130611926,-0.007444208681061585,-0.017592540727348165,-0.0026829423289223757
F80_z_start,0.03904014932627328,-0.015209063636457165,0.0013583803935196738,0.007336356446812477,-0.0172599629049574,0.002431415138605358,-0.010804061075119019,0.02979009677330359,0.03975178232156002,-0.009171941840801407
F80_z_mid,0.03856901619336432,0.01394770898672562,-0.016093348444840287,0.001410945067915984,0.006291786663093932,-0.007074734306693373,0.0045849722751061415,0.02195797054405227,0.03869122171122084,-0.041439292256575916
F80_z_end,0.037141590734121745,0.024380680542919513,0.001720733811118422,0.0021417049131877723,-0.003970974464689031,0.010288428821194198,-0.010094795555903103,-0.0003850988709462268,0.05587196984789444,-0.03136229062366286
F80_z_mid_minus_start,-0.0037617184029998464,0.04119529851340453,-0.024039262545884375,-0.008710770217867123,0.03367303150923829,-0.01322944437675708,0.02196460140840488,-0.013117334605246759,-0.004626769824547101,-0.04351493688738007
F80_z_end_minus_mid,-0.00012731578554704245,0.020030568811385516,0.03162524595269975,0.001431026700805151,-0.018411793712533785,0.03138067915588172,-0.026621094710273806,-0.03955105996893648,0.03400087715392397,0.01580203746885781
F80_z_end_minus_start,-0.0035836531604732974,0.05265532551759825,0.00044056074547991076,-0.007056577583252509,0.018010514256344437,0.010299441816714489,0.0012343272782674222,-0.0406365497610717,0.020170796452245766,-0.02902474580993769
F81_x_start,-0.037565903589402136,0.0021081681288843885,-0.018211677008694326,0.02827908583216548,0.007184828038645497,0.027512348967153565,0.009303235189668116,0.00599936337871352,0.026109266491296034,-0.008930233825015647
F81_x_mid,-0.03468758903682381,-0.011660500935774845,-0.015826691811602008,0.026078716047025278,0.02451480869143055,0.02509413360042043,-0.016262733513419933,0.010450531372312957,0.025892821574114395,-0.009175665209333389
F81_x_end,-0.0346195424096006,-0.014736844606137006,0.00029440386182198253,0.03328166264076058,0.026643213967104035,0.013888871498700875,0.009379635851827665,0.0020404071277415493,0.03271943929505214,-0.009633830118044718
F81_x_mid_minus_start,0.01001419804996866,-0.03184080246855805,0.007129607991418367,-0.00761581878834096,0.03918666794063326,-0.008047231107045194,-0.059610111479203025,0.009689289515894777,-0.00285910095573539,0.0002435563907684139
F81_x_end_minus_mid,0.0005045600627398314,-0.007418570021893095,0.03962537924089095,0.017381746068940915,0.004972383786233407,-0.027679653708172325,0.0629416868505184,-0.020693318077235394,0.016462146753571223,-0.001032382814385784
F81_x_end_minus_start,0.009103282853397883,-0.03366464676780813,0.03835816009089528,0.007499305748906521,0.038055981306156776,-0.02945699354553389,-0.0006522309776287068,-0.00838765690613952,0.010882226763753054,-0.0006266700000802262
F81_y_start,0.031442810525214325,-0.010110967379994616,-0.01503874674734829,0.04867286369639685,-0.0081536578762967,0.007020598975515842,0.002300028276048147,-0.0005343877054532118,-0.012693120691847425,0.008888091785638288
F81_y_mid,0.031112817513342772,0.006097458551447003,-0.023420702372571295,0.04604980612576004,0.00928972267310843,-0.008127592271238899,0.0021030130318827854,-0.005880401040436576,-0.01903707810418985,0.012685443792392921
F81_y_end,0.030091283736961592,0.016459711310480393,-0.00144919024141091,0.05066468054714681,0.002346763809234542,0.009919965749228016,-0.008036757292171931,-0.004029197396761491,-0.02186700256799931,0.008635433877616444
F81_y_mid_minus_start,-0.0009430277040283247,0.037607225574014504,-0.019332956336439226,-0.0063531708014690986,0.040457112189093716,-0.03513344834925503,-0.00046948219080680565,-0.012381993385995585,-0.014624875777083232,0.00874679942562555
F81_y_end_minus_mid,-0.002667830870792604,0.022501059289093236,0.048225271115194195,0.009406569492133079,-0.01526587907310463,0.039455066605779826,-0.022132357781615427,0.004118599987916097,-0.005898733522866504,-0.009008008938429499
F81_y_end_minus_start,-0.003146123157979769,0.0513466633805253,0.026431700424310662,0.0029950733509569814,0.02036343841669901,0.005462540269194949,-0.019947160490066118,-0.006721356081401934,-0.017448506709732286,-0.0006401502658075288
F81_z_start,0.03680567874326528,-0.013641190397449633,0.0015482594379509335,0.012276306224020924,-0.023494190514197617,-0.005228107597570429,-0.013469657440860847,0.034606822763387356,0.0366879052669104,-0.0041043162030847
F81_z_mid,0.037002727878253296,0.01615298073271474,-0.01572101014037875,0.007141065676770202,0.00033016269356806724,-0.014803813027678431,0.0027007668056972267,0.024218833446004482,0.033151856020028805,-0.045267886628726106
F81_z_end,0.035254361168550546,0.027118586918289507,-0.0005518795635419859,0.005797700821489659,-0.010274203893814055,0.00423685634205543,-0.015107467971493406,-0.0017891286698647022,0.051635347079938144,-0.0333997167978565
F81_z_mid_minus_start,-0.0037941342873395478,0.0398424257251155,-0.02239415840511298,-0.007958651516943851,0.033243431748345854,-0.011748048377120561,0.022291110180807233,-0.017174240150101206,-0.008585320467197373,-0.05252218009879912
F81_z_end_minus_mid,0.00023008299946173687,0.020736218246047346,0.025284005245663196,-0.0017254751313161708,-0.01862789225846212,0.03217756697255737,-0.031090613165465592,-0.04359464125305855,0.0354820731707809,0.016836278130041307
F81_z_end_minus_start,-0.003295472094815687,0.050861359862489325,-0.002652298839664074,-0.00846297149262254,0.01721088771320774,0.011887892759491515,-0.0015184532553563902,-0.046256363687046796,0.01708972044865038,-0.03603457082085509
F82_x_start,-0.0378765185420903,0.001895094456205736,-0.01799513157342561,0.027453456640830577,0.007734940983766677,0.027752447099286474,0.009565807822001227,0.005624169627771511,0.02563558918787606,-0.00883809874907182
F82_x_mid,-0.03504165448408476,-0.011774220373894612,-0.015557100866010002,0.025235786959089936,0.024842684991372134,0.025376199244465946,-0.015724836618944887,0.010056489468746425,0.02523146745071398,-0.009173218109664752
F82_x_end,-0.03497394930632116,-0.014833339447092229,0.0003510161011432172,0.03233162126401889,0.026921947305971805,0.014356419556442021,0.009515409858604829,0.0017153013810956785,0.03190349930438513,-0.009626172528040195
F82_x_mid_minus_start,0.009939656098839362,-0.03193179619523137,0.0072579762414077854,-0.007582990820315663,0.039069572369499955,-0.007977948115090713,-0.059615738308054486,0.009801856346167735,-0.0032078733971493394,3.453708393042371e-06
F82_x_end_minus_mid,0.0005398478474698945,-0.007472776300870035,0.03967462413162649,0.01735562511559101,0.004900571263762906,-0.027638039256235945,0.06285380180558249,-0.020822954785990357,0.016303109642778552,-0.0010276611935535758
F82_x_end_minus_start,0.009069371713162576,-0.03377917626435368,0.03840580065495651,0.007457303200250774,0.037897041881707415,-0.029291828107689367,-0.000918641282562327,-0.008335775885662292,0.010405447946878726,-0.0008285208398662444
F82_y_start,0.0323511423043297,-0.009879309397371094,-0.014727760506441085,0.04747111703553966,-0.007974100091407034,0.007183618183730659,0.0023319453730188833,-0.0005069174823681468,-0.011976784019576284,0.008395898716616836
F82_y_mid,0.031968614353030694,0.006157448601178386,-0.023125869714606114,0.04495877391520755,0.009245618397032081,-0.00783137794448211,0.001995965541103772,-0.004403311551923317,-0.017898832309284986,0.012472787407407484
F82_y_end,0.030929251555670705,0.016298535287636022,-0.0014731593283004321,0.04961443456699123,0.002152545503103585,0.009942477190560623,-0.00774256222973276,-0.0033763948017065458,-0.020791832446797404,0.009133879986939639
F82_y_mid_minus_start,-0.0009306515153430285,0.037722139239357265,-0.01973516027947324,-0.0059537333354406,0.040502203275785055,-0.035316735239666004,-0.0007923435125112562,-0.009162420629943081,-0.013915005004403179,0.009579298550452708
F82_y_end_minus_mid,-0.002953455832092434,0.022319904278055924,0.04839718797721556,0.00938623196404098,-0.015888235960909155,0.03949955515707045,-0.02159544634106475,0.0023628585183956656,-0.006037591734596918,-0.007644908242091722
F82_y_end_minus_start,-0.003405202058468221,0.05160103044974735,0.026311251417941498,0.0033106612336379414,0.020039984482439533,0.005282448068874319,-0.019830749406105967,-0.005626129231348909,-0.01708620188538359,0.0012904372224676584
F82_z_start,0.03577608756184062,-0.012648266956199949,0.0016410364259561157,0.014042348665062463,-0.025812653014732255,-0.008271205268961935,-0.01417487966641364,0.03643707822343378,0.03462471975359654,-0.0015002950525512802
F82_z_mid,0.03623695362487751,0.01692715682693374,-0.015234513725660101,0.009345666461028388,-0.002190748516320179,-0.01780409824845687,0.002119387516554717,0.025519344196853772,0.030017364021025283,-0.0456855616839218
F82_z_end,0.034394932819157294,0.028092352025825756,-0.0017994650856045734,0.007107862750360805,-0.012980243373982495,0.0017126237781737422,-0.016861234858626645,-0.002100927977253719,0.048910005666348115,-0.03338720997146894
F82_z_mid_minus_start,-0.0037888918812677592,0.03913143803361199,-0.021646340898919612,-0.007685654418297215,0.03317531602224131,-0.011103159230104083,0.022440230206545383,-0.01832979674243011,-0.010088872828225712,-0.055967793632202244
F82_z_end_minus_mid,0.00026335173620961155,0.021107506823042674,0.021981815872327115,-0.0030080202958410866,-0.019037674367767037,0.0323475998934659,-0.032917369526589114,-0.04574768826038238,0.035847988587298256,0.01707593730931192
F82_z_end_minus_start,-0.0032380132694396235,0.050023014836887654,-0.004249385210814446,-0.009033176770117219,0.016708532471613406,0.012484192317456974,-0.0026435923232754925,-0.04838627729855522,0.01583592019201699,-0.03865470465504283
F83_x_start,-0.03831753966997396,0.002749987601344772,-0.018530180319439295,0.030409275643704867,0.004278906698565618,0.022936434781986238,0.007459842874139529,0.0050338438725752565,0.023453876173496112,-0.008435924586404237
F83_x_mid,-0.03585484878254474,-0.011018289634318971,-0.015650973992604972,0.028592440909773736,0.02130920847416697,0.02066997436337192,-0.01812637403407419,0.0071098714222187715,0.023693696310790522,-0.0077012903875601545
F83_x_end,-0.035596960035210595,-0.013781274575492412,0.00045026252025634635,0.03586742447570392,0.023798754489894425,0.009562561241622523,0.006536438207847917,0.0011684986306381606,0.02923672980363838,-0.009726040557850438
F83_x_mid_minus_start,0.010164811642998085,-0.032164795760183856,0.00882036141519487,-0.007748700857209099,0.03888961740238366,-0.007917066881536677,-0.0600473168067151,0.004214461250485944,-0.0021807455879414325,0.0026829825937265523
F83_x_end_minus_mid,0.0005598344208033624,-0.007020242868748076,0.04070372639924662,0.018483328177714378,0.006354926851570714,-0.02805386163365309,0.062362408846870776,-0.01501626417739503,0.014087952070087095,-0.005143557355253457
F83_x_end_minus_start,0.009164217696284161,-0.03312039032420842,0.03953498009872943,0.007864023938499451,0.038369919877442364,-0.028825819931916054,-0.0025665866938940794,-0.00817484414535672,0.009191410384795672,-0.0017363628538186974
F83_y_start,0.03354542254287165,-0.009404897598848746,-0.014515785550864817,0.04630154904917518,-0.010727276111829824,0.003791054538759951,7.043623873554261e-05,-0.0007898904390241933,-0.009682881169414913,0.006011040015577063
F83_y_mid,0.03300062492653775,0.006906616848697929,-0.022624571965999866,0.04397845803164155,0.007144294734622727,-0.011054335797857421,-0.0008779547424460161,-0.0031417348471854856,-0.01411685190662592,0.009883822085619429
F83_y_end,0.031857709415144306,0.017091151011089177,-0.00048438699549688843,0.04893149989621538,-0.0002788151603588118,0.006318449564512854,-0.00982670440794163,-0.0024278615873269756,-0.01710630982449527,0.007240075640467895
F83_y_mid_minus_start,-0.0011603138278575538,0.0391312846682334,-0.01953765270113162,-0.005374665857448578,0.04287199005616899,-0.03563510046164682,-0.0022772900893728207,-0.005651539418377193,-0.010691099606036597,0.009327177010505686
F83_y_end_minus_mid,-0.003294544258419139,0.02264824838217162,0.05007414734471432,0.010109008148552376,-0.016778908199006754,0.03914245960530534,-0.02001583668261294,0.0016683319437449003,-0.006378416098817076,-0.0061394338828156154
F83_y_end_minus_start,-0.0038890739994043564,0.05273968535306838,0.028082440630690587,0.00447538236154317,0.020910232873672652,0.004955334772580999,-0.01964464561370402,-0.0032382900543598985,-0.014578086969201834,0.002342700672304517
F83_z_start,0.041962385413142365,-0.012902683501502237,0.00023950388362089568,0.004943227143186537,-0.013418813523305168,0.006136071652089058,-0.007186701223002807,0.024750015533833016,0.035973859166255,-0.008987553593150894
F83_z_mid,0.04089504221306575,0.013391583291772565,-0.014726921864327431,-0.0008095955075213298,0.008813008283801256,-0.004537726421535774,0.00539278749348226,0.02453851116407202,0.037704439125490305,-0.027408759334591637
F83_z_end,0.039785860703138595,0.023498817586003952,0.0009800491713994565,0.0022919191461460505,-0.0026856990129676852,0.011658455512776673,-0.006105849992589433,0.004699074991705427,0.050433779443669495,-0.020473873683034924
F83_z_mid_minus_start,-0.004303271435636732,0.04292987708090947,-0.02399622518615659,-0.009523485882972603,0.03645231932240025,-0.017482312399799645,0.02060081477909992,-0.001868301586593832,0.0005500295941437102,-0.02896181057805298
F83_z_end_minus_mid,-0.002380361748684911,0.021009243203868034,0.032711776641609826,0.006455597113003236,-0.023944054847357454,0.03371182603638102,-0.023937872441089875,-0.0413286434972306,0.026422859554293385,0.01447968939938672
F83_z_end_minus_start,-0.005795771621925647,0.05582945487798854,0.001105833057411207,-0.004305207190395773,0.01703514969266368,0.007986862190667259,0.002063643742247018,-0.03180502886106291,0.01972522885858378,-0.016837572194787178
F84_x_start,-0.038380160876346395,0.0032960684998113087,-0.01883374579428596,0.03280340909232444,0.0014936702933880013,0.019022490114676882,0.005861025566929726,0.004820279156853458,0.02119782993148783,-0.007492874708941345
F84_x_mid,-0.03630321017164314,-0.0103512580421531,-0.015592385854740603,0.03134839964138135,0.01826224357898706,0.016775449477857907,-0.01949414600886535,0.004336719250926272,0.021779146090572188,-0.006248291757282119
F84_x_end,-0.03583568943944509,-0.0126725338540354,0.0003571207403371466,0.038599848368091084,0.02122798765668568,0.005886347341846415,0.004259921843734381,0.0005818971100921518,0.026391640407843104,-0.009798091613410434
F84_x_mid_minus_start,0.010133384477603802,-0.0322312633020446,0.010146687415008562,-0.007915529276710017,0.038837643848756286,-0.007857574009368162,-0.05984574202165971,-0.001791236920696939,-0.001572303052414362,0.003932082263195121
F84_x_end_minus_mid,0.0007393418959235333,-0.006177688166446328,0.04130644517301018,0.01928552668530082,0.0079590819181602,-0.02812025362840064,0.061567932040838436,-0.009715576641170927,0.01229130671458956,-0.009321184558605752
F84_x_end_minus_start,0.009181913463594375,-0.03213021661934608,0.040209668096125674,0.00801441610699119,0.03910976603641405,-0.028181402334882966,-0.0038150424915641946,-0.008951378176046723,0.008060617381581908,-0.003783176418455878
F84_y_start,0.033011764440530555,-0.009553599844176084,-0.015168438691858814,0.04711369961847148,-0.011666418611230672,0.0024628845057617296,-0.000644268252917938,-0.0022858293056815912,-0.009796487831037193,0.005201405096697504
F84_y_mid,0.03249595812800142,0.006961151399309609,-0.02311567543930539,0.044564755605647446,0.006930459046191921,-0.012423267380562547,-0.0022451838950981857,-0.0043297965667186585,-0.013621353610776175,0.009672901999229546
F84_y_end,0.03121097030608025,0.017261826471031288,9.835461755832316e-06,0.05000067106225486,-0.0007427723262366187,0.005060624924457428,-0.011156442511746769,-0.0025510974747711174,-0.017676408680621793,0.0066809129371403235
F84_y_mid_minus_start,-0.0010589740744479095,0.039126023504139434,-0.018926762138927297,-0.005811369305239063,0.04405437862916249,-0.03529826351038075,-0.003800646209945515,-0.004859764064551434,-0.00912156054782131,0.010632492029825902
F84_y_end_minus_mid,-0.0034432552350784408,0.022240530614422566,0.05070768816224883,0.010917193807465864,-0.01681039704584194,0.0382359260485574,-0.019316306134773406,0.0039513351979189905,-0.008537293264937632,-0.0066945294213542955
F84_y_end_minus_start,-0.003940091972628065,0.05204137471098541,0.029591118077543714,0.004940631596159437,0.021306734426652145,0.004994893818128434,-0.020340865705407406,-0.0004820715830733198,-0.015119397408981203,0.002792523687453984
F84_z_start,0.04305909800895317,-0.012577410614514364,-0.00249929382026241,0.003554401775564352,-0.009650795220963583,0.010224320362813295,-0.005226590683094064,0.014437320707621826,0.03444694132073023,-0.01559535983147507
F84_z_mid,0.04154189452398531,0.011273734398887594,-0.015286792077246055,-0.002247560783583394,0.011925255312400256,-0.001981900231720498,0.003445699551246662,0.015867591457044875,0.043256893074591386,-0.015736799524969314
F84_z_end,0.04084160851152936,0.020574482662324117,0.0046435026642462195,0.004765176806836071,0.0026206395581650334,0.011656208854610424,-0.0027381074660850348,0.006831649089135817,0.05019707658565358,-0.014765861555739302
F84_z_mid_minus_start,-0.004491780559681702,0.04287022656939555,-0.022598375237360416,-0.010449156247849969,0.038708839320314284,-0.022097724253606066,0.015614927062991958,0.001936376680335799,0.014202552868254519,0.0004001560333284537
F84_z_end_minus_mid,-0.003851215660092636,0.019255595716616024,0.04349675685838567,0.015127523652482055,-0.020578068666987845,0.02928410210379935,-0.013422319788581258,-0.020226707530911697,0.012394547472424529,0.002968304724366377
F84_z_end_minus_start,-0.007193961331498357,0.05527539017798736,0.01189200920522658,0.0016863342535661985,0.020874342626372337,0.0014956260874797978,0.004503835157649435,-0.013637991583006838,0.022912838819329262,0.002648662469867658
F85_x_start,-0.03883766678510561,0.0033845688993481638,-0.018543753551404207,0.03337510278805287,-4.9015019361463425e-05,0.01648574747631399,0.005192603744977895,0.005103208459347161,0.018851286676190127,-0.0057712292418015424
F85_x_mid,-0.037130540053864416,-0.009961566063023149,-0.015078178421386293,0.032199073742341836,0.016281311064254643,0.014147863638854468,-0.01934428228605975,0.0024342117686387207,0.01896732541923098,-0.005699400845934649
F85_x_end,-0.03656532802695029,-0.011851184208685436,4.848696763996315e-05,0.03901228898620279,0.019611090944163617,0.003903013658557515,0.0028677205991029836,-0.00026829288266160163,0.02319111818126765,-0.01002141945779844
F85_x_mid_minus_start,0.009838990031229627,-0.032353438647867064,0.01102326632351335,-0.007760669971256547,0.03898020949901954,-0.008026508790138331,-0.05932896022305008,-0.007127155062067616,-0.0025212595352729576,0.0010280734424541807
F85_x_end_minus_mid,0.0011667156888219776,-0.005312842700283549,0.041531425915708645,0.019116846972266,0.009348594865653512,-0.028086573801060905,0.061014218599276596,-0.007422669223928648,0.011840850072413435,-0.011971832874297338
F85_x_end_minus_start,0.009230883149153423,-0.031445286595398476,0.040080240017847275,0.007532655537034708,0.04006520585306715,-0.027591484533710135,-0.00535230184705562,-0.011549496152174616,0.006609681240508794,-0.007976511919883264
F85_y_start,0.032019724972329036,-0.010048254647912981,-0.016210595569066108,0.048394685047940256,-0.010674232412287444,0.0032429265164536547,-8.94432236770944e-05,-0.004802400897744197,-0.011501183980629553,0.005346180415105927
F85_y_mid,0.03156255300012077,0.006453292226750162,-0.024143632545080992,0.0454351708848455,0.008609590685435677,-0.011729963894081817,-0.0023459851798306704,-0.00603222498365566,-0.0151605836507219,0.010937896578530695
F85_y_end,0.03014567517332429,0.016711941031081822,7.935925449077842e-05,0.05153766837596284,0.00034309059325494414,0.006294622915640074,-0.01127581591762077,-0.0031283204926311346,-0.020762456537862826,0.007634135800416303
F85_y_mid_minus_start,-0.0009225514883467023,0.03845947942478343,-0.018583972466995873,-0.006687769240927797,0.04494882787657152,-0.03492316064003974,-0.005265821469127769,-0.0028913031331759013,-0.008590649495261211,0.013071798251071935
F85_y_end_minus_mid,-0.0035732381951692604,0.021245010226824894,0.050939644757266006,0.011818906850883847,-0.017391291889892045,0.03778196322100716,-0.01855752205897366,0.0061685343389693064,-0.01137201196905041,-0.007098149977890965
F85_y_end_minus_start,-0.004007302498944582,0.05086313092123034,0.0311058615562098,0.005268948589726893,0.02103359335020216,0.005737956243074072,-0.02120095101263071,0.0032412750520763446,-0.017389922138493042,0.004260483806213981
F85_z_start,0.04190038654724908,-0.011499424366179822,-0.006975620862660089,0.010724699809240576,-0.015125459961338603,0.004055747697986671,-0.008375557581824278,0.005738537985716225,0.030682463179164413,-0.021430818865797195
F85_z_mid,0.04069177539695038,0.010653581170984609,-0.01671559907720387,0.0050107013345286715,0.007790617706934452,-0.009742817320315005,-0.0036583959654506097,0.0005232504161393114,0.048269981258042535,-0.006329903578713475
F85_z_end,0.03952091155828245,0.019993150477412094,0.008554018702315421,0.01557973127937811,0.002367910898870489,0.0011769241071664406,-0.0064648352980826345,0.00552866284189292,0.048317013335946644,-0.014287447218252753
F85_z_mid_minus_start,-0.004567515601206722,0.03929750514961919,-0.016571383213913677,-0.010591720998553348,0.04084078983261432,-0.024295013923625243,0.00871586236712011,-0.009429465761216524,0.02886097397515705,0.027585834633378884
F85_z_end_minus_mid,-0.0038451283989167557,0.017339360486964366,0.048725337053048635,0.019902094716826232,-0.010623330701022818,0.021155841526775354,-0.005192111295281909,0.009499043984859247,-0.0018301712831701423,-0.014882815534237214
F85_z_end_minus_start,-0.007141593744101405,0.048856820966243136,0.024202040504860838,0.006481127087413358,0.0278735114300695,-0.004718775177649425,0.0036098411046573105,-0.0008016759920821365,0.024236442354678638,0.012664737982248077
F86_x_start,-0.03882455927293982,0.0033469325964019915,-0.018543143824768734,0.0333466203868943,5.645573824147312e-05,0.016623441337519584,0.005201432453448411,0.0052409260668629986,0.018828701884377064,-0.005754265396040187
F86_x_mid,-0.037095611582365004,-0.009978118236987025,-0.015088757147154734,0.03222932061294777,0.01634302328643222,0.0142333699791224,-0.019274336187584836,0.0025821246081065533,0.01896856910424847,-0.0057989787573470095
F86_x_end,-0.036558883490068785,-0.01185167165472887,2.7184196324473872e-05,0.03896725184500802,0.019677477903115168,0.004029292181396567,0.002843174829401882,-0.00018564303652973725,0.02315455920056411,-0.01014706843195381
F86_x_mid_minus_start,0.009858395753755134,-0.032363757807304216,0.010995539464410769,-0.007587970522196993,0.03894531213833313,-0.008166962938734909,-0.059307022310800976,-0.00713179617593937,-0.0024410248832817654,0.0007412971350220741
F86_x_end_minus_mid,0.0010628118206469374,-0.005292363495576751,0.04161450032091868,0.018991653474684927,0.009403017408160744,-0.028046113041964357,0.060921774634289085,-0.007621771633279422,0.011786746203791148,-0.012085422088006155
F86_x_end_minus_start,0.009164969906943295,-0.03141908246653117,0.04007925082428281,0.007575332370913093,0.04004943976494819,-0.02765450134556143,-0.005422535727036548,-0.011691068336839226,0.00662960035833598,-0.008295018823389922
F86_y_start,0.03014839303748896,-0.012334774613685697,-0.017495559198298847,0.04971322571752369,-0.006020118583413321,0.009121823197868856,0.002840401932965528,-0.006225533673030534,-0.012613094853390147,0.007117027172936849
F86_y_mid,0.029491392053795026,0.004859268941753598,-0.0259681574594822,0.046764853767111696,0.013626019287822852,-0.0060235712178370255,0.0016445641988390987,-0.011033159182628227,-0.016815170121000964,0.013044948141338714
F86_y_end,0.028181741552467783,0.016049819845125768,-0.0003842076421618276,0.05315588703707944,0.0054017320720193785,0.013031147000232182,-0.008529522218195492,-0.005306605549372706,-0.02308064388136945,0.007413323762451292
F86_y_mid_minus_start,-0.0022267914659578336,0.0386465818593438,-0.018447818244751602,-0.007829985662555553,0.04395402841861906,-0.03399782896509937,-0.002737958783544012,-0.010561452924010312,-0.009049912322206316,0.013036665902320435
F86_y_end_minus_mid,-0.002553419255073273,0.021981268851458995,0.050230252810097034,0.012581652079882903,-0.016143804146407432,0.03741954136214382,-0.01998080791893178,0.0112399150226248,-0.012316035396532225,-0.011052196952039725
F86_y_end_minus_start,-0.0040935759766711054,0.05079286113824112,0.030817172226268882,0.0051564419920369815,0.020459567470253827,0.0067833910651183,-0.020304746821815847,0.001758608972044571,-0.018394689595496665,0.0003881439812023262
F86_z_start,0.04069614840876761,-0.01407629706956073,-0.006472530102969383,0.007635914935566522,-0.012583884208681236,0.00758903160100304,-0.007501956188218589,0.004690809006745958,0.032221871329944834,-0.0238008942421842
F86_z_mid,0.039450459743208044,0.008285625471788885,-0.01734897187929882,0.001673187298042514,0.010372129359922936,-0.003758855730756125,-0.0014097756425034066,-0.005131331334987885,0.05083812668104837,-0.012747347618694215
F86_z_end,0.03836134833321543,0.017266103206293407,0.010502222443152957,0.011162489585728142,0.0074754479829144535,0.005510915497618115,-0.004084600364864371,0.0013856923846981557,0.05344932178489613,-0.020387111831206683
F86_z_mid_minus_start,-0.004376111612032331,0.03777261189923516,-0.017613754813082094,-0.010292942718995021,0.038669877906408745,-0.019193646081452354,0.010499343828894793,-0.016506124852446312,0.02894435479860661,0.019629854543630715
F86_z_end_minus_mid,-0.0020372531504664333,0.015875484185359612,0.04935382108428812,0.01679456946874411,-0.005156784308252886,0.016420958378012815,-0.004731422189646662,0.011551483902224935,0.004481999995586453,-0.01348963204676478
F86_z_end_minus_start,-0.005483892551164151,0.045941861525541215,0.024821833961715365,0.004689878811551109,0.02958896402146112,-0.003392187417883465,0.005319450402072573,-0.005011381107194853,0.028944182432612882,0.006161781844131408
F87_x_start,-0.038324363002291265,0.00328171156972323,-0.018847163324614682,0.03286889534036978,0.0015102849087468575,0.01911584478763001,0.005789761657579712,0.005076661036177246,0.021214055803484656,-0.007474482067833495
F87_x_mid,-0.03622379927992373,-0.010345067367532828,-0.015624126523381125,0.031491285299302514,0.018264509678301684,0.01680675996998347,-0.019459503374756226,0.004579897441752135,0.021792017012213984,-0.006411788349579987
F87_x_end,-0.03579206633121766,-0.01264706128787183,0.00031865353246205347,0.038662146954185815,0.02122896653008689,0.005959831677555674,0.004185349415757013,0.0007455016015250454,0.02640182851649028,-0.009936900620471149
F87_x_mid_minus_start,0.010146288289024504,-0.03224404082429421,0.010099645996459631,-0.007712803685069846,0.03888536650832949,-0.00800392479586368,-0.05970564882643521,-0.0018538790407215755,-0.0015548414343341766,0.003502513045500829
F87_x_end_minus_mid,0.0006300935778992346,-0.006150378415088817,0.0413984489672593,0.019148760998519396,0.007988102483274369,-0.02808139596666671,0.061449258008141015,-0.009945460153740556,0.012331068932835086,-0.009288933616270123
F87_x_end_minus_start,0.009101907733411466,-0.03209224120451843,0.04019048021993311,0.008067619327475198,0.039138225043643074,-0.02824176748967669,-0.0038101186046829265,-0.009168890835736448,0.008094170773819303,-0.004116542105986098
F87_y_start,0.03102053091893349,-0.012311867563256982,-0.016737458618400126,0.04882263591347463,-0.0063313127991149664,0.00928838586829869,0.0027924839121027016,-0.003934687647313619,-0.01109127428800731,0.007283008104467258
F87_y_mid,0.030307185877287045,0.0051833229204425535,-0.025333718137508874,0.04630746671606661,0.012747455457284116,-0.005924023497664459,0.002380888049234023,-0.01010714113113814,-0.015600164452317874,0.01211796115365999
F87_y_end,0.029116447495574672,0.016644329697783452,-0.0005010371172782125,0.05205326515030561,0.0050735204153453985,0.012897845594690312,-0.008042397156621878,-0.005123301423684541,-0.020437383854542,0.006389291263372578
F87_y_mid_minus_start,-0.002558187760790984,0.0392822352451619,-0.018587141129696005,-0.0071220598741101515,0.04261549990907049,-0.03411225782665236,-0.0010026058828542697,-0.013599650269327083,-0.009676816596611848,0.01052109675701764
F87_y_end_minus_mid,-0.0022182949421418923,0.02303650060089513,0.04970588683438973,0.01179707943724305,-0.015332475422504691,0.03774981590344578,-0.020910421637902743,0.009947304130837387,-0.009798886756175145,-0.011431079690420235
F87_y_end_minus_start,-0.004009127750696508,0.0517853494154493,0.029233825667071812,0.004774338816809255,0.020426062029773373,0.0062388354871359,-0.019340867306714436,-0.0020369717677878574,-0.016413486591816403,-0.0017363039207898361
F87_z_start,0.04173564006302722,-0.015370192974066787,-0.0016062002791883126,-0.00021135996023307341,-0.0065311449132505976,0.01439035981048065,-0.004083952940305433,0.014144586609484902,0.03632330341762379,-0.017582592828690007
F87_z_mid,0.04016868953141492,0.008897842634783106,-0.015892933750296014,-0.006187474647695173,0.014928423374706236,0.004685494375856771,0.0063854379258513685,0.011522686898126593,0.04522222510598502,-0.02316482844799922
F87_z_end,0.03954665236440574,0.017904099051086367,0.006278260374578844,-0.0004722578280976978,0.007824406626558526,0.016863255715813076,-0.00016053782479618804,0.002603242301503748,0.05547844663675521,-0.021037223546802063
F87_z_mid_minus_start,-0.004376302465604414,0.0418768368856111,-0.024215794841241704,-0.010148325530060604,0.036740752813888694,-0.017085061996507767,0.01796140403276785,-0.005036769214661194,0.013633647170335468,-0.008765855469667242
F87_z_end_minus_mid,-0.001885759309728604,0.018286436555221466,0.045593890457952584,0.01178496619824243,-0.014759233574184098,0.024838076682015844,-0.013487307475571421,-0.018420687251195816,0.020288563180196294,0.004705748480863152
F87_z_end_minus_start,-0.005539125169630501,0.0531899658734714,0.012501571820035464,-0.00040042895939794616,0.022942774312634657,0.0031749412979631296,0.0063854882958414,-0.0188906661555884,0.0283573564820126,-0.004561653647009086
F88_x_start,-0.03823448968868613,0.0027492359873791243,-0.018566238255447433,0.030544843951708867,0.004239960970549461,0.023010131540995418,0.007378041476437766,0.005297044932890483,0.023495284796903222,-0.008405234501417643
F88_x_mid,-0.03575816719494301,-0.011004526968471989,-0.015715463886103096,0.028768095827882666,0.021302279950078624,0.02069605131731214,-0.018114013070923415,0.007331313088991251,0.02369052665633802,-0.00780884599834946
F88_x_end,-0.03551967059376063,-0.013742213167249566,0.0004161764298644656,0.03601537677775504,0.02378544313891495,0.009622271355607313,0.00649252465723925,0.0013319632543098373,0.029288445129262545,-0.009818001444265487
F88_x_mid_minus_start,0.01016280279198207,-0.032160529134273634,0.008751002802228552,-0.007652281802025392,0.039010579175101784,-0.00802333369621724,-0.05987270382918711,0.004095932101217548,-0.002270087886028179,0.0023545365697896802
F88_x_end_minus_mid,0.0005050292851802905,-0.006961458241734927,0.04079741156096609,0.0184275668565819,0.006345523148844901,-0.027978558510106267,0.062246867449368255,-0.01516843221154018,0.01423781391120828,-0.005108193439937523
F88_x_end_minus_start,0.009112755571996171,-0.03304859345868274,0.03953745638052762,0.007905337725047371,0.038440007983416194,-0.028848646886347536,-0.0024773390185045844,-0.008396569446293191,0.009231848932308733,-0.0019913033069019095
F88_y_start,0.032027810916185985,-0.011614895721264548,-0.01577662623012815,0.04780085446158615,-0.00645955334803608,0.009295160164260985,0.0028282268461164825,-0.001997009765290508,-0.010828950529533926,0.007720223815463561
F88_y_mid,0.031364800742732846,0.0055125515437978315,-0.024416403725706724,0.04548419854025743,0.011789272438305498,-0.005798670994084614,0.0028663819841620664,-0.007737052357398183,-0.015837441736359925,0.01200566167508057
F88_y_end,0.03027926373747145,0.016611424041601704,-0.0009046834717585615,0.05066542888902591,0.004380506169051382,0.01262400550911312,-0.0073034554546529,-0.004445271147883798,-0.019313329286150205,0.007085251196855155
F88_y_mid_minus_start,-0.0023617396403752817,0.03921562872635601,-0.019203901690204545,-0.00653944088391561,0.04162512313103729,-0.034534255335765714,1.1107215052725082e-05,-0.012985256533619292,-0.01108755769573451,0.009528185933811321
F88_y_end_minus_mid,-0.002217328471556886,0.02327949665764571,0.049247642259027634,0.010947540553790058,-0.015510755674589129,0.03861301797942571,-0.0213161004444989,0.006886903438694182,-0.007316890179178314,-0.010293419373034953
F88_y_end_minus_start,-0.0038736048133462225,0.052387851805986464,0.02779602291780865,0.004333678359941799,0.02015919084445574,0.0059642830603414574,-0.01877742189923125,-0.004483660917362696,-0.015459561253730408,-0.0013281951213024589
F88_z_start,0.040829874073374385,-0.015472108012843329,0.001370580768485527,0.001430658394949376,-0.010886933343341667,0.009569868570611645,-0.006287761231324047,0.02549208446291024,0.03786405091665545,-0.010218930394793881
F88_z_mid,0.03969113046564948,0.011400742991353142,-0.015079700348949432,-0.004495566539664382,0.011321078458753268,0.0014876520810038478,0.008220779423046169,0.02145210457710404,0.03903907308011388,-0.035399820436252845
F88_z_end,0.03864615888413669,0.02124862791402304,0.002308903317962589,-0.0027584452070245316,0.001609276278940937,0.016284505858264714,-0.003998251210577513,0.0008407855972150963,0.05530813930568796,-0.026490935069150862
F88_z_mid_minus_start,-0.004104727994109593,0.041414371676127666,-0.02487809946139512,-0.009017151656473016,0.034114185657206364,-0.012743256552994001,0.022238632719886464,-0.007581084746566058,-0.0004433772134352721,-0.03736116530535566
F88_z_end_minus_mid,-0.0005940040803055598,0.019827960346021637,0.03371073880689635,0.003257351627933945,-0.01872094704198592,0.029214846649870063,-0.02377635842832002,-0.039826438506976695,0.03350242423538767,0.01624971999822939
F88_z_end_minus_start,-0.004272498008300066,0.053194675652672906,0.001310203952391618,-0.006059158447508065,0.01825858511085257,0.009382435413141618,0.0034645782507418278,-0.036130338752472936,0.024013474826260386,-0.023097554493525005
F89_x_start,-0.038278704407627664,0.0030723948228037973,-0.01874793600950674,0.031784530615568095,0.002810791277024708,0.021015945629885943,0.006528163943101183,0.005168910196310678,0.022416161122983728,-0.008038807881516877
F89_x_mid,-0.03597623897960827,-0.01066505704914013,-0.015705652059043965,0.030207261629290584,0.01976576529650114,0.018712994378762695,-0.018937533290095836,0.006067628456700723,0.022851839850328987,-0.00709428370303745
F89_x_end,-0.03564845936239462,-0.013222895072402784,0.0003946054045884872,0.03745390581663053,0.02245972296635837,0.007689373495180565,0.005291514081697622,0.0011311020191175848,0.027931345793410205,-0.00983206823161491
F89_x_mid_minus_start,0.010199509676150544,-0.032222094118298336,0.009431853679492973,-0.0076938609180408225,0.038929937060016066,-0.008006926083327145,-0.05983728460132825,0.0014256076040242167,-0.001839060539500672,0.0032101511626602924
F89_x_end_minus_mid,0.0005219062469157491,-0.006648172613598279,0.041114669512634365,0.018834953191746183,0.0070773825266158,-0.028080291824474447,0.061914396814623365,-0.012595170448970548,0.013217116109837085,-0.007077688555282452
F89_x_end_minus_start,0.009111178876189266,-0.0326566609596981,0.03990132032429715,0.008022706137917404,0.03871534697854149,-0.028587753144377965,-0.0031181017987718584,-0.008539953615064553,0.008668801084603956,-0.002742411547970366
F89_y_start,0.03161269800429038,-0.012033253140831028,-0.01623115725369223,0.04819916326240111,-0.006334517266403176,0.009421997027640164,0.0028415212315839274,-0.0028355565546408115,-0.010785286926145972,0.0075220175507853095
F89_y_mid,0.030910330263353818,0.005348361354779646,-0.024873736280071067,0.04582727588822938,0.012325108411637309,-0.00573848897000165,0.0027310868487340927,-0.00894385358746699,-0.015522827890533926,0.011974942278836609
F89_y_end,0.029781447253299745,0.01668559741644336,-0.0006812659390476612,0.05125983311052693,0.004799755129223681,0.012891352979214064,-0.007587840257928888,-0.004776206027353821,-0.019583473347795546,0.006595598457882097
F89_y_mid_minus_start,-0.0025556900709630156,0.03934499157043525,-0.01887404378604248,-0.006813604285135233,0.042033618286833656,-0.0342839375198683,-0.00033577538900733667,-0.013607534054613403,-0.010287468969175106,0.009750580864333646
F89_y_end_minus_mid,-0.0021482487224165786,0.023264881876296894,0.049450579728748244,0.011379610205578686,-0.015357628560550233,0.03815211067589958,-0.02113455750919254,0.008493935558281259,-0.008405593459270184,-0.010961145208296703
F89_y_end_minus_start,-0.0039509365439244805,0.052172372398206254,0.028445461833500076,0.004558901570882589,0.02026095972315997,0.0060825620181768295,-0.018915670293641277,-0.0034516655286691345,-0.015690463355097016,-0.0018273462272328537
F89_z_start,0.041450059549189795,-0.015579432550732113,0.00034158829822662995,-0.0007915457219561314,-0.007294964241793116,0.013465321214522591,-0.004389884005635604,0.020081781870840146,0.037392480321070974,-0.013634068385639164
F89_z_mid,0.03995193931563254,0.00988445721812897,-0.015222704723455468,-0.006698484795546872,0.014081914301330361,0.004823984658671269,0.008355986404899114,0.017715613575704003,0.04171576537390812,-0.02955352714736731
F89_z_end,0.03920804484704777,0.019202634899891907,0.004027948674697459,-0.0032477800548868755,0.005417054746519716,0.018280704433811867,-0.0010866733381649225,0.0019505369088761207,0.05553519178457358,-0.023250116934708204
F89_z_mid_minus_start,-0.004346217235138247,0.04208122119196339,-0.02529763888411151,-0.009558416339537005,0.03506018713868009,-0.014657931616106465,0.020906342733845125,-0.004770176862632036,0.005297028706700019,-0.0252296355937037
F89_z_end_minus_mid,-0.0012163672766773812,0.019251925248931472,0.03949257475668387,0.0070478598738842255,-0.017719007477896162,0.02772804657269694,-0.019364551870186708,-0.03230063729981094,0.028764670277099235,0.012738082645899118
F89_z_end_minus_start,-0.0050026111237681005,0.05401678607613055,0.0056500153581687555,-0.0037434201769586967,0.0198020504159881,0.00689093390119912,0.0052393355595188,-0.028607656687275003,0.026464261518227544,-0.014259204635630875
F90_x_start,-0.03859203249289846,0.0032983573490379787,-0.0187166014758699,0.03317037349677889,0.0007246834495693994,0.01775971487798527,0.005447509753115551,0.005117347885376562,0.019946614098873782,-0.006603429220034655
F90_x_mid,-0.03669926128994416,-0.01015248942735208,-0.015347513466145261,0.03193916767392622,0.017202015003530954,0.015412717109255349,-0.019395102292246714,0.0033776422209853274,0.02032836744538935,-0.006046490958881734
F90_x_end,-0.03619904917492944,-0.012210442513147478,0.00019282237941405683,0.0388943630550289,0.020395442227280073,0.004897350785601247,0.0034241178573055655,0.00021260735799514294,0.024684870550033138,-0.010106135867735198
F90_x_mid_minus_start,0.00998333914159791,-0.03229928600132553,0.010641884404680007,-0.007644569870919315,0.0388870638735597,-0.008086822282054009,-0.059562239300931415,-0.0048465757801330585,-0.0019416810355149519,0.002259747697963325
F90_x_end_minus_mid,0.0008632628031254242,-0.005666125850798654,0.04157951106882099,0.01911847896981932,0.008811406526301255,-0.028068794160158114,0.061096011869562816,-0.00846501896069923,0.011979414516447847,-0.010993885889807768
F90_x_end_minus_start,0.009119233384441488,-0.03165998404402936,0.04023590588737483,0.007861780382211121,0.03961059124990615,-0.027927912243809642,-0.004688413290462818,-0.010465618177745216,0.007343034300113618,-0.006333492304694432
F90_y_start,0.030621133000766534,-0.012401321461667409,-0.017130590059491028,0.04920511891678536,-0.00612900310159965,0.009299576099911624,0.0028200899840932895,-0.005075195624011731,-0.011662637202493463,0.007130333784630279
F90_y_mid,0.02991026635267696,0.005006748656493338,-0.02569262517056387,0.04651001323705927,0.013256596632418034,-0.005876459608765752,0.002066407183736195,-0.0106756449995234,-0.01597436084045317,0.012465896406778487
F90_y_end,0.0286698772031605,0.016394678539944044,-0.00040643942517373094,0.05257609497454985,0.005324989936633311,0.01306837074188289,-0.00825443479514703,-0.0052390299306380025,-0.0215127496820813,0.006735952989134601
F90_y_mid_minus_start,-0.0024917033088126582,0.039051320713206,-0.018515160871941973,-0.007454377814105645,0.04325869392761757,-0.03399919602580411,-0.0017587365517715144,-0.012293407554481443,-0.009233551199493588,0.011643594836445954
F90_y_end_minus_mid,-0.0023332139473938524,0.02258583833358661,0.04999710460229008,0.012213577631301459,-0.015661116514672606,0.0375143677406234,-0.02044195830017158,0.01072808595020386,-0.011040763085708486,-0.011301853361257778
F90_y_end_minus_start,-0.0040750922362808644,0.05134610849964489,0.030019438094065397,0.004997314432751018,0.020447531491933294,0.006501608229893133,-0.019707971781897034,-0.000189184047753679,-0.01724552426888555,-0.0008424751330838293
F90_z_start,0.04160122924568836,-0.014921964370978055,-0.003966179977447989,0.0024797700552544634,-0.008088109836398632,0.012720393338587483,-0.004961644169294745,0.00864744540655627,0.034547898186416424,-0.021121066566105757
F90_z_mid,0.0400996311055213,0.008211522346691568,-0.01665859482063153,-0.0035817639598631095,0.01390903625613347,0.002202039269936603,0.003180701711641185,0.0035794350867490604,0.048543643962493534,-0.01732610548013608
F90_z_end,0.039368783443242114,0.01708303638188698,0.008623510176045856,0.004326248993351084,0.008877342484811772,0.012748074697180449,-0.0008787189552519133,0.002389210142462785,0.054985537118271886,-0.0200431368891209
F90_z_mid_minus_start,-0.004466283250389154,0.04025515792980208,-0.02153205977752153,-0.010482595630860332,0.03799951343360748,-0.01857398486702176,0.014155450472195632,-0.009064287589674766,0.022366795702424464,0.007455417632130249
F90_z_end_minus_mid,-0.00213728473522607,0.016947989890282865,0.04902657256685871,0.015305462540116858,-0.009949897619210061,0.02028435606683164,-0.007881145365134203,-0.0023588624879191393,0.011532594735651162,-0.00492138429445238
F90_z_end_minus_start,-0.0057489831748713804,0.049971502707302155,0.019550883069657632,0.002696614919128845,0.02649921294010837,-0.0006673132058111665,0.006545580114951702,-0.010091112012726023,0.029451088187425083,0.002833579749075151
B1_x_start,-0.03944626255467599,0.005580308515452141,-0.0073428481257968,0.027264641785288916,-0.012918209233143303,-0.007176046749352016,-0.009092566681760197,0.020365947381651327,0.01694284909640814,-0.00945337155702855
B1_x_mid,-0.0394403997015757,-0.0013571711881353696,-0.005781115856615562,0.02681931608775257,-0.007858490060996245,-0.009571420636618196,-0.018458348103345817,0.0076189529638037564,0.011911438605578546,-0.02137669852272534
B1_x_end,-0.03889630353165355,-0.0027664078231383615,-0.0023706150503391304,0.027190146462801292,-0.002108635269091035,-0.015593231426068468,-0.013459341315697957,0.0020278763896958707,0.020634571209079397,-0.02187396276700137
B1_x_mid_minus_start,0.009103609588249429,-0.02030318660760319,0.00597278124593718,-0.007501929093955711,0.016846198497646195,-0.00491320131131385,-0.02357955065475704,-0.03963500235969046,-0.017695783469649888,-0.030507390181193916
B1_x_end_minus_mid,0.002590547941990515,-0.0040882143043669125,0.010123499448273674,0.0004056161489714136,0.017019663532013132,-0.017373823515526465,0.015091576951333936,-0.016549106836485555,0.02521701683069226,-0.0009133231247106353
B1_x_end_minus_start,0.009517165161537514,-0.019927862926141012,0.012714914160728466,-0.005891324267528146,0.027002791541442542,-0.017408154646218234,-0.007903916502653902,-0.0454840387082987,0.004738887772440731,-0.02592631561719969
B1_y_start,0.027479701172821655,0.009640389141544923,-0.0034982918733122716,0.014551024535944097,-0.025033863656060275,-0.02677311173286889,-0.012984965056608368,0.006546874437925368,0.014493271422440595,-0.0001467094419973921
B1_y_mid,0.027639601029969017,0.011147351830575754,-0.0051569934319268635,0.01487637617047779,-0.026440856013993635,-0.02904176095108133,-0.012948219635642789,0.0022108528932165976,0.008636893926050163,0.010312679681195383
B1_y_end,0.02676817324597324,0.012183444762262735,-0.0002017346300520514,0.015086543560920512,-0.028151475353248745,-0.027163373698222804,-0.015003273027125726,0.007621157535596866,-0.002198866256606705,0.00033314338478333767
B1_y_mid_minus_start,-0.0018937329345156842,0.0022870593009156736,-0.0030917123859016582,-0.0005131626806331368,-0.0008406598060416452,-0.002453033683193489,0.0011232955651209319,-0.009349187549480135,-0.013083639225489349,0.02128878761003389
B1_y_end_minus_mid,-6.971766610063919e-05,0.0029879366501804347,0.010430618637507133,0.0014388084623147735,-0.0054636360782834995,0.0021659456451544774,-0.005321679777203031,0.011906076939555664,-0.022983099707148635,-0.021011346447273177
B1_y_end_minus_start,-0.0018605408140716143,0.004905978475435241,0.006618208588719321,0.0008306740373816734,-0.005800733770202591,-0.00034394657203262735,-0.0038074184731459646,0.002032466453076692,-0.03345927469460589,0.0009574975689988986
B1_z_start,0.01730675456284051,0.0015013193703129382,0.0018901017434579314,-0.040216489089514036,0.024689460104258914,0.03152183030331904,0.023636447637968176,-0.0023746375641901,-0.005433198256237353,0.0033668602328693633
B1_z_mid,0.01917542142628925,-0.0028335980061277373,0.01069816795714973,-0.03946570241482456,0.019482599593498667,0.03437280381895821,0.02101330360136957,0.014240973696202502,0.008456819530707552,0.015098644743800033
B1_z_end,0.01738641054023348,-0.007621401285937166,-6.510152157268454e-05,-0.03831000510208089,0.017528982162792004,0.024936775992575044,0.02977089233505623,0.004339895181624744,0.008690028493071973,0.020685833874954138
B1_z_mid_minus_start,0.005782170520389907,-0.007901046194555955,0.016707941000829743,-0.003919899994116812,-0.006461263673562706,0.009498995789708215,-0.0017729841702697263,0.030731812177963027,0.025234261556497196,0.02236633097676611
B1_z_end_minus_mid,-0.0051653771305380175,-0.0076527852514728005,-0.01914897415815185,0.006422605689596256,-0.005474589798727897,-0.01963590428585896,0.012194086569155844,-0.01811643400865593,-0.0005752282101882007,0.007586739626832894
B1_z_end_minus_start,0.00031280809662196166,-0.013870376023854245,-0.002955373647814117,0.002457011924351239,-0.010626718862253581,-0.009675163421699388,0.009599722063038125,0.010194864187460871,0.021438840405765415,0.02640094168795504
B2_x_start,-0.016738169698300723,-0.009433916817209861,-0.008037021716981963,0.00037596040368841267,0.03589342124235173,0.05730601706174456,0.025104307950681602,0.007855707977784435,0.017558616116626416,0.0043251927695915115
B2_x_mid,-0.01525677738255672,-0.013981583785812704,-0.008783501197629598,-0.0006307189566249468,0.03983893734375806,0.05570498966567294,0.022213284554209775,0.007397815910345223,0.01641680950638082,-0.001167117755312062
B2_x_end,-0.014401601317000202,-0.01481907899851816,-0.005437676232749471,-0.0007992511230136248,0.04336895793947913,0.05097617473366027,0.026146332349527016,-0.0007948503491962853,0.02319656472334298,0.0009708040050673661
B2_x_mid_minus_start,0.005354113010727182,-0.017763589900484864,-0.0030574117810089037,-0.0038784015315050306,0.016016214896518274,-0.004930698946035854,-0.010613869969245482,-0.0015964046277378442,-0.004025129900712661,-0.021110424896441757
B2_x_end_minus_mid,0.0021948713436824854,-0.0035246429617345606,0.011007728080426108,-0.0006054923907840698,0.013948491567253446,-0.013499471470806343,0.014486733278210616,-0.027624633148885535,0.023932091058071786,0.0072450967756212525
B2_x_end_minus_start,0.006515931089117122,-0.018051632481539716,0.007917584922044443,-0.0037855641887872024,0.02649953144193569,-0.01689592520927938,0.004964138060748709,-0.02754341004413099,0.019384472550940418,-0.010599555691656229
B2_y_start,0.035462922403767506,0.004671071840423873,-0.007557290969199303,0.01682422708916308,-0.00744869114498019,0.008006092314082043,0.011611290664079179,-0.007519923460270179,-0.024292615647187682,0.019072876781380747
B2_y_mid,0.03620551278849341,0.001508123461760528,-0.005254492886157248,0.01378941307152699,-0.004545267296529641,0.0024045758303722926,0.005325799773942454,-0.020601134707595666,-0.02757778906130401,0.025076341320330372
B2_y_end,0.034877714433521646,0.007001466676184924,-0.004323098046642317,0.014976308996789572,-0.0021849209416397427,0.0015784898349479482,0.0014080265911286182,-0.010627174992919198,-0.036852686693945196,0.015649134441826272
B2_y_mid_minus_start,0.00043393685148592295,-0.005641634787046858,0.004208668902800253,-0.0057137476841413685,0.005255729882365273,-0.00998473250463241,-0.011267929316223953,-0.02267869081583338,-0.0051496883828667595,0.010027566566622832
B2_y_end_minus_mid,4.091534034380147e-05,0.010247936515257882,0.001358142687330131,0.003141180773854353,0.004045700230536148,-0.0013599023097438673,-0.006867928440162341,0.01699963318441797,-0.019025985728223636,-0.015681860045641732
B2_y_end_minus_start,0.00045596683938437405,0.0042628422114945035,0.005331122218382436,-0.0025249619688089394,0.00887872355767817,-0.010887226119204644,-0.01732826730957683,-0.005737716116574244,-0.022938546355988392,-0.005182221180369068
B2_z_start,0.020705146114711387,-0.0008369113547071448,0.006778966067417795,-0.04208808315446512,0.023278929748952,0.029609107987067604,0.0226349653127898,0.003839725876272792,0.0001911653365765429,0.009593550285326963
B2_z_mid,0.021400718918423205,-0.00029964533382509443,0.01000520423625964,-0.04130783166017764,0.016787111168835717,0.03355695517150801,0.025527008752209857,0.017498206467121684,0.0047895698866531845,0.008899873200644568
B2_z_end,0.02043879113359851,-0.0070897193409051795,5.85097938050393e-05,-0.04262351847718888,0.015382521996443388,0.027138403719234535,0.02563849644095797,0.00600295044230586,0.009614974985484031,0.01583851298447698
B2_z_mid_minus_start,0.0036574235001885043,0.0010294978661019609,0.007441450067270874,-0.002865509324813432,-0.01103478519209286,0.011379801474401543,0.008437173442971829,0.028851645681235907,0.00959596926506831,-0.0004209777380287252
B2_z_end_minus_mid,-0.003393461080724741,-0.01315783938133597,-0.020019682636634117,0.0003925926914580539,-0.003923580565313952,-0.014851551544604573,-0.0016043199160822672,-0.023559805107637166,0.009024266647750369,0.012832787816138076
B2_z_end_minus_start,0.0001319341622054552,-0.011392614751520693,-0.012016163452722982,-0.0022259448243169616,-0.01366303438280974,-0.003610633237642235,0.006134071623467347,0.004047045994155912,0.017138331467846747,0.011638943879115744
B3_x_start,-0.04011020999254743,0.004002732636595781,-0.007008199794397851,0.013435176338676568,-0.009678285870550207,-0.005544573693123645,-0.0027238260420551067,0.005649511343957728,-0.005509411908298476,0.008470870992935685
B3_x_mid,-0.039139056615709225,-0.0052074477811720025,-0.004776606434663383,0.013534515617962817,-0.005281504003752722,-0.007873930409753843,-0.011507211790579988,-0.005165595601809242,-0.013337685660094668,-0.0008101217768741434
B3_x_end,-0.03829318026631912,-0.00332369916003927,-0.0012459623625976645,0.012895151427446384,-0.0006464886705055742,-0.009686768700441795,-0.0068613154149698334,-0.00839951304855773,-0.012173964460707462,-0.00762967170628037
B3_x_mid_minus_start,0.003544635129670592,-0.020213345123703944,0.005112642227566688,-0.00026193814952521315,0.00992609761646218,-0.004878691638924607,-0.01904374635976244,-0.023769439180291334,-0.016863174879840986,-0.020526766873179957
B3_x_end_minus_mid,0.004625545726469817,0.003931854688673783,0.006982039362612366,-0.00224899688440901,0.00908911644642133,-0.002782453826918127,0.009593325011366602,-0.0056537802601945115,0.0032155127868985197,-0.012706052031678341
B3_x_end_minus_start,0.007412021430834937,-0.013456736578246663,0.010985797488562434,-0.0023606067564898793,0.01708318122954764,-0.006794858048778928,-0.0070803016867719325,-0.025593338110873533,-0.011287886513759606,-0.029538573136950987
B3_y_start,0.017264830103661925,0.014742515456801546,-0.002955301248943553,0.012241494893906862,-0.02510669719367476,-0.03305455479655785,-0.017583275314099683,0.01653782306525856,0.015240380330374503,-0.017164065770588627
B3_y_mid,0.016943920511567834,0.014017565816758322,0.001406364863817152,0.009240355019584536,-0.030031159534529513,-0.03564695237469057,-0.018255247312929327,0.01654207809869625,0.01055523364016169,-0.009313865446998
B3_y_end,0.017233759343372915,0.010116880918157954,0.0008344656673081234,0.009833100510685243,-0.030399059169811015,-0.032163451348435554,-0.017539009795802498,0.01645167316879274,0.013927963654543397,-0.018426075551078964
B3_y_mid_minus_start,-0.002030511246220536,-0.0024906047490298954,0.0075751559562720555,-0.0060943904197346705,-0.006094635255829795,-0.0014941294603221839,0.000391771073241721,-0.0014219932025233842,-0.009179651226240355,0.014657497794931723
B3_y_end_minus_mid,0.0008325697154071254,-0.005992117952988833,-0.0008925075461520277,0.0011554275047456317,-0.001240366763220648,0.0048531650241089705,0.0007625559835415294,0.00021036918842224327,0.005669419629008512,-0.014903689057254645
B3_y_end_minus_start,-0.0009527656652813179,-0.007278417366252957,0.005482795707752274,-0.004030004426879751,-0.006117334962940703,0.0029931102180799545,0.0009880811419456202,-0.0009919080542944265,-0.0026473235752184103,-0.0008701917770748887
B3_z_start,0.017443811265414166,0.007600058056403348,0.002903138741257555,-0.018255139210527987,0.006085148516155384,0.00985716092184326,-0.00545957141638963,0.012620592926479008,0.012747297082512581,-0.057596651657659405
B3_z_mid,0.021984954020337115,0.006364508330369038,0.017739750888289735,-0.022254755497819412,-0.0018305171891230426,0.009298332650847051,-0.007353707206597626,0.01828176799883976,0.045183165704136136,-0.02289987293050375
B3_z_end,0.017301378964237887,0.0011275925318574057,0.008183890853356074,-0.014719468843217873,-0.005008192973486151,-0.007235806761387357,-0.00044979023418341397,0.014796893963716251,0.05742263593951289,-0.0089351548251633
B3_z_mid_minus_start,0.006998005342632744,-0.00027604135674722625,0.01573143012634329,-0.0065447729498855954,-0.007386443579557609,0.0007216562032260467,-0.0026794035465218945,0.00752069810183113,0.03523608881486177,0.028299438764746682
B3_z_end_minus_mid,-0.007669988523003174,-0.006152462829308595,-0.012041517520882498,0.010595067205662938,-0.0029759006678438675,-0.017988451946623303,0.007972971775347525,-0.005962865690758083,0.0063891529814121524,0.017194810510774698
B3_z_end_minus_start,7.085193605385353e-05,-0.005485495761407544,0.004576448744569042,0.0028401432538619834,-0.009478706808530453,-0.014599754936914067,0.004250542517531479,0.002012716557340302,0.03858592069434816,0.04123615474647708
B4_x_start,0.0017329220023121915,-0.009470897369190453,-0.0061199667300096015,-0.002145781236734956,0.03815380166324225,0.058265728777132264,0.02589358289244381,0.005687301499857832,0.004580682534708466,0.005107246203748147
B4_x_mid,0.0012304997338172558,-0.01081241440079662,-0.007853054296575103,-0.001071475736052482,0.03671622139386884,0.0567767965113437,0.027277011868691886,0.00901159295203123,0.007782263308356573,-0.0031114616381168222
B4_x_end,0.0016582482643405715,-0.012111134250610783,-0.008292248275931037,-0.0032527678752488592,0.04268245105090398,0.05367776760960066,0.024933938349275955,0.00017563683413973882,0.014900893512935321,0.005165575767097743
B4_x_mid_minus_start,-0.0011022276672614795,-0.0038853405703734743,-0.004610678669663674,0.0024610845292947353,-0.0009350800605021148,0.00028467056540774774,0.005084614171567323,0.008439413425607332,0.008067953889868711,-0.019583758917247188
B4_x_end_minus_mid,0.0010581877280622391,-0.003673059098362981,-0.0015150597226585767,-0.005057794334787821,0.01603123299903183,-0.0033942744239062266,-0.0035841024977911655,-0.019619718092407416,0.016784781968284562,0.018725316223952498
B4_x_end_minus_start,5.213397261215445e-05,-0.007842914370447394,-0.0062238583857981275,-0.003038438014310974,0.01645235379118685,-0.003397305055735754,0.0011661269707168062,-0.012886733301948583,0.02621483006721884,0.0008439228915390741
B4_y_start,0.010679057415393633,0.014644956496228984,-0.004545086402889612,0.017504643205413718,-0.034386212987473706,-0.038697124673549396,-0.017620150294139353,0.006099304175544969,-0.005810701882083613,-0.013411743235538797
B4_y_mid,0.011725499811430262,0.008448384903777159,0.004433537993842938,0.017564100934207624,-0.03508772878089672,-0.036481420462144885,-0.01889721942346639,0.0012335661813454254,-0.0046519473383753295,-0.010236531359168426
B4_y_end,0.011720805165672404,0.011577185113507735,0.0015188670702890874,0.020345311177895464,-0.027910196521041132,-0.04293716923005949,-0.02117358969217142,0.0017068184343363012,-0.007414771229229629,-0.005366645905836008
B4_y_mid_minus_start,0.002237107445927412,-0.006397911279746188,0.010736828833291667,0.0016131833825523314,-0.0038941932312365197,-0.0006549702116425025,-0.003133593278267933,-0.005498767999909275,0.0009262304224372151,0.0027588532604694636
B4_y_end_minus_mid,0.0005860079808816146,0.004253838523484514,-0.003341781134776436,0.004288673298560081,0.00700953093079808,-0.009738451544476863,-0.0037383790541483603,0.000641185768665194,-0.0036145433673028617,0.005440743116028286
B4_y_end_minus_start,0.0027242980793762417,-0.0018111263446045202,0.006868536985027317,0.005863418967864519,0.003355515853491007,-0.010445704641803015,-0.006758322732983855,-0.004597020299409564,-0.002761970199516284,0.008117784610161006
B4_z_start,0.022483087534925377,0.007231116539883392,0.015694669149799736,-0.030545594580800323,0.0008590820596504128,0.001558094334092583,-0.012656920235467124,0.027590762141032565,0.03187373219807193,-0.03592234440711858
B4_z_mid,0.024861451072309557,0.011521073541860122,0.01916376924297653,-0.030081671514551975,-0.005952145100942492,0.007550115844393438,-0.0021318630676840184,0.029312356779064443,0.043048187770261155,-0.03277990714315433
B4_z_end,0.02230014861963233,0.0012068881562482096,0.008198154288090048,-0.030902604415332584,-0.0077829557578248856,-0.008456186817341357,-0.0042217638362708355,0.01947546320096637,0.0605020968436718,-0.011140789381319492
B4_z_mid_minus_start,0.006861815222387048,0.0073647451410358035,0.007436706944695738,-0.003915691294636235,-0.009836991531409513,0.009001905872230882,0.013496512102396689,0.006669097912461419,0.02114477669309781,-0.0008052224474309576
B4_z_end_minus_mid,-0.006708098764464559,-0.014425253591463516,-0.016318846403141792,0.0032562583046093683,-0.001424273670602892,-0.020918558057926754,-0.0022883123920647004,-0.01636132115917291,0.01552421940072293,0.03148728288255854
B4_z_end_minus_start,-0.00022156728734297216,-0.007281417848005218,-0.009061089806002866,-0.00043088628548036163,-0.01044534223825826,-0.012103938285149636,0.010195531022287185,-0.009809233204592475,0.034601443991873655,0.029953315074511173
B5_x_start,-0.0328702539579203,0.005800295555034814,-0.00047929981729483726,-0.005778113619458086,-0.006947867234496898,0.0007376389873607574,-0.0044571729793875725,0.014459453232123432,-0.0008130890049713234,-0.002451435776433424
B5_x_mid,-0.029637903240289747,-0.0021656573466887845,0.004006368599685977,-0.005516827261411911,-0.010894197434141592,-0.004240579407930749,-0.0117519950505011,0.0010890236580940807,-0.0029433994285031854,0.0006697087746675983
B5_x_end,-0.029824352430271428,-0.00020248538974924663,0.000504812334010223,-0.00437864361181455,-0.0034375643114758266,-0.012473569007334937,-0.0031386378055864874,-0.0038173620328191557,0.003761546938579179,0.0025828933732904183
B5_x_mid_minus_start,0.004223610318264399,-0.01176896400647291,0.006677563626168127,0.00028497063411298077,-0.006007958418989597,-0.007407074985547515,-0.010954097577867507,-0.01966814959844708,-0.0031900951961977655,0.004607970582426214
B5_x_end_minus_mid,0.0008488762381051298,0.0024933202189964124,-0.004452366257956142,0.0016005658479568464,0.0095673488560346,-0.009971616027211475,0.011021227751881968,-0.0060740584003635655,0.008353596547112214,0.0023286926030117857
B5_x_end_minus_start,0.0042165757238171765,-0.007132020567050551,0.0011598239914320397,0.0017511271690153762,0.004241676219376615,-0.015456280104915952,0.001630147954833012,-0.021651114093888806,0.005363172827677394,0.005933192094152548
B5_y_start,0.01507628839380472,0.014002426625711684,0.002974260934239911,0.005905636036608677,-0.026661697562822672,-0.028415701251717822,-0.019923380515935722,0.029966601754914807,0.024494545212986694,-0.04316603591265109
B5_y_mid,0.016053520175052603,0.014944195611037325,0.009931047036301092,0.004692521940784933,-0.034191965629995415,-0.02853473135409394,-0.022356033005836374,0.018159160640770413,0.02537541234337946,-0.01939445651812534
B5_y_end,0.01554423028886672,0.010529487905700482,0.0047785709954905045,0.004850890660272813,-0.03366247496871606,-0.03223394045950152,-0.02036999130587881,0.016457159628204498,0.036577607059479746,-0.019531467512707762
B5_y_mid_minus_start,0.0018690595413337321,0.0017817496305680797,0.009445858707072843,-0.001409535600591941,-0.011091601591613045,-0.001210766403589796,-0.004001483487508562,-0.014736920770085007,0.00208809981059525,0.030304304100956653
B5_y_end_minus_mid,-0.0003869384140720191,-0.00606104638468182,-0.007237618384124384,0.00033137249972740976,2.088020878754166e-05,-0.005973456473002593,0.0023859943857683975,-0.002066535703236597,0.016759109042611846,-0.0006208667145013915
B5_y_end_minus_start,0.0013805900748683055,-0.003602852974198778,0.0024126493257026543,-0.0010069690122791206,-0.010159119290843902,-0.0062729617390985684,-0.001609705822215306,-0.015307762158073298,0.0163984825593948,0.027269361735251345
B5_z_start,0.0073767803214324435,0.0017549709654388229,0.004630349757740653,-0.004760331566588362,0.005506561944529405,0.0037513890099992874,-0.01403505929709998,0.01015882067908177,0.014393383402766647,-0.0729683237407138
B5_z_mid,0.013233970574478213,0.006383960780751832,0.016354726801977984,-0.01027253021025862,-0.0019456037492137548,0.000778924898323329,-0.012028945922759408,0.01244256284368508,0.052416695564348526,-0.04168632638874181
B5_z_end,0.005910149955802082,0.0018089842915506448,0.01397981091382744,-0.0018260139517729417,-0.003921189610028993,-0.011521934900124355,-0.01041807117025735,0.013382443789831316,0.06307725465408774,-0.02706883314037053
B5_z_mid_minus_start,0.006562502963571529,0.004714321795971236,0.01196197785729125,-0.005923189762693283,-0.006624296797128274,-0.002462107001860504,0.0003290270057113622,0.0034024308308690287,0.0387216662411048,0.022031351796309412
B5_z_end_minus_mid,-0.008146996573360949,-0.004959797975966235,-0.003470831390108835,0.009052962147363475,-0.001818618830495007,-0.012209519256956215,0.002418523868045186,7.376802805843001e-05,0.006932971933309081,0.017309996620043015
B5_z_end_minus_start,-0.0008765447855659124,0.0001305251568802223,0.008091854682953635,0.002238410674619895,-0.007666337650382901,-0.012670359439903568,0.0023632632488144994,0.0032050765499863965,0.04166428594397201,0.03508633657939274
B6_x_start,-0.009901916711736144,-0.012059435987087324,-0.01137153724424759,0.012452556099996518,0.035082848385429626,0.05063274158866378,0.026219604048795187,-0.009501581685696703,-0.009341330342634934,0.017171171188730718
B6_x_mid,-0.009726006701633077,-0.0141509081786888,-0.012034235859477615,0.014459619076764576,0.037286937469247175,0.04734552283363384,0.022644469018425567,-0.0023950729386873018,-0.009368075411121446,0.00974255979389769
B6_x_end,-0.008836081322791813,-0.011790173914348024,-0.01028980609265493,0.01014660186158332,0.04112285087518149,0.04927080527707929,0.022111916588612723,-0.005220791241344693,-0.007948210276385835,0.0028291800130011537
B6_x_mid_minus_start,-0.0004894170783272857,-0.005114068793903532,-0.0022564574386637446,0.004981785326010433,0.007274170098298168,-0.0021761006735732764,-0.004796765689013631,0.013124730883986524,-0.0008392949897923093,-0.013109821713753536
B6_x_end_minus_mid,0.0011102329935959124,0.0036832683864306826,0.002621738298977995,-0.00745117392164349,0.00980424062828708,0.006734891870121265,0.0004015897825910492,-0.005633697942340926,0.0021610045223455607,-0.012794798359692442
B6_x_end_minus_start,0.0006523507646238569,-0.0012351618119737274,0.00046845224285322045,-0.002725286742061694,0.01705449452137215,0.00472941381318255,-0.00426329951227494,0.007053520215171771,0.0013801350457002856,-0.025779091926405196
B6_y_start,0.008955113710822124,0.014643910161785031,0.0059806169383664985,-0.003302366894671138,-0.029224313894818128,-0.03895932779494396,-0.028275811542091214,0.022289080470746552,0.01976243076528862,-0.03636558138890045
B6_y_mid,0.012338096080049077,0.01210746676362217,0.014972783241601064,-0.0014282547530457363,-0.03437019911811836,-0.03638748282612773,-0.024350830960810282,0.014718125514855747,0.02860643788084147,-0.029579679577742612
B6_y_end,0.010769447822514213,0.008428829770005261,0.00911583006985296,0.0007626075060423926,-0.032142698203857976,-0.04801127670219764,-0.02470840584561038,0.012237904822001188,0.03389585503133954,-0.01665464566765947
B6_y_mid_minus_start,0.0043882556312541945,-0.0030685859149745605,0.01147934406917938,0.002345288960714313,-0.00683688229681008,0.002861278651998962,0.00469018118239808,-0.009381561158255397,0.011434204475503156,0.008238749519332745
B6_y_end_minus_mid,-0.0014634655687474124,-0.004399842630780534,-0.007252798926702939,0.002952997318409777,0.0011089280353254836,-0.01819624933640558,-0.0018960375879650854,-0.0025894292229957914,0.008973238214311775,0.016204501313106218
B6_y_end_minus_start,0.0028848282076790405,-0.007022436159774224,0.004385984626457816,0.004989005043502792,-0.005575416077358548,-0.014031923975787534,0.002777015323574576,-0.011444773237471785,0.01931766806881522,0.022907300551080357
B6_z_start,0.009650731235462322,0.0029848402954548766,0.015609859742621515,-0.009678722595469043,-0.0042404146822987284,-0.00758012262884993,-0.027270146137780345,0.02159319878270158,0.04233918528034533,-0.05541824517654797
B6_z_mid,0.014259793404830887,0.011111570600101565,0.017871167529572587,-0.010729097807662112,-0.004834100833541064,-0.0027724148839623213,-0.01621283395225399,0.02327777239733781,0.06140106699590895,-0.05021855777802082
B6_z_end,0.008191088449410917,0.0034466259592817266,0.013522283771794411,-0.007966144329962791,-0.0067302966928209865,-0.01851478328425409,-0.016920278708075494,0.020067268836876134,0.07540834112428298,-0.03101380950757771
B6_z_mid_minus_start,0.006584561423286576,0.01010937751752846,0.004393541830102641,-0.0023004501869738313,-0.0011686909616999076,0.004981139190044124,0.010404237589500863,0.0043386368264017325,0.027491506625501493,0.0003373752562303529
B6_z_end_minus_mid,-0.008139004402674037,-0.009472837563544693,-0.006727569750158517,0.004201098838768817,-0.001456483871822433,-0.016461832453516408,0.001142026479418222,-0.006146110467997208,0.007754046404080917,0.026352000414305
B6_z_end_minus_start,-0.0015549775061068636,0.00042496062424554317,-0.0022439748633765653,0.0018061907773471392,-0.002422828590674053,-0.010762689063545881,0.010569224809888736,-0.001753221790813959,0.03233368050082609,0.024823117199537743
B7_x_start,-0.029120146927448565,0.006930373130473484,0.0014851699941626714,-0.009896153428814222,-0.006821333437650348,-0.00016302511897880315,-0.005224292895774698,0.016858775247480973,0.0001898563088830953,-0.008421009053479998
B7_x_mid,-0.025646678141713584,-0.0012566555248893494,0.006870667956743293,-0.010206075995285021,-0.013383718763861205,-0.00538241720100479,-0.011465062807089785,0.002561330183118383,0.0005456072833114151,-0.00015746711788623558
B7_x_end,-0.025588779056127713,0.0012450211031481914,0.0009484726579729228,-0.008723057408617967,-0.006103925097778655,-0.01414692291958538,-0.003969131821651765,-0.001927483173453945,0.010250340504909916,0.003726177102810871
B7_x_mid_minus_start,0.0038946878763583053,-0.01074280847467247,0.007219801051443292,-0.0006639770206033677,-0.008924475797749113,-0.006964791100230323,-0.008455113103631859,-0.018640277780566036,0.00047924385759653753,0.010807091474115927
B7_x_end_minus_mid,0.0008673354356216652,0.002858957747555595,-0.006889821143109982,0.001990706389939751,0.008623669471618096,-0.0097102044981314,0.008807275080475088,-0.005139475784102348,0.010921208310981926,0.004382206808003778
B7_x_end_minus_start,0.003971176343239431,-0.006047267389651587,-0.0005780617512311892,0.0013211264085499041,0.0008146022586589222,-0.014724970794351852,0.0013670700190255302,-0.019929799592198823,0.01059300813684843,0.012865112858601384
B7_y_start,0.014798778502130483,0.01350563230747049,0.0033675543938885026,0.0055079361417014906,-0.025817451406304325,-0.02672929302987537,-0.019210254885791977,0.030921785823407343,0.02490110654769412,-0.04557864994477072
B7_y_mid,0.015889794088637728,0.014478040450371434,0.01031550093636376,0.004211057656357581,-0.03347453882261016,-0.027046465612713084,-0.022052542213554554,0.017892182486856412,0.0266401222553834,-0.020004105126007008
B7_y_end,0.015334052131709307,0.010483056554044296,0.004864707261185824,0.004790642884484311,-0.03354053888576592,-0.030803980370095314,-0.020173591750478625,0.01590606100109917,0.038189504476986956,-0.01907921249883367
B7_y_mid_minus_start,0.0020200249008661174,0.001813481526799587,0.009104642911294245,-0.0014455718989185818,-0.010948440388725375,-0.0015150574619256143,-0.004462292478887168,-0.015533596264554455,0.0032741096530415335,0.031114686406158436
B7_y_end_minus_mid,-0.0006306922299552448,-0.005503515210395356,-0.007600809766698809,0.0008598013654153589,-0.00041869019944962814,-0.005571714609134616,0.0024402589957926587,-0.002632121895731481,0.01657642430234977,0.0011122432488282392
B7_y_end_minus_start,0.0013297988867639258,-0.002999161691992364,0.00195281357007816,-0.0006047445757447917,-0.010466015784157895,-0.006130851771092715,-0.0020483672778797623,-0.016579971295992302,0.01710097293524546,0.029677730874322173
B7_z_start,0.005055839609225419,0.00021606403294856255,0.004814125019735252,-0.0031880097461236853,0.006457854644411545,0.004123358229151611,-0.014632625072157249,0.008717464511223282,0.014008623941218663,-0.073150468164761
B7_z_mid,0.010963925697144439,0.005807862435380347,0.015673059114921947,-0.00892653252637409,-0.0007584058656858389,0.0003013218709514278,-0.012132100534020385,0.010779959828215275,0.052546841440595064,-0.043471211665182245
B7_z_end,0.003348914547333483,0.0017813058015225653,0.014319488284714191,-0.0002530777878062704,-0.002299759164214275,-0.010582609813043788,-0.011162528182877161,0.012457122039650376,0.062084367521079764,-0.029082763691278518
B7_z_mid_minus_start,0.006270284947943882,0.005447242558887165,0.011046959276920345,-0.0059065718322341785,-0.006311141186939701,-0.00326766082374483,0.000864787367469838,0.002930524910677149,0.03887734617379379,0.02098708749510728
B7_z_end_minus_mid,-0.008136808107908483,-0.004303028701947838,-0.0021821364994679586,0.00907684055510354,-0.0014873271540499927,-0.010805715327540126,0.001611621094256072,0.0010846586173424459,0.0066375599619902,0.01659437389633083
B7_z_end_minus_start,-0.0011816528596803526,0.0013377967620098092,0.008307624183535573,0.0023201994105542727,-0.0070833573880618944,-0.012246649563609963,0.00217410341789851,0.0036259421819835706,0.041476128180404075,0.033512897147322994
B8_x_start,-0.01099078882607145,-0.01272292877924412,-0.012155428316804601,0.015485464167410616,0.03303698369186741,0.048017377898044784,0.026306655164593493,-0.013912845756014387,-0.012344408937370729,0.021391282117284246
B8_x_mid,-0.011263064956587633,-0.014634196062582518,-0.013407948532779152,0.016815139719527656,0.036315471151847634,0.044719530598825455,0.02066052013913813,-0.006212680116945168,-0.014133682637915698,0.013320098179983393
B8_x_end,-0.009907702262926648,-0.011548761182388869,-0.010829590283639983,0.012621989915633059,0.039829540602677696,0.04822644492984785,0.02070878058105426,-0.007314667941939021,-0.01428084377239249,0.003467801501529852
B8_x_mid_minus_start,-0.0013990703885365134,-0.004471398431818569,-0.0032472461669186305,0.0036616010035744636,0.008601005150125813,-0.0019055849982149852,-0.007904104346717292,0.012603261546948089,-0.004221994632121426,-0.012645246586716863
B8_x_end_minus_mid,0.0015969009600285983,0.004552592600721126,0.0037061442758357173,-0.0064431601735302655,0.009601026351727519,0.01028809849877262,0.0018122916501901142,-0.002579441513311618,-0.0014533216149626694,-0.017321753330638373
B8_x_end_minus_start,0.00019369026859895156,7.798266810402432e-05,0.00044929331324278715,-0.0027295574972383743,0.017874376735449022,0.008229343469105059,-0.0059841040379620125,0.00984643376945755,-0.005573752538726009,-0.02942697606790302
B8_y_start,0.008708430926583667,0.014714354276753865,0.006743058696743345,-0.004910093895785702,-0.028693220298487577,-0.038496130423693896,-0.028649659155156413,0.023357305148110376,0.021352036098432184,-0.037789186735956166
B8_y_mid,0.01226369459463862,0.01219792764546248,0.015489100678487779,-0.0033377961033352367,-0.03331583365566071,-0.035500887621054966,-0.02459521478264779,0.01682722275187961,0.030013601516159134,-0.03127938041811225
B8_y_end,0.010600587047981374,0.007834319263084638,0.009487918805509815,-0.0011938732067778336,-0.03177556628226945,-0.04782072519016554,-0.024739671206332203,0.012665299100672803,0.03706158338880326,-0.016622006053401653
B8_y_mid_minus_start,0.0045608645990485586,-0.003124199670668788,0.011146726007131727,0.001973379506164357,-0.006016634399401657,0.003614149284692876,0.005009066705938221,-0.008181091890285725,0.011112153404100891,0.00808344289568553
B8_y_end_minus_mid,-0.0015732433574066132,-0.005297624736535357,-0.007361039109244204,0.002758291622496268,0.00017138116540345758,-0.01905188243083737,-0.0016390937954149929,-0.00474871021998483,0.011467462064451761,0.018362301830661874
B8_y_end_minus_start,0.002926308309155878,-0.007905030097903904,0.0038976926027066037,0.004449026125154075,-0.005622569656733054,-0.014160292118167005,0.0032960247816507106,-0.012255997977359497,0.02129073783440933,0.0247619014593272
B8_z_start,0.006850504080344045,0.001250833080157799,0.015797511736452736,-0.007811368454313203,-0.003492936621008714,-0.007778988869233972,-0.028181042130147712,0.019086385730507516,0.042052711259285315,-0.055775379194430916
B8_z_mid,0.011511920777717614,0.010474307699243198,0.017092230967975554,-0.009167263763351172,-0.0036039831765015714,-0.003667191795393673,-0.016899108231194827,0.021149597255378506,0.06176099484708628,-0.05203076797263718
B8_z_end,0.004990651233698097,0.003223339826659467,0.014104368344281467,-0.005917165504571129,-0.0049393359144458806,-0.01796071137454348,-0.017819444315762285,0.01863485908843302,0.07383240463568509,-0.032980415268111775
B8_z_mid_minus_start,0.006204132604107289,0.011065493848337039,0.0030902320094189236,-0.002377102344919605,-0.00047539036167687336,0.0041127767923499,0.010611964186683656,0.004325518290762504,0.027518575426579147,-0.001044907071288325
B8_z_end_minus_mid,-0.008088468192777138,-0.008763277919154348,-0.004875881365986474,0.0043707290344242086,-0.0010660953637679964,-0.014867489128801982,0.0006923577405685443,-0.004773423803781669,0.006748366758462728,0.025450310275016375
B8_z_end_minus_start,-0.0018483772054706858,0.001941227420266066,-0.0017041492084914171,0.001884387431633369,-0.0014176834559611947,-0.010017297092398073,0.01027526202530093,-0.0004878344306847857,0.031226603150189023,0.022591070352584265
B9_x_start,-0.029776259242357873,0.006164831991370186,6.956013056844659e-05,-0.00674472084595519,-0.005570635930169396,0.0010455743326719515,-0.006592656441290348,0.013807963375123342,0.0006902586425010897,-0.005514878441284788
B9_x_mid,-0.02642702163689282,-0.0025650659202015656,0.004900546837961281,-0.006696531399412381,-0.011715493004073638,-0.005273045046206394,-0.011549877994138268,0.0006142734809165266,0.00022503935971814415,0.0008445692668603836
B9_x_end,-0.026617995454125198,0.0005222803195549183,0.0004146024423384167,-0.004075567547929505,-0.0038505086331918244,-0.013216897218056458,-0.004577385699805769,-0.002830805239954758,0.0074231942611581855,0.004029268586840844
B9_x_mid_minus_start,0.003631118601290613,-0.011704262301805865,0.006586071795939148,-0.0001457475196260637,-0.008549113483342523,-0.00857853077925662,-0.0069625856615324905,-0.017548139546337115,-0.0006123851974244763,0.00849407717829864
B9_x_end_minus_mid,0.0006664436838311584,0.0035237441395942776,-0.005159072382467348,0.0031417678696723777,0.00914905770353368,-0.008671745176695765,0.008149569454479063,-0.0038572590137468015,0.008009182716090761,0.0035187409079018004
B9_x_end_minus_start,0.003499610149446927,-0.005947948202933357,0.0003608268209764994,0.002838400476697195,0.001837121334266403,-0.014940311242020297,0.002152767394067642,-0.017511029192950125,0.007045262636034234,0.010028912493148611
B9_y_start,0.01479994909528664,0.013416155103504683,0.003980837097649354,0.004069895787096728,-0.023937175845111444,-0.025359494638362633,-0.0192949964041392,0.03133509389347944,0.02494963795294996,-0.046042521866114315
B9_y_mid,0.015944957619232043,0.0143231557250051,0.011082263771436398,0.003760698382314498,-0.03296862781003852,-0.02574748457863305,-0.021920765709461575,0.01872333927159574,0.027186893657466824,-0.021252110780406484
B9_y_end,0.015387061584534933,0.010214620585659499,0.005320569585418263,0.004063857241029205,-0.03293151224545696,-0.02970066412918213,-0.01927080933756552,0.01587078314481331,0.039838018665910926,-0.018968174213911868
B9_y_mid_minus_start,0.0016690611319707237,0.001350697209148031,0.00886913950751474,-0.00031452506684012557,-0.01159825310420885,-0.0009090454722971261,-0.0035802945716864754,-0.015102724157549163,0.0031942157650425877,0.029949367764000513
B9_y_end_minus_mid,-0.0005165677762292044,-0.005468261841519432,-0.007813866215627024,0.0004812469270819416,-0.00048063686248718274,-0.0058995025538200446,0.0033222642884724435,-0.00365492222191573,0.017988699174503613,0.0028253065926765286
B9_y_end_minus_start,0.0011143972363008466,-0.0033305628081017036,0.0016736920251178536,0.0001117318366039449,-0.011155026834287308,-0.00578687543255288,-0.0005348733467750202,-0.01706410898479548,0.018036832800346545,0.0301325032197139
B9_z_start,0.0022225460039115856,-0.0017910772371955027,0.004917779394303396,-0.004313127239780881,0.010111903995718279,0.006979651672375909,-0.012706996353277083,0.00458598831104022,0.012087681273911924,-0.07063012332248453
B9_z_mid,0.008533736979930323,0.004328553672996707,0.015421398795435822,-0.010112091180051904,0.003403516353417797,0.0027543908747144174,-0.009904738023778071,0.009098772863035315,0.05199782806540141,-0.044092328970981684
B9_z_end,0.00041237055220722847,6.386761852560438e-05,0.015300584028393717,-0.0011827340878571768,0.002062571792503321,-0.0075987854119048915,-0.008882158801160656,0.010898263934783057,0.059624888679784965,-0.029673833165596065
B9_z_mid_minus_start,0.006315404355345793,0.0057292035044413415,0.010632482690360778,-0.00602987250380633,-0.005465760568323967,-0.0033815418434044618,0.001435104305466598,0.004815395567442915,0.03974013685523685,0.018560041764452265
B9_z_end_minus_mid,-0.00840731494354937,-0.004407629312871793,-0.0008477186015768999,0.0092782150485487,-0.0014823961360978014,-0.010333830665633174,0.001475804953476987,0.0013435989821756434,0.005060080258694284,0.016293634700572927
B9_z_end_minus_start,-0.0014226500750380696,0.0014828529468216918,0.009068603416508926,0.0024360810788392083,-0.006314346408236761,-0.012019076384108728,0.0025940074181618903,0.005595394395361915,0.04098386900633036,0.03114200899929721
B10_x_start,-0.01301916512445922,-0.012013971263567314,-0.011839272561185856,0.01343618686037685,0.03359599926138337,0.047562356189685163,0.025497152352738438,-0.011688484408160092,-0.010355122737728381,0.01691506886021671
B10_x_mid,-0.011668805941157715,-0.014651688630226265,-0.011277297120468066,0.015832833053905978,0.03613307197633404,0.043969008923655656,0.019609682488305996,-0.002937616440944456,-0.009270373818070882,0.010274339624975763
B10_x_end,-0.010929897634252705,-0.012203198177025525,-0.009506889794385782,0.011163527083173766,0.03878927283021906,0.04606410172322041,0.021292861555046314,-0.0066051507669824695,-0.0081691529113008,0.00152274139676201
B10_x_mid_minus_start,0.0005732447012983401,-0.006470763594753613,-0.0006790370680036049,0.0062395244751341445,0.009373527829760472,0.0003206040284238489,-0.006967263272991744,0.014101237136553132,0.0004752409404444887,-0.00955126474535146
B10_x_end_minus_mid,0.0007148686187156671,0.003537957433662127,0.0025248956911586326,-0.0073364036886581375,0.006370987862051598,0.0057782314769752015,0.0038771344658324863,-0.00651086574103442,0.0014607077363164751,-0.014694997547257707
B10_x_end_minus_start,0.001280344175621258,-0.002578849740757501,0.0019324040398765881,-0.001528218513865191,0.015495480973402581,0.00621786468651704,-0.0027074602220127078,0.006846528027130343,0.0019494198866155453,-0.024180676874072184
B10_y_start,0.009183430114192115,0.014682986466260584,0.007204669528466113,-0.006201748365818257,-0.027728888581660484,-0.03750047825680264,-0.028288563215867937,0.024243390193672335,0.022344201661060086,-0.03816733028386614
B10_y_mid,0.012892091411211698,0.011911489697309532,0.0161106385879005,-0.004136687370562887,-0.03172985327678277,-0.03461860617292996,-0.02430226448820494,0.017893806394866586,0.0332274764316182,-0.030989836995916842
B10_y_end,0.010911445761281606,0.007907284948309362,0.00979116026076021,-0.0021634445723349187,-0.03162058973611737,-0.04701462230045167,-0.02366206490014673,0.01289271698267557,0.03902812804729158,-0.01725679387050262
B10_y_mid_minus_start,0.004576720421269971,-0.003572131008522006,0.011095227403995928,0.002628204405072649,-0.004811771628796874,0.0038711660158840923,0.005188424237172423,-0.008117606904674982,0.013463115819114253,0.009251939986916738
B10_y_end_minus_mid,-0.002102250795805007,-0.004917138060656891,-0.007886993926427104,0.002504828421681725,-0.0013461643481533486,-0.01859224619193584,-0.0002696129143133792,-0.005999100410045735,0.009502794062736526,0.017328980391392402
B10_y_end_minus_start,0.0025288997580753536,-0.008051291990279355,0.003544634066196833,0.004892330344017334,-0.005954607528049806,-0.013443178009477266,0.004825664913451555,-0.013500552774165932,0.02197674411784481,0.025110013175443455
B10_z_start,0.004767960158487588,-0.0012184942668189182,0.01599975888416899,-0.007849458522200781,0.0004166630373888799,-0.0034966389376834897,-0.02595415014111581,0.015402428230307484,0.041966363205587644,-0.05309819082998587
B10_z_mid,0.0095907726949428,0.009038496542267337,0.01635783139726604,-0.009182299799837649,0.001225043522836893,-8.762780375591333e-05,-0.014664296717903029,0.019866170551939615,0.06179147174344782,-0.051942880068357525
B10_z_end,0.002468824496099469,0.002045868044318422,0.014107490076572079,-0.00601766053901982,0.00026712067803900356,-0.012717582328912624,-0.015244030309831793,0.017637918429771,0.0724114982249298,-0.03432629557860463
B10_z_mid_minus_start,0.005971887622977897,0.01172080930518402,0.0017932404185941253,-0.0022139375794344627,0.0009679812431711232,0.0036287892876871006,0.010777567719926108,0.006475392584310867,0.026478318539335285,-0.0032490706066520252
B10_z_end_minus_mid,-0.00832713696785516,-0.008141957822691469,-0.003828649440703876,0.004142296894424072,-0.0011141889247609277,-0.013231120897250447,0.0007099346717018758,-0.004120728194011948,0.005580024151240726,0.023133288001981306
B10_z_end_minus_start,-0.0022350824768910768,0.003149491717096292,-0.001891598670486828,0.0017982237831213367,-0.00014583536923598226,-0.00886655849216144,0.010427874240865893,0.00208684100467686,0.02914392741065421,0.01830998691634305
B11_x_start,-0.030722288534056764,0.006036399337457847,-0.0004128807179367426,-0.005684936646986389,-0.004998535257792331,0.0029440586347547807,-0.0054769287258995564,0.013793113142990534,-0.0001309864597557937,-0.004451666340310369
B11_x_mid,-0.02749894760160138,-0.0031390637478280943,0.003904299342412569,-0.006169312645046732,-0.010008467750258066,-0.00322763733302185,-0.011120244138944633,0.0001052659937356877,9.751620087469813e-05,0.0008001873530521802
B11_x_end,-0.027388490288901064,-0.00017414854931676102,0.0007377899390175375,-0.00422543227898585,-0.0016322979255553923,-0.011170834222869172,-0.0040360294237363654,-0.0022323749443264275,0.007843259915423579,0.0037965078152977904
B11_x_mid_minus_start,0.0038304002990289946,-0.012660271912878801,0.006009205708547344,-0.0007978832183525624,-0.007091662115777332,-0.00853976954427133,-0.00798491542073933,-0.018783128619540602,0.00031570452581974564,0.0072249862708216326
B11_x_end_minus_mid,0.001185708653861262,0.0035093135057681114,-0.003769182807810413,0.0024592008192827453,0.009958081022231098,-0.008953310992630662,0.008524439883750748,-0.002675564574568744,0.008848253902478976,0.0033934332451289622
B11_x_end_minus_start,0.004098592690817181,-0.006676900537628275,0.0012238676990128476,0.0016489647025511303,0.00365133286559002,-0.01497307903466254,0.001625407217171984,-0.017195471099565342,0.008430397145984462,0.008800792620985019
B11_y_start,0.014743824006816104,0.013802606912378425,0.003464014690391255,0.004950301228934272,-0.024718598739589818,-0.0258596866973962,-0.019373746732054983,0.031211283724737745,0.02452032671319016,-0.04578626688285443
B11_y_mid,0.01599722378590006,0.014307234455931218,0.01092158482254163,0.0041020032859468755,-0.033014853976768274,-0.026042152202649712,-0.021846360894005525,0.018602230215355113,0.02709713199002767,-0.021361899749876397
B11_y_end,0.015751544051162594,0.010299890513201787,0.006211522795860225,0.003863045913641158,-0.032380992408016,-0.029669003381633845,-0.019508481612623498,0.016867967512620857,0.040257279491198304,-0.019511024387729146
B11_y_mid_minus_start,0.0019511040458735885,0.0009758277678334791,0.009570516249572933,-0.000959362186124361,-0.011151564752210264,-0.0008576771445225023,-0.0036140586687574833,-0.015284859759140696,0.003871098823114351,0.029962452830564222
B11_y_end_minus_mid,4.1601378493274635e-05,-0.005301905943063414,-0.006374571908749544,-0.00023737012367472585,9.292755678427205e-05,-0.005743988033949457,0.0027657744309508643,-0.0019935698894610154,0.019207919826218084,0.002091030430132839
B11_y_end_minus_start,0.0018314500115312788,-0.0035836668774031737,0.0034222250350623247,-0.0010839007174787856,-0.010188116382156531,-0.005645402961784458,-0.0009891815245183402,-0.01575728747159434,0.019801682726648333,0.02935258548688512
B11_z_start,0.005989952710106993,0.0006554731274548284,0.004747058684719408,-0.004891505234776017,0.007167407869452173,0.005010672381195189,-0.013414486840852344,0.00840654924266741,0.013640537242267617,-0.07249644928665248
B11_z_mid,0.012029533242842942,0.005757866527267255,0.016186373993236285,-0.010515241286007247,-0.000151730523776858,0.0017298744317063846,-0.011216371410616363,0.011579514130642416,0.05245739653398084,-0.04251879708319529
B11_z_end,0.004433210456531383,0.0011003244392257876,0.014519257977077718,-0.0019477766189612729,-0.0019489633102644,-0.010121995203263984,-0.009751103196709838,0.012656940664870909,0.062405797317669945,-0.027930059953295963
B11_z_mid_minus_start,0.006548458045695244,0.005032626578313269,0.01165468645511558,-0.006019757152229123,-0.0062993710595602385,-0.0026197449941279777,0.000614358275559609,0.004036937969966201,0.039267764740612755,0.020907292365557488
B11_z_end_minus_mid,-0.008251700655987501,-0.004953910868504006,-0.0026940198022507886,0.009107659006868577,-0.0017568647601892366,-0.011763658533369982,0.00217160517258409,0.00030429850217553666,0.006360051922195425,0.017113105844702867
B11_z_end_minus_start,-0.0010159153504406021,0.00040605086596713473,0.00844791152620371,0.002235708843038019,-0.00731396146462695,-0.012477508993874583,0.0024240024437161725,0.00398448871992232,0.04166547171880241,0.03392355901813511
B12_x_start,-0.013226421929765328,-0.011689105621583417,-0.011801333517533836,0.013271812343762462,0.03374045922899045,0.048224020525528676,0.024972136196117618,-0.010763881541996144,-0.008314880853864056,0.01562672279703679
B12_x_mid,-0.011524210551763068,-0.014210276922648875,-0.011143204850272507,0.016059262806179087,0.03599101435976,0.04427272263121174,0.020548417799484596,-0.001203419656277328,-0.00840122410820726,0.00862339769046828
B12_x_end,-0.011125161588071914,-0.012113678914757882,-0.009225465198002882,0.010835045725878295,0.03922205624364694,0.04619106469350523,0.021728624119915548,-0.0054254135347234006,-0.006711928197565041,0.0005003855157290753
B12_x_mid_minus_start,0.00140612759554429,-0.0061764434496850845,-0.0003316206944459019,0.006874346543312402,0.008563784994237484,-0.000970733956653145,-0.004884632499918245,0.016211333476245496,-0.0012473881167937599,-0.010862029906499317
B12_x_end_minus_mid,0.00038432506350017656,0.003318882766877518,0.003087774894760547,-0.008812550182573554,0.006738349923030693,0.004643103576125304,0.0026689282245707523,-0.007519695468830074,0.002759630153139013,-0.014160907733879352
B12_x_end_minus_start,0.0017945612903539586,-0.0026454494047343205,0.002901287375246449,-0.0024095713829103515,0.015529306111465776,0.0038951588057205286,-0.0020459248743502066,0.008189673305743595,0.001651121052984869,-0.025569142263443506
B12_y_start,0.009273828072694213,0.01471977372166608,0.007012825741201616,-0.005742699020579291,-0.028008773646339573,-0.03783766265430944,-0.028326617304850643,0.024121527493993693,0.022346713883364247,-0.03795371967458786
B12_y_mid,0.012992626428217332,0.011668363698019182,0.016008667999093996,-0.0034829860801081636,-0.03155397123824406,-0.03507048586786891,-0.024431595477067265,0.01777422097875839,0.03332605020179397,-0.030333581054707945
B12_y_end,0.010988950469461318,0.007988415709978535,0.009672602974159821,-0.001645398286632989,-0.031656886478087946,-0.047054024993724755,-0.023844081298307115,0.01273237840964438,0.03802627040134409,-0.01687101224928118
B12_y_mid_minus_start,0.004590222920401447,-0.0039452309361163685,0.01122730455145937,0.002880330702094907,-0.004222469907944575,0.0037738174719917834,0.005112317064765767,-0.008154540328006542,0.013592419728807325,0.009861800340652723
B12_y_end_minus_mid,-0.0020414534703419433,-0.004399441243263131,-0.007792489064793634,0.0023218174938647866,-0.0018227212825845157,-0.018222108460467762,-0.000500857740520537,-0.005932306278825579,0.008190528937338402,0.01675335334330296
B12_y_end_minus_start,0.0025793959017097775,-0.007974129170445403,0.003690246038358107,0.004989025321366615,-0.005834715822979343,-0.013356227531927119,0.0045312442497992145,-0.013524810321382056,0.02095560269284837,0.025317708014481778
B12_z_start,0.008294937794097798,0.0018419570066159463,0.0157007723566151,-0.00906199920083601,-0.0027549025205450043,-0.006071576209173132,-0.02693252718491148,0.019871333109498936,0.04268858976880922,-0.055194532717219996
B12_z_mid,0.013051125231849084,0.0104848261327859,0.0175695270345599,-0.010149701591402709,-0.0028623184469503903,-0.0016132627836682506,-0.01581095232741563,0.02247875103515201,0.06195660860184855,-0.05077774722929551
B12_z_end,0.006607166226982818,0.0030171106011512424,0.013666051744266702,-0.007246909938786974,-0.004518660616527352,-0.0166845444648652,-0.01634279931503507,0.019594268001053492,0.07531888110963628,-0.03219856611606115
B12_z_mid_minus_start,0.006504341711612801,0.01045578731965221,0.003838009126584824,-0.0022260067724117925,-0.000411542326357401,0.00466973761323117,0.010434118244737427,0.005145257432047478,0.027286419170247975,-0.0004428120189453903
B12_z_end_minus_mid,-0.008274000637281372,-0.009061858135406813,-0.006108927099248901,0.004211904423195751,-0.0014210699956627776,-0.015703617733769652,0.0012340169166694017,-0.005592028011880962,0.007052800106995366,0.025348017969313685
B12_z_end_minus_start,-0.0017455684289736275,0.001129222543440322,-0.0021688877547492336,0.001878844851082373,-0.001694930447740337,-0.010317657667882138,0.010668274267378151,-0.0004959442974134583,0.03145059870186184,0.02312931006529005
