,PC1,PC2,PC3,PC4,PC5,PC6,PC7,PC8,PC9,PC10
AU01_mid_minus_start,-0.013186496642147105,-0.004052577844907072,-0.017603664876220962,0.004020850736510926,0.007976792665967989,-0.012930408123225292,0.001300932769204566,0.0062143707831985515,0.009358578918740807,-0.003884062516652769
AU01_end_minus_mid,-0.009819434449355203,-0.021814523297327304,0.008116493812738847,-0.012142930945217562,-0.024525403046549075,0.003413570341285448,-0.015171727696077275,0.011779822506044696,0.0104983677704337,-0.005510812745049211
AU01_end_minus_start,-0.019999688428782803,-0.02143725022338585,-0.00943281229763956,-0.006215394091757212,-0.0126847767060424,-0.00900161590092691,-0.011156874189590207,0.015243419416259868,0.01706508372621195,-0.008020988569114913
AU02_mid_minus_start,-0.008066803532280004,-0.0021359688890011394,-0.00298296797184437,0.0020105577743029473,-0.004731311695157137,0.00036634231244150975,-0.008581819711409653,-0.02052908648323481,0.00465432468725155,-0.017624167009718705
AU02_end_minus_mid,-0.005429559542538253,-0.01595567697188274,0.005029414675733283,-0.006226090878403422,-0.008881044819910682,-0.009518163363413868,-0.019202458641044043,-0.0008837090861892936,-0.0077130078938633774,0.004003223609569747
AU02_end_minus_start,-0.012100039298039012,-0.01686768550800382,0.0021487188139064583,-0.0041175846249920595,-0.012458208634378746,-0.008640679245498929,-0.025508811658502033,-0.018620338159430237,-0.0032261656807911847,-0.01150381371209402
AU04_mid_minus_start,-0.0007661834570990581,0.006111961180922269,0.0014379062862145044,-0.009506980403272037,0.014905667692897825,-0.004922499944706739,-0.004153262122323761,0.020589802142760873,-0.02437815920529505,0.0011781133336790422
AU04_end_minus_mid,0.003310227550243238,0.00860574972032333,-0.006315355949821458,0.0028329037075720174,-0.0010332351265470035,-0.005741350817413967,-0.007543440142377994,0.004403346168722297,0.01582508698681127,-0.02332331764783028
AU04_end_minus_start,0.0024073279936332867,0.014676315915551597,-0.004617542323373866,-0.007134074738733968,0.014483448606339698,-0.010668974215181478,-0.011613752128774758,0.025648655666458336,-0.010009404513080605,-0.021345465669190763
AU05_mid_minus_start,-0.003557196888243163,0.0002000736283569254,0.0068934128369610645,0.003015748592190291,-0.0032381217322237925,-0.019137063148824254,0.024472556667116202,-0.0014037993276164735,0.028491506111367887,-0.00045972660280908974
AU05_end_minus_mid,0.0030033965297512678,0.0024128308470718392,-0.0067299077901612474,-8.609176788834902e-05,-0.015568470232858449,0.013662657807071151,-0.016958932412359625,-0.005646185800959455,-0.0368230182672582,0.014994107893958246
AU05_end_minus_start,-0.0006087746460429131,0.00235712876616826,0.0003612516028784223,0.0027295886925861467,-0.01702148198555165,-0.005519981841611324,0.007520476995328258,-0.00638670508867906,-0.006611051110578948,0.013062765603691994
AU06_mid_minus_start,-0.007718904150868822,0.009370082307308994,-0.01310598639255176,0.0038967866252173113,0.006863597885879734,-0.011527427204611094,0.006734062385708035,-0.04522552208547042,-0.04790930153464677,0.05956741731180268
AU06_end_minus_mid,0.006565252075562629,-0.007188172856974218,0.01525514737671705,-0.012588318022390596,-0.0006975174066642752,0.006901285705635097,0.024962345833332022,-0.016338876749477753,0.04379734129631744,-0.014501548684373186
AU06_end_minus_start,-0.0008737574937980927,0.0017517608555382468,0.002149294654048406,-0.007760264573020198,0.005322708401286818,-0.00387237099425502,0.027902809766782336,-0.053586053049821454,-0.0027272923798782552,0.03872349904180008
AU07_mid_minus_start,-0.0016150046739419719,-1.912763943721372e-05,0.0013586833946659064,-0.009652967981913667,0.001989668811212176,0.007619066166338136,-0.009652827360788574,-0.01008811110607521,-0.014989920387154753,0.04974911340991194
AU07_end_minus_mid,0.006022966235216574,0.0059384263401255286,0.0034635134718682048,0.003948724987226221,0.003030291296382182,-0.001723282671155387,0.002426893609126231,-0.013598259796399679,-0.003080588870874169,-0.031495712949179265
AU07_end_minus_start,0.004894208523618494,0.006398720576259426,0.005101813726227917,-0.005385453970278915,0.005264602013316411,0.005756659194732635,-0.0070300054334079065,-0.02478418753649504,-0.018319211794651902,0.015710684106314494
AU09_mid_minus_start,-0.0009215865257965788,0.004331214644951355,-0.015967949844132946,-0.0013871844036981082,0.012432146663101365,-0.0033861708619372117,-0.0028586941181636045,-0.035535358960346576,-0.05177543511058627,0.034411144942016025
AU09_end_minus_mid,0.0012151345832166736,-0.0046363291416484965,0.01662116300946461,-0.007748830074564643,0.004665261862943149,0.0006211411131067962,0.020218949591112725,-0.01161024692058514,0.042582103158279545,-0.012204767867174775
AU09_end_minus_start,0.0002247937732162302,-6.991435283586471e-05,-0.0001753060085820013,-0.008455730676712448,0.01630173940733813,-0.00270312327857717,0.01580087761480513,-0.04501244288495156,-0.01095414446641292,0.022059466935845887
AU10_mid_minus_start,0.0017260861940406002,0.0067143429576167245,-0.009444252468185688,-0.013903105662157024,0.014739052342935348,-0.019603590342672512,-0.011701010327870083,-0.02247690846133277,-0.007407319286084189,0.025460288237630354
AU10_end_minus_mid,0.008304798871307573,-0.0050158280875469636,-0.004364596965277544,0.013202759603563477,-0.03393962373870929,0.020899183311297396,0.025990377885212593,0.008916675134091475,0.02459096276972265,-0.00502897657592612
AU10_end_minus_start,0.01020506989830389,0.0013793944727106577,-0.013664955935246872,3.5665376191794544e-05,-0.02051343260891919,0.0023943522292126642,0.015306154028156624,-0.012702236935229766,0.018044645822109708,0.019594863913840754
AU11_mid_minus_start,0.011336636922758445,0.0006841767562022358,0.004091392332858436,-0.004205639495357082,-0.0032133578713985037,0.003043165862424625,0.0060986173001155546,-0.0003848962091653841,0.018955712220365198,0.012934541922352905
AU11_end_minus_mid,-0.005301920217103004,-0.00321027236642047,-0.001010788423836401,0.013156345795619218,0.0045986395105409,0.01443330020483944,-0.005667518919294283,0.009203913491159971,-0.004242319472719165,0.0008488330531340078
AU11_end_minus_start,0.005480240471355716,-0.00249795828197742,0.002861254852217488,0.00891792536697282,0.0014764666494442925,0.01698967644716403,0.00019281675434252668,0.008645517344247818,0.013687739605614632,0.013003727575115885
AU12_mid_minus_start,-0.0031998788009692707,0.007105907830252038,-0.007770318017706214,0.0019092287833751595,0.0036029820338427513,-0.01347648464927712,-0.005375879034280931,-0.054534119324557595,-0.04454551288075869,0.05287253577997752
AU12_end_minus_mid,0.005494906629048178,-0.004888322956544494,0.008575651399438278,-0.011426031838837314,0.0014571452803174936,-0.000863765174653123,0.034879195314840114,-0.008972330295792136,0.037576434937233276,-0.015312219574285166
AU12_end_minus_start,0.002097160454515366,0.00169416882897587,0.000952463052099355,-0.008326227029020023,0.004276642742153497,-0.012013486229200232,0.02579468797580606,-0.05336995409536978,-0.004600471922454396,0.030893455011297994
AU14_mid_minus_start,0.013450963730834186,0.00714122248951634,0.005752770395767577,-0.010106859288135822,-0.009800109997034965,0.007698649418251468,0.0034510836695758524,-0.03599076815537864,-0.06655818970259765,0.03381487000252365
AU14_end_minus_mid,0.010046472116124246,0.006462892619811874,0.009307985654983244,0.000611845798562301,0.004125300933084328,-0.0067431515673184225,0.05214917775970001,0.016966558700309706,0.07932613100237065,-0.008544807992125465
AU14_end_minus_start,0.020825481327418526,0.012030317817744296,0.013229048123821566,-0.008609276458619693,-0.005301541353460312,0.0011437912769426807,0.04809956939282197,-0.017903116246351394,0.008249022163302396,0.02319993649336122
AU15_mid_minus_start,0.002928920096697679,-0.0020871382541741866,-0.0061972371630723425,-0.007439546895765529,0.005700713052022796,-0.014874910688307237,-0.01734139808124064,0.014307951564530649,0.010067229660310512,-0.021478404026342168
AU15_end_minus_mid,0.00549198114012665,0.0036135738336338995,0.007550306346641789,0.010604370666785268,0.008998449735569755,0.016061764961359217,0.0015658506280874626,0.005218166373008522,0.00975204758199027,0.013181480575933035
AU15_end_minus_start,0.008521640224013574,0.001854125118110225,0.0021573317258790914,0.004212067596259379,0.014805498803407828,0.0030079123455668683,-0.014563192709644254,0.018871335110529287,0.01968126495554599,-0.006198713803112822
AU17_mid_minus_start,-0.0032682490859592328,0.007323409388975723,-0.0038962034957146937,-5.962312251413578e-05,0.011550086914185687,0.007522305130700863,0.0031034389733969802,0.0024619699442269853,-0.03032205252018052,0.0218217036027124
AU17_end_minus_mid,0.0036192669470622905,-0.008262610840040704,0.0035821092460336986,-0.005556382630289759,-0.01615995018607793,0.01018365372035064,-0.0015878017144918576,-0.02069320082656904,0.011827747792830048,0.0024613343805685445
AU17_end_minus_start,0.00030262107709625314,-0.0008167370946503368,-0.000304518004333355,-0.005100573036160138,-0.0041294138213450555,0.01611718932411585,0.001391800838044263,-0.016544850296140348,-0.01694588974813936,0.022160997493607226
AU20_mid_minus_start,-0.0035666283116687707,0.003808793288343474,-0.00979612312307261,-0.007573382586416801,-0.0034191452182148556,-0.03429226273114561,0.002094572412073796,-0.02959849526948752,-0.029979052455499828,-0.008434210482885441
AU20_end_minus_mid,0.0035078311380994064,-0.003774397456171669,0.005246025201012201,0.00673524449043663,0.0019888589464200526,0.011463294901219495,0.008062897459844308,-0.0023334756812748406,0.02163003405409811,-0.014968536419419481
AU20_end_minus_start,0.00010868475113765955,-0.0001426105021497717,-0.0038045832192745515,-0.00043610267411389937,-0.001180347247809577,-0.019770272258501517,0.009400548559751329,-0.028496440966462887,-0.006430253519784962,-0.021493234715582493
AU23_mid_minus_start,0.006446730534705858,-0.0016293518262382324,0.008041160132390764,-0.014418905663432301,-0.018187373912638055,-0.011490163161512012,-0.0032412366267674233,-0.0046942213007666695,-0.008949994426116211,-0.02877829643906559
AU23_end_minus_mid,0.011342274508402595,0.007715041320861514,0.003592010564585657,0.01833752428163625,0.005732392677740272,0.012927687317704115,0.01466922099413283,0.03325266212131586,0.024286278450097735,0.018477337993844416
AU23_end_minus_start,0.01746294661707223,0.006302545057798994,0.011092356110059062,0.0052032002927920006,-0.011055716079712442,0.0024397729430922855,0.011850754359461906,0.02932329370759927,0.01629759288261305,-0.0079673492743945
AU24_mid_minus_start,0.01348638396442891,0.005197084463840099,0.0053773101871016785,-0.008484133931553152,-0.01733917026788223,-0.024281002373148664,0.01588779241650954,0.0003751621330761463,-0.03327378784685769,0.062007733395030955
AU24_end_minus_mid,0.004305955868330535,0.005573353511227958,5.337615852056636e-05,0.01372934794554116,0.006273062483852819,0.022467395543904478,0.0221160534055532,-0.00617334076230967,0.02799642653967858,-0.014668187806105532
AU24_end_minus_start,0.01532107051003648,0.009684900485515123,0.004501955874252442,0.006240385702032077,-0.008290773250238248,0.0016071489131023104,0.03451246384942021,-0.0056527364316463725,-0.0004946558028563171,0.03715019741896488
AU25_mid_minus_start,-0.009244963510722353,0.0020165751893694434,-0.009599759609905171,-0.005329476619265885,0.007983682836498371,-0.011059127294206125,-0.01946028557140638,-0.027580932335199055,-0.004459136501090096,0.005657746043887451
AU25_end_minus_mid,0.007712592033940865,0.0011283040532287056,0.010651841167705426,-0.0067025354467544485,0.0029194405412491203,0.002852394103271205,0.013289312130400374,0.011125652537735587,0.017413552946537035,-0.008556250476821424
AU25_end_minus_start,-8.615806390233659e-05,0.0026151227163890537,0.0023522591480079798,-0.010348271645479036,0.008923795212332667,-0.005990760822975246,-0.002902177279886155,-0.011234642967732213,0.012607897081629226,-0.0034910595088102694
AU26_mid_minus_start,0.00020152328757059548,-0.002823325483499957,-0.00802311433403003,-0.003147988639329237,0.011714372813827778,0.01373696408956786,-0.01376970520207349,-0.01140792663393799,-0.012000538902282504,-0.036029779557799416
AU26_end_minus_mid,0.0026638371664480394,0.0009524601270987017,0.004026845950074769,0.005138808600017746,0.000664873104197907,-0.01393171515718176,0.013775504898817627,0.015194021281590546,0.019233786241919727,0.014721287268258039
AU26_end_minus_start,0.0030099677298193197,-0.0015103941623315735,-0.002889589115963955,0.0026469445131008006,0.011171468996744623,-0.0025283588030927504,0.002333158819847646,0.005950039684770562,0.009712280219530207,-0.01654832194154933
AU28_mid_minus_start,-0.0028076574068143165,0.00014050860416500217,-0.007210461008633167,-0.005202690308985915,0.0034966820804526034,-0.014477764159125784,0.013861277673970183,-0.006279954220130718,-0.010419563068551803,0.016106237286409707
AU28_end_minus_mid,0.0015878070154848188,-0.00329814199868274,0.004198734534858078,0.008025391170273313,-0.0127563751558886,0.012751906216694349,0.0051051433378356235,-0.002687521252251221,0.011393211194605884,0.006271999827821848
AU28_end_minus_start,-0.001117656653246441,-0.0030822267721177412,-0.002752306080704338,0.0028849062714688513,-0.009117313029859731,-0.0013130778312115756,0.018138076628076257,-0.008582816702957642,0.0012152930448675017,0.02140722834910751
AU43_mid_minus_start,-0.0052169080198502926,0.0036436132309686257,-0.015242280531476854,-0.0026928114966204364,0.010422095445124051,-0.0177427875098207,-0.00139790129587016,-0.011698355384486613,-0.04783647820501634,0.02771316169918971
AU43_end_minus_mid,0.0008261011682090802,-0.00651433746297656,0.012296548290681199,-0.0009866800071540963,0.0039987081388651174,0.014044508755194994,0.01065792312962217,0.0019558094687231378,0.05026098699400102,-0.013131341822688896
AU43_end_minus_start,-0.004870941555178339,-0.0035926635075805434,-0.002588677618752499,-0.004178953621173287,0.016385930553117944,-0.0033306032265622092,0.010989822790709883,-0.010800789747423909,0.0056230830733746675,0.015575512611258094
F1_x_mid_minus_start,-0.02803970725201055,-0.002521079556352807,0.04774834737018995,0.05183707307355351,0.04258359477106821,-0.027761898439124407,0.035190150762526656,-0.0173419277474853,-0.022636688125175646,0.028140021763709132
F1_x_end_minus_mid,-0.01143056808814014,0.040230453285824495,-0.007309826371387403,-0.06426365257018021,-0.05245762876487254,0.03161943710263134,-0.014797234949279557,-0.010661634305301619,0.012691191707527626,-0.006747655315728842
F1_x_end_minus_start,-0.04054231546629574,0.03755680525551135,0.042300538647230254,-0.010328415688543249,-0.008150870285139401,0.00273765410096556,0.021778021242805683,-0.028661703488008273,-0.010840810091648515,0.02249305039781712
F1_y_mid_minus_start,0.04052004155892898,-0.020191369073751263,0.036055673795854434,-0.017908429498604193,0.03626251425739619,-0.0116680402803304,0.007391272468779509,0.055752161336336196,0.030781559257849644,-0.049468417583270245
F1_y_end_minus_mid,0.01951865615753437,0.040252381646748936,-0.03557452237599064,0.028550275837602772,-0.04668770227574685,0.025362955829100867,-0.02079056857250732,-0.005706535406777184,-0.03297164194161041,-0.0015743120859615
F1_y_end_minus_start,0.0563018622698282,0.01619059665698697,0.003228503018858704,0.008029248395663798,-0.006410812345644729,0.0112171871021697,-0.01128789998495198,0.04863895011862714,0.00045370999521416786,-0.04903326351202671
F1_z_mid_minus_start,-0.015722769600785468,0.006141007451398847,-0.017737747575311387,-0.0026783432560869716,-0.054248126190652377,-0.12192461070254162,-0.004873424512865893,0.05900827960551055,0.04588455257843765,-0.03037982733847833
F1_z_end_minus_mid,0.007148860950414002,-0.05031922601001872,0.005202627373721151,0.043627930863552676,-0.031000680887474444,0.024020741367405334,-0.041885133105843395,-0.009966501221198198,-0.025833358371074398,0.001427349624066946
F1_z_end_minus_start,-0.006589921558585244,-0.036555208549970804,-0.009791090927449066,0.033793781032960477,-0.06856736059551141,-0.07696756994762403,-0.03835105639090156,0.038616040439201256,0.015139496392395774,-0.022930436082168104
F2_x_mid_minus_start,-0.027550514047797504,-0.0034854542748094324,0.048963872084492495,0.051138666733375616,0.04095736735910332,-0.03188784045555005,0.03456733796155357,-0.013802945864328182,-0.021748969769733555,0.027945841216872574
F2_x_end_minus_mid,-0.011174820535710882,0.03983908240525726,-0.0073498977130774,-0.06366779960158696,-0.05633022671254004,0.03374965330935609,-0.010182562104316882,-0.010760881256422519,0.009746363964629622,-0.009985061289855249
F2_x_end_minus_start,-0.040110415288813886,0.03664023253564742,0.04377097148068563,-0.010903164380006304,-0.014130370044213086,0.0007813094973896053,0.025851659431506396,-0.02531555172948189,-0.012888146129582913,0.019127051512299514
F2_y_mid_minus_start,0.039407828892160095,-0.01875669133331491,0.03850380123870195,-0.016328645131381634,0.02768827701761585,-0.0127760667374576,0.002085788741224775,0.06157390766222434,0.036760537775299466,-0.055456507835994
F2_y_end_minus_mid,0.02009744485879315,0.04048266069366467,-0.03467407975255682,0.030424847109726823,-0.04096008526190899,0.019495386287532845,-0.02192411870320929,-0.004102037402045454,-0.03682157684523205,-0.0013499756385424468
F2_y_end_minus_start,0.05445769508062863,0.017913905972213665,0.005641698927104315,0.011375781638054779,-0.009978876050109652,0.005125950002739738,-0.0172510764211179,0.05399367021528265,0.0021304887680938197,-0.05304746931833254
F2_z_mid_minus_start,-0.004461948927596686,0.003496929471871554,-0.00573512097486868,-0.007727296858729783,-0.06858922958959478,-0.12314943679836553,-0.012507914946032981,0.05412920718023981,0.04294177355632639,-0.01927090715386383
F2_z_end_minus_mid,0.012206408589837512,-0.04314449845391391,0.0007516964933897962,0.05482779360988216,-0.02883123656864636,0.02081063651661191,-0.026412937311255075,-0.009426720878639726,-0.0241145194768756,-0.004285144677650675
F2_z_end_minus_start,0.006062984158596615,-0.03114716078918599,-0.003949409194468931,0.03698226509490697,-0.07696392342264613,-0.08113439185668565,-0.030665129866618998,0.03544209047043238,0.015039387544490326,-0.01862468227067326
F3_x_mid_minus_start,-0.02723418742712668,-0.003927127656345528,0.05017263881009191,0.050590495812352074,0.03834629576661949,-0.034937427151636516,0.03325630029600507,-0.010467031153016167,-0.02038895131704736,0.02776885287699426
F3_x_end_minus_mid,-0.011052374666182625,0.03949585637319727,-0.006970200938284158,-0.06324755522285389,-0.05880756726263654,0.03505477306612101,-0.005077862534843082,-0.010724619372317827,0.006289645571466295,-0.012871317406744912
F3_x_end_minus_start,-0.03944320087752813,0.03581019724315948,0.045061716141198103,-0.011340874756775737,-0.019571614076166748,-0.00087728241744586,0.02940628879506332,-0.02170053813449871,-0.014820522666163695,0.01583702694587696
F3_y_mid_minus_start,0.038316833956987095,-0.01693959890562779,0.041488350753429735,-0.014533344380451924,0.017235055229577412,-0.01297863732345108,-0.004337619811764232,0.06560410201263306,0.04190695185739489,-0.059985544810521166
F3_y_end_minus_mid,0.020761588100289604,0.041290490191113666,-0.033667947590991947,0.032437607617911,-0.033545744422660576,0.012323245086784462,-0.021568589057720525,-0.001998391191197675,-0.03947086869103745,-0.0011914802899260395
F3_y_end_minus_start,0.052471818388098945,0.020214918870609208,0.008517714731832196,0.014773536336306577,-0.013286164611702383,-0.0011239561815214129,-0.02247116586376391,0.057543902613184754,0.0039043117992442976,-0.05521228548044807
F3_z_mid_minus_start,0.007933673961063765,-5.302018283783242e-05,0.006773444085721858,-0.012811444309201768,-0.07613144275583605,-0.11801175932223137,-0.017905710891365192,0.04477897960540508,0.035956612606815555,-0.005720016324854965
F3_z_end_minus_mid,0.017062684039828593,-0.03287624624753344,-0.0051462546749137545,0.06449574842885146,-0.027392923542858074,0.01848139189792845,-0.007673898153000091,-0.008472629396164387,-0.020100913669987213,-0.010784744280389863
F3_z_end_minus_start,0.01905330365980894,-0.024539913300597183,0.001577394885595337,0.03782207999780399,-0.08124200523856068,-0.08052210626093949,-0.0200251306744878,0.029465837476281224,0.013751865205037595,-0.012606582038036203
F4_x_mid_minus_start,-0.02697768113196808,-0.004092450365406728,0.05145477754843291,0.05007388714972173,0.034747129516020436,-0.037371267811532896,0.03127293164850617,-0.006530601169176924,-0.018564229849640904,0.027056795823094993
F4_x_end_minus_mid,-0.010947510946649997,0.03916833700902005,-0.006264529446848689,-0.06289038831499184,-0.060421259085437176,0.03554901199878892,0.00041072245165822127,-0.010593297289735234,0.0022100244460132572,-0.015706096912027137
F4_x_end_minus_start,-0.03849446503588702,0.0349789440375072,0.04628306511426591,-0.011738287773798203,-0.024921588311468835,-0.002623998411721793,0.03234674746248668,-0.017259645434514255,-0.016748466895523687,0.01192855979403954
F4_y_mid_minus_start,0.036577467478466644,-0.014673855859161701,0.04458415173741475,-0.012133271798560216,0.005516682088677804,-0.012266204063779235,-0.011601014077525527,0.06886358770417976,0.04721216741870882,-0.06452092245507351
F4_y_end_minus_mid,0.021417006476569547,0.04229974564795115,-0.03239854039559972,0.03443532590527479,-0.02435776766052056,0.004163019323772135,-0.021568562955347533,0.00031288367774634756,-0.04104013499983862,-0.00020257395927532603
F4_y_end_minus_start,0.049948455842236415,0.022905649904535287,0.0115152405216369,0.018483518154971686,-0.01574601756802226,-0.007176813952504642,-0.02831003383393438,0.06027678745151826,0.006513504632782878,-0.05639918927742206
F4_z_mid_minus_start,0.01922616304001463,-0.0039272279070616724,0.01756651310232553,-0.017079900857943517,-0.07673396450872307,-0.10709172416828995,-0.020734275300750105,0.03363018529124152,0.02724058901878595,0.007269794879822768
F4_z_end_minus_mid,0.020999897982297795,-0.02033103682254448,-0.011523833347129222,0.07073542075651847,-0.026343007435035322,0.016797665389584285,0.012376363474258774,-0.007400196373428714,-0.014729994545146754,-0.017190932755795137
F4_z_end_minus_start,0.030594990092567362,-0.017653677171593773,0.00612095731015044,0.03637015882328513,-0.08125174489080908,-0.07531820788359943,-0.008096019059129165,0.02214145399796401,0.011724223279603378,-0.006297812900402245
F5_x_mid_minus_start,-0.02724641624390039,-0.003858362942904967,0.0524994804485868,0.050032465545941526,0.029784780429306115,-0.03808501644036058,0.027746263043588026,-0.0019480354661626522,-0.015250359143417266,0.025135881902016172
F5_x_end_minus_mid,-0.010657741323274328,0.03917559308088829,-0.004818757881280163,-0.06278228709695544,-0.060301014957802566,0.034486695691440486,0.006548925865844048,-0.010398286592453582,-0.002468216253088134,-0.01855304508954432
F5_x_end_minus_start,-0.03743337879713346,0.034477654886645726,0.047338371383428245,-0.011779921566136211,-0.02942817132345859,-0.004040281742242885,0.03391165127246718,-0.01209801740242745,-0.01753296874699109,0.006780797245008415
F5_y_mid_minus_start,0.03441413924162469,-0.012289632447857269,0.047657484890403626,-0.009243301631202714,-0.0068648580832603185,-0.010597158111586439,-0.01942894907642631,0.07045429467293997,0.05129932289691055,-0.06830718097882428
F5_y_end_minus_mid,0.022105781059482216,0.04375571553435124,-0.030608147334608853,0.03609720778111002,-0.013625685711011333,-0.004446258536155467,-0.021994167977547628,0.002566662031612999,-0.04064173247581966,0.0016123720750458221
F5_y_end_minus_start,0.047194410346444546,0.025958512393193713,0.014610623781009423,0.022166116288163767,-0.017053351393908407,-0.01257576195876277,-0.03453033051127836,0.06123388711929253,0.009349139595673173,-0.05596864278293968
F5_z_mid_minus_start,0.028802113255173043,-0.007755696466742731,0.02645730977995465,-0.020178887884748736,-0.07196380335177593,-0.09276576917844342,-0.021321275113950176,0.020981156989392135,0.016491321815599053,0.01988674622804756
F5_z_end_minus_mid,0.023702929679744144,-0.0062765896748148645,-0.018038770934959307,0.07257349210648598,-0.025908762640120996,0.015419326522879988,0.032782657376465324,-0.006483058160870053,-0.007600082865928419,-0.023524471477116192
F5_z_end_minus_start,0.04032957022940101,-0.010787086429160679,0.009758790696955013,0.0328696000628952,-0.07793184101012306,-0.06699911498135475,0.004641381921630016,0.013100201677692805,0.008580331804389734,0.0005047555334896687
F6_x_mid_minus_start,-0.027932128239544062,-0.0028236880857091346,0.05338578224637931,0.05053854961071155,0.024207866400292825,-0.03526107939399884,0.023176713812309836,0.0011844823455642397,-0.011732329362885744,0.022952106811248565
F6_x_end_minus_mid,-0.010444437896738068,0.039871717750668,-0.0029107208025092803,-0.06324710835989722,-0.05731108883897068,0.031196766806833354,0.012341438393497104,-0.009698769514247231,-0.006241731080633268,-0.020810950907921975
F6_x_end_minus_start,-0.03650286226654952,0.034943792807413734,0.04817574504097872,-0.011495189327308707,-0.031008005722429528,-0.004186203837088264,0.03375748231367928,-0.00802538591079729,-0.017083105086889313,0.0022487637033274063
F6_y_mid_minus_start,0.03302132861422108,-0.010682434656489874,0.05074608775237319,-0.0069222010506298426,-0.016949193100429565,-0.007334440236889135,-0.025719634556752753,0.06845784739714411,0.051518505538383885,-0.06850996177430287
F6_y_end_minus_mid,0.022736788420228003,0.04585137549428876,-0.02910091267407007,0.036721813251378604,-0.0039147526768167715,-0.012129728722421879,-0.021094867804099676,0.004095229807620244,-0.03748800514640027,0.0037051152468364074
F6_y_end_minus_start,0.045552880414032965,0.028925143366342977,0.017451142794286174,0.024496024178065366,-0.017017140100750183,-0.015927391011901545,-0.03825847316171433,0.059117731308465295,0.011197795399020336,-0.052759200981567556
F6_z_mid_minus_start,0.03513865002010358,-0.010888631788109733,0.03156909613085282,-0.022157798480850498,-0.06440802749333242,-0.08069965311118381,-0.020075507710563056,0.010946438170587785,0.007819895022473456,0.028707456007071114
F6_z_end_minus_mid,0.024430736564674836,0.004948990386157211,-0.022787150429638133,0.07068972084009514,-0.02657587460355506,0.015903923680982722,0.04725291756884788,-0.0060313053965630106,-0.0018960183204506575,-0.027740339560543798
F6_z_end_minus_start,0.04669051786075285,-0.00597537782116586,0.011599653547132941,0.028962640577692447,-0.07323250583873452,-0.058378854677386696,0.01484844740698889,0.005290709006093341,0.0054162214555460815,0.005786825893514407
F7_x_mid_minus_start,-0.029789505068861775,0.0003101646769029809,0.05437942623456397,0.05194192937134032,0.013973042737195471,-0.022816468421430293,0.013409461108997685,0.004792054675144372,-0.00587059833836577,0.017422792366913947
F7_x_end_minus_mid,-0.009839080550578881,0.04209104056881696,0.0012338628409476477,-0.06500623378034018,-0.046799383104112226,0.02067985221730715,0.020650572796002502,-0.0060975963594325985,-0.010703407760338023,-0.0240722893376501
F7_x_end_minus_start,-0.035130328795524725,0.037140503777384086,0.04947896111008908,-0.010705278706336278,-0.0285519775609347,-0.0021949527996720083,0.030020895039221625,-0.0010754537320962056,-0.014599229062321908,-0.0055766672935490084
F7_y_mid_minus_start,0.03145745371326456,-0.008342317357207767,0.05563549867417698,-0.003947096730275634,-0.03126391402257473,-0.002556914505976526,-0.03267082322824372,0.05961529655991688,0.04610565150011139,-0.0625370656032725
F7_y_end_minus_mid,0.02353638281257764,0.04874605847307314,-0.02743444881770474,0.037270803554619286,0.009995053824899604,-0.023091867089265358,-0.018926571795609172,0.004738536078708851,-0.028020234574427167,0.008938702621733378
F7_y_end_minus_start,0.044087976501419365,0.033180959014682675,0.021616665636746944,0.027292940699187578,-0.016571537427744955,-0.020866516176400354,-0.04128584348127687,0.05101925773374027,0.013601057609007901,-0.042168890576849194
F7_z_mid_minus_start,0.042416957125972876,-0.014975220015121455,0.037196253514839225,-0.02349258601687387,-0.05188963532082868,-0.057557123720851484,-0.019765309377291585,-0.00633138839146429,-0.006001485610016436,0.04093527650569122
F7_z_end_minus_mid,0.02403431460228164,0.0242000401205204,-0.026960589744344926,0.06161900151033432,-0.023197553023116137,0.013772116161304046,0.0695019601158859,-0.004586834045475247,0.006906806706449585,-0.032890164318617646
F7_z_end_minus_start,0.054298210471146184,0.003221612798881497,0.014706969953568159,0.021259006335714238,-0.06217399587896992,-0.04190248819800767,0.029983818524405632,-0.008789460240281863,-0.0006213431915223818,0.01397980734893983
F8_x_mid_minus_start,-0.03212419329481979,0.0032479097460250015,0.05337679421670172,0.05262434751404571,0.004910370738782607,-0.011607319248515708,0.005038299334774965,0.008118041561222792,-0.00048294512834647313,0.011020885715914353
F8_x_end_minus_mid,-0.008783627378558147,0.04297984992878213,0.005354968856295872,-0.06650619179551442,-0.036553622655639814,0.010907445717192939,0.02438155323269482,-0.0021630607315053564,-0.013725643665334854,-0.026051804331276456
F8_x_end_minus_start,-0.03477603586797569,0.03811576736296508,0.05018793622827083,-0.009527888130603197,-0.025835266509527586,-0.0009906521159045853,0.024363615268888184,0.005185528754346039,-0.011696842037147272,-0.011961155033037752
F8_y_mid_minus_start,0.030940187245956888,-0.00762230311962132,0.05742598215726965,-0.002726313035335893,-0.04013544471491372,-0.004407793969074175,-0.03541814676989383,0.05010373116717426,0.03868848317125798,-0.054865629647028846
F8_y_end_minus_mid,0.02382351646363836,0.04996172210129834,-0.025616940874294423,0.03815581028758557,0.016835739297283152,-0.026614716314735037,-0.01751747940781352,0.0029269390808506364,-0.019613193780505626,0.012485004007946346
F8_y_end_minus_start,0.043510159708807374,0.034850258189543404,0.02375741972749823,0.029022349802907865,-0.01747604805773982,-0.02515139816606204,-0.04184611983243219,0.04135975509932703,0.014083632285350192,-0.03248429697509252
F8_z_mid_minus_start,0.04567373868133664,-0.01718638368528421,0.04008541348431901,-0.02347267163961145,-0.041957369814625556,-0.0364692113996414,-0.020026570746640524,-0.01506868256376512,-0.012897941074110924,0.04365009954538342
F8_z_end_minus_mid,0.021876923017504036,0.03726556187379619,-0.02780271658336835,0.050635735813141555,-0.015858245880709325,0.009661017323287136,0.0780155179820986,-0.003120353008093746,0.010392376547512997,-0.031267247240166884
F8_z_end_minus_start,0.05751588138147521,0.010861141768160488,0.016899621747937445,0.014647732637609066,-0.04980787664678626,-0.026543712742905286,0.03736830439085488,-0.016048533888067602,-0.0044042394446327845,0.017693692097744497
F9_x_mid_minus_start,-0.03437001233543077,0.006082162023504743,0.051386584777269345,0.05232955450406897,-0.00631487451597719,-0.006769506134488465,-0.0027175776374832946,0.011940139049061965,0.004969889616394053,0.0048122408544235586
F9_x_end_minus_mid,-0.007084221276998191,0.04303675901464333,0.009649973414475052,-0.0669350316977933,-0.027947568436826793,0.002164776159527319,0.02606534761666602,0.000890895625452356,-0.016542394589052455,-0.027369610989084525
F9_x_end_minus_start,-0.03455547355568206,0.03809951461625234,0.050943051261635224,-0.006882669254395318,-0.026746152550049668,-0.004080830060846036,0.017649280218820774,0.010802626015531867,-0.008450466131485451,-0.016872209362272208
F9_y_mid_minus_start,0.031010354239709742,-0.007763141442461877,0.05890454249694207,-0.0009072769131291724,-0.04164055812613041,-0.007666618769204772,-0.03355846065891736,0.04139020859648011,0.0318404815116467,-0.05064648998866365
F9_y_end_minus_mid,0.02312479738943192,0.05078090995711484,-0.025082437081874284,0.03839810122038325,0.021066799070889444,-0.025949165034685223,-0.024909386982878486,-3.779807633159698e-05,-0.011456346558297322,0.01891433103079567
F9_y_end_minus_start,0.04269957912992366,0.03639094881852575,0.02367622278022914,0.031270628368806536,-0.013961023802432424,-0.02739466637627013,-0.04611200534451397,0.031273067371066804,0.014547263753697873,-0.02256384349490385
F9_z_mid_minus_start,0.04590160015859887,-0.01613810074533163,0.04345294844076034,-0.02157746136206702,-0.040603984659136325,-0.009178364230499047,-0.024865869224440184,-0.02112632472469618,-0.016227356581578443,0.043036580723903164
F9_z_end_minus_mid,0.01962726743585566,0.04776928720861649,-0.024381454421347936,0.03899685177330979,0.0031053178490821932,-0.005024091967528273,0.08150158341961977,0.00048481218892721024,0.012139014119723427,-0.02695591344723014
F9_z_end_minus_start,0.05700826034182545,0.02128359598500296,0.021491083357916132,0.009654916129042375,-0.034956910287322444,-0.012230349019801412,0.03876434270335542,-0.019043015809648327,-0.005732399763378054,0.019162440767845994
F10_x_mid_minus_start,-0.035394380548068656,0.00747983986195689,0.05002367640938135,0.05145097321551239,-0.016059403685014722,-0.013629920543943201,-0.006258755320778239,0.014910104854741915,0.008328424108669637,0.002785553634894521
F10_x_end_minus_mid,-0.005345210961771813,0.042310340920777956,0.012517742576406428,-0.06632321078455922,-0.026968168518772,9.576915734179099e-05,0.025748365027235,0.0011280028767609923,-0.01882698451558901,-0.029714251904953286
F10_x_end_minus_start,-0.03427586550786977,0.036539906963945705,0.051973754781415686,-0.002885728961332818,-0.033011994583665875,-0.011666714806180246,0.012929122050538434,0.013639510130931612,-0.006223268324746503,-0.01874079342659833
F10_y_mid_minus_start,0.031412449736367795,-0.008107946384835129,0.06133875503518213,0.0021103395135883642,-0.032556336496601494,-0.007168398458350788,-0.02564482252048627,0.03597779503523066,0.02846506242611446,-0.050153477847550344
F10_y_end_minus_mid,0.021765505774197218,0.0507684401070143,-0.027371133336794154,0.0371648446462166,0.022491267603888712,-0.023644484626146444,-0.04052631339159639,-0.0032733888980689425,-0.005047659643525424,0.027081506206046213
F10_y_end_minus_start,0.04180066721035919,0.03798612251412481,0.02118263597511907,0.033691729447534145,-0.004354204700084976,-0.02569547745250693,-0.053811082434772554,0.023480304367497835,0.016451192134384115,-0.013252974504194291
F10_z_mid_minus_start,0.041735721425840554,-0.010403194015389113,0.04631609417228504,-0.017150850503415638,-0.05248587042335565,0.02074872974864353,-0.03627738099744114,-0.023585933110825366,-0.013394815129442407,0.03887569186902564
F10_z_end_minus_mid,0.01815367431056911,0.0519671621008722,-0.016236987772579245,0.029914378261500785,0.030904946487650443,-0.02810180297456009,0.07942521473456643,0.005992275279407559,0.011601895273094194,-0.021003525752008565
F10_z_end_minus_start,0.051951056737942036,0.03272589574589544,0.028235965342582707,0.00886945660226064,-0.021886649785695794,-0.004190748368696745,0.031818711165986856,-0.016219221429265008,-0.0025822143719974543,0.017737221368463493
F11_x_mid_minus_start,-0.03557917463396579,0.007860462410720881,0.04949573352614814,0.05092211729094333,-0.02068986122150244,-0.022586224456788578,-0.005807547619385177,0.015518155453132928,0.009148655819587294,0.0036701474748761843
F11_x_end_minus_mid,-0.004132037937856033,0.04181625054727032,0.012988661975993925,-0.06614920942251043,-0.03058593059987588,0.0016176354962956444,0.02197920742557738,0.00048311958800630403,-0.019302263276006468,-0.03182076894901215
F11_x_end_minus_start,-0.03421234989769958,0.03488955014805787,0.05243222193973193,0.0008142970864365335,-0.03872657509185198,-0.01888495323388586,0.009552427912292718,0.014040596845109513,-0.004810248808254403,-0.018017847312702197
F11_y_mid_minus_start,0.030865335606195747,-0.008393313746155004,0.06290221809743236,0.006675305900229928,-0.01407952428448969,-0.002272914116431307,-0.013622236769101079,0.032132552375385245,0.02730478326331997,-0.05430967477453473
F11_y_end_minus_mid,0.019031712221274224,0.05023785039617488,-0.029861111208871798,0.033131721043323493,0.022293425168711755,-0.020086796400233475,-0.059069456693589165,-0.005752650458285153,-0.0009801086459520268,0.03530310307847812
F11_y_end_minus_start,0.03912229512876089,0.03994975544091866,0.01705967428554962,0.03495037058963935,0.01043194075399372,-0.019939342166037963,-0.06352451839322605,0.017388771245901498,0.018344132714282892,-0.006037222057936558
F11_z_mid_minus_start,0.0320346326745201,-0.0009663163627879789,0.0461698943047208,-0.010287464147179525,-0.07050779793102233,0.04678394320259181,-0.048754620437023694,-0.01940291097897552,-0.0048513533948848974,0.029107889451690697
F11_z_end_minus_mid,0.016881530003252713,0.04898173452654094,-0.00679006436496285,0.023879836464729666,0.05673734635442109,-0.05112944703314158,0.07033023862466442,0.011273741394689304,0.008892754138286446,-0.014209538454096183
F11_z_end_minus_start,0.043041682157146495,0.04188571802279263,0.0348791005981441,0.0117448794374684,-0.01280614095643114,-0.00326719143194509,0.0182794834135325,-0.0073107705950464785,0.003471989734879643,0.013326130560350568
F12_x_mid_minus_start,-0.035544612876511346,0.007697657730905259,0.04971777075016358,0.05115975858508135,-0.01873340886933627,-0.018239342584516646,-0.006231244651865358,0.01548839900970023,0.008946304925367778,0.00304460556840989
F12_x_end_minus_mid,-0.004706951221868436,0.042009549650605285,0.012921110983215705,-0.06620637363066,-0.028616671131693566,0.000748888611392559,0.024122122373616238,0.0008424658315761871,-0.019237987862412598,-0.030783120333882696
F12_x_end_minus_start,-0.03424655605548415,0.035674765190079644,0.052270990269703915,-0.0010209949585655838,-0.03606711739420011,-0.015391884083660599,0.011194717171385777,0.014089603760542422,-0.005459598594642496,-0.018566093091431268
F12_y_mid_minus_start,0.031245366645297642,-0.00820745498882898,0.06237588376760736,0.004300836089785398,-0.02424113072711682,-0.00517611451155454,-0.020036632246980237,0.03447190151793919,0.0280421100905172,-0.05230627934066856
F12_y_end_minus_mid,0.020567146874420985,0.05052579765209017,-0.02873397052253035,0.03547583831421987,0.022529283982472104,-0.02205650236771327,-0.050110643874097346,-0.004473771096787623,-0.0029355537266336565,0.03131768871682637
F12_y_end_minus_start,0.04067302266980026,0.038952739102865966,0.01925525353154089,0.034570951496004525,0.0026010167783791466,-0.023289274870056005,-0.058850362183311834,0.020764247137869125,0.01751583201067517,-0.009736915831598898
F12_z_mid_minus_start,0.037524364702862585,-0.005912133821910539,0.04677135992177317,-0.014009299454648757,-0.06204971355261207,0.03352305194796552,-0.04293850295814081,-0.02212291876260494,-0.009453765564132494,0.03480615077153394
F12_z_end_minus_mid,0.017685031830379637,0.05098970381693522,-0.011542381995918135,0.027195383491423402,0.04437359818210592,-0.040011939246831045,0.07582628005828347,0.008702817505714666,0.010332041945292804,-0.017859771392824426
F12_z_end_minus_start,0.04799903330936125,0.03747538956182888,0.0316991776832936,0.01038608864382173,-0.017715426820237096,-0.0038614958090634668,0.025528964861702436,-0.012277505311854765,0.0002919657497100544,0.015825922715087218
F13_x_mid_minus_start,-0.035312472057573124,0.007903502055025097,0.04950451524682203,0.05061081010655509,-0.02217299671751364,-0.028051998720877352,-0.004617870872091623,0.014997238611397097,0.008812468380936099,0.004960979914234079
F13_x_end_minus_mid,-0.0037036902988534584,0.04209497703706284,0.012457987313246436,-0.06571313909440102,-0.03329541367977836,0.003509544296530269,0.018797638078676435,-0.0003374300706799346,-0.018663886072056497,-0.03250345960788821
F13_x_end_minus_start,-0.0340566896655597,0.03424494473145024,0.05243151037520007,0.0029920209085836143,-0.04136446495916084,-0.022892121219680584,0.007985989032521183,0.013231430800109306,-0.00413809720277222,-0.016520518126158908
F13_y_mid_minus_start,0.029880452309158645,-0.00870598390336007,0.06251516388633546,0.009789020732789318,0.0009135878370731895,0.002452949416839801,-0.0045942129647978044,0.027825516478618216,0.02522895467137205,-0.05583717666514346
F13_y_end_minus_mid,0.016789503539065786,0.04986455004093963,-0.030688620048753373,0.029290564373382923,0.02182504253578099,-0.017254822312145947,-0.06913034971318276,-0.007269401649385649,0.0017801069703968523,0.039539484728228484
F13_y_end_minus_start,0.03644012047202794,0.04114355102985804,0.014024516850608253,0.03442672344860284,0.021259944439271417,-0.014622290149828843,-0.06851096621017101,0.012282840478929118,0.019049849462604462,-0.0010608630911995089
F13_z_mid_minus_start,0.024157548437474304,0.00493605130627169,0.043775301214648545,-0.0055785265287849614,-0.07872045077185864,0.06054179792915402,-0.054241643659312874,-0.013224052156676913,0.0025205216903661357,0.01900231225322546
F13_z_end_minus_mid,0.015700975219741824,0.04528619401473725,-0.0015129720509430167,0.020267678529078036,0.06949841827574572,-0.06244919698751973,0.06125349035851238,0.01371912612540101,0.00588208245134417,-0.008922967367775545
F13_z_end_minus_start,0.03616261536830201,0.0460561842499076,0.03799399985115557,0.013605801128884022,-0.006959419948802032,-0.0029179805129891665,0.007487403208615706,0.000709455008250276,0.007672971022790022,0.008896582498192692
F14_x_mid_minus_start,-0.03475413308605988,0.007581325107889801,0.04969092051859163,0.05020379727829393,-0.022812977500187053,-0.034085081602824634,-0.0029235173671375496,0.01444139201218585,0.008367571990252703,0.006554926667437813
F14_x_end_minus_mid,-0.0035081561475467133,0.04275451715892143,0.011405691773184089,-0.06468379735981916,-0.036585103507240944,0.006809660310051588,0.015168232218871511,-0.0018536417455730597,-0.01759769383241677,-0.03230262587197127
F14_x_end_minus_start,-0.033757324451314574,0.033754956371294845,0.052281806105532805,0.004923670924297258,-0.04370577988639637,-0.02666495632421715,0.0068793509368379364,0.011945915350204247,-0.0034637997083451226,-0.014351796809231874
F14_y_mid_minus_start,0.028403610822386665,-0.00899178680163755,0.06051006036136552,0.012600523775412046,0.01766598464096066,0.0072274913582624405,0.00572558438199176,0.023365052089932867,0.022819582830814204,-0.05643835153519688
F14_y_end_minus_mid,0.014397631273699654,0.04908205151403348,-0.031012452089852365,0.025259328367032933,0.020848005223601192,-0.013852911448554541,-0.07838619962470132,-0.009087979922001346,0.004208523090565154,0.04317199400405028
F14_y_end_minus_start,0.03319373031250491,0.04172075790410744,0.010652689473957422,0.03310130423439569,0.032225630533814435,-0.008609352911440115,-0.07245903383373668,0.006924447818829954,0.01950295443994575,0.003935746273652829
F14_z_mid_minus_start,0.014150078295537041,0.011317349393952578,0.03868776342722587,-0.00020584960641832615,-0.08545436793145819,0.07134238585961576,-0.05844363527095195,-0.004761672377710392,0.011927777284416588,0.005332230724084522
F14_z_end_minus_mid,0.013957627611267062,0.03981283271150922,0.004254034647430127,0.016760500661992413,0.08154358873341397,-0.07234925765323875,0.0489965668393583,0.01586341826789139,0.0014400302744353142,-0.002443847321146167
F14_z_end_minus_start,0.026844932267937584,0.049370026754294374,0.0403771074943901,0.016128834443114633,-0.0006270794065006475,-0.003636442805135217,-0.007023958177166893,0.010988316688462297,0.0125737268607885,0.0026142433138356693
F15_x_mid_minus_start,-0.034306230023227156,0.007215081381604359,0.049549911875092036,0.05005075881800788,-0.022992391133109955,-0.03957737411146272,-0.001065826147843224,0.013253043259771563,0.007992755396171421,0.008037400304376727
F15_x_end_minus_mid,-0.003686518369154483,0.043758417590361594,0.010290084983226616,-0.06347195303382422,-0.03870667227191636,0.010411283541376772,0.01020303132897158,-0.003935477136242369,-0.01622236429203938,-0.030338472118368265
F15_x_end_minus_start,-0.03375837417658805,0.03356857263462337,0.05181634012690762,0.0068538543604931,-0.04493906643143851,-0.02991519832334736,0.0053046847349666115,0.00974096700883905,-0.002653415722559435,-0.011305047111642687
F15_y_mid_minus_start,0.027513641627585878,-0.009922802807747046,0.0563398013017298,0.013617192997760237,0.036763325545636286,0.012547930088197797,0.01768149310546864,0.017260751990899787,0.018634257812881052,-0.0535795707296253
F15_y_end_minus_mid,0.012037211867068015,0.04809818162615554,-0.03160207465789554,0.021107547002352497,0.018443777773542707,-0.009527757593297189,-0.08542605173554027,-0.011196037271291098,0.006664115163287877,0.04631697045146194
F15_y_end_minus_start,0.03067806323134525,0.04137977149171291,0.006564136757242296,0.030334649487094432,0.04335160956554421,-0.0010276364608135709,-0.0734544587133891,0.0004967679371639955,0.019288942679138988,0.01002198934249965
F15_z_mid_minus_start,0.0031738560668866417,0.017134513739311883,0.03070013942887202,0.005061939079402379,-0.08926182555220498,0.07747645313353038,-0.06078198480778493,0.003953616860032495,0.021268572124722402,-0.008377493952878456
F15_z_end_minus_mid,0.012012124766724204,0.03295635387621566,0.010820945032058363,0.013255174451775107,0.09116340582323393,-0.07964862203421037,0.03671149081205474,0.017010048320967527,-0.003638198023924512,0.003327469568910372
F15_z_end_minus_start,0.015477846142989523,0.050820899200827954,0.041550331934397534,0.018626091525565953,0.005067989650483027,-0.004934344362792068,-0.02258692582198044,0.0213815068363227,0.017355395229498992,-0.004891481869809191
F16_x_mid_minus_start,-0.034183450785822286,0.007039707953985409,0.04929009650665545,0.05044063351001821,-0.022261108548034463,-0.04197980991735189,0.000836916871913703,0.011011924980594237,0.007078061510140736,0.00913107642229216
F16_x_end_minus_mid,-0.004276541290842869,0.04541391395534102,0.009122161561286507,-0.06272386588225547,-0.037517462249311996,0.012003425995444059,0.0036721872379444393,-0.005830758291439754,-0.013834528055593447,-0.025893063201273703
F16_x_end_minus_start,-0.03417558227476457,0.03424117520810783,0.05108423503977641,0.008259471718388338,-0.043472298362794044,-0.03142973356306976,0.003015920229643745,0.0066061353707716625,-0.0019152928312290637,-0.007385593606656782
F16_y_mid_minus_start,0.027987675764794193,-0.011631485488571599,0.05080525931428611,0.012217779140150688,0.05420567298578353,0.01874721259929858,0.027837490755051795,0.00938672582981695,0.011561129291724585,-0.04683297533939156
F16_y_end_minus_mid,0.010131090688948552,0.04787691502926214,-0.03230946232397227,0.01704725656025121,0.014824666157068917,-0.005075967844961009,-0.08815742879748407,-0.012791184709616318,0.009303222236552765,0.047991866076752064
F16_y_end_minus_start,0.02990848610956581,0.04053436070241437,0.002738455922046907,0.02589342081525497,0.0530481723065377,0.007972008055899845,-0.07013975392395734,-0.006430599763663218,0.017559011618449343,0.015990728909871167
F16_z_mid_minus_start,-0.009978097276519994,0.022655199103561754,0.019491631697374494,0.011239167919643429,-0.08650935537268667,0.08146082957748908,-0.05952125931412126,0.012932592145421239,0.029764376137152104,-0.023516257751751098
F16_z_end_minus_mid,0.008805792158457752,0.024211779528799195,0.01823371691370035,0.007060592922227018,0.09902217692855317,-0.08516301125975616,0.02050464522353428,0.017593670467074763,-0.009274308470191131,0.010438856226531464
F16_z_end_minus_start,-0.0011712663408465181,0.050035833423154506,0.04026539098924151,0.019516657531276977,0.014148611078132381,-0.004662833873752217,-0.04130773731372722,0.03260581932939845,0.02170602720607797,-0.013814900582513315
F17_x_mid_minus_start,-0.034035011056299525,0.007055102133714214,0.04924768729515856,0.05094447995100624,-0.02093941551721341,-0.04243157489709563,0.0028825013716587368,0.008192901097649847,0.00520556488917233,0.0104102388707986
F17_x_end_minus_mid,-0.005205610197421404,0.046854963087761534,0.007772324013610854,-0.06239159379432762,-0.03492940419290431,0.012130990488519832,-0.002601406972000351,-0.007318164020082408,-0.01069534174333501,-0.020701695674605166
F17_x_end_minus_start,-0.03464836333299211,0.03519690026796661,0.050282041942552966,0.008910561129024922,-0.04073340683970886,-0.03180036449997141,0.0010725837905339595,0.0030949732911452776,-0.0017333905441621472,-0.003045946989624359
F17_y_mid_minus_start,0.028576696747812765,-0.013158104849920008,0.04562040630130024,0.010069090045470089,0.0666792791865191,0.023700115395434936,0.03452613395179092,0.003250832011766798,0.00494521304171435,-0.040330406964971546
F17_y_end_minus_mid,0.008987589028621722,0.04810897179049939,-0.03259869706604464,0.013797337000911679,0.011183289000094082,-0.0009933195788775627,-0.08869530010635311,-0.013859369447699213,0.011535360358175128,0.04842297473713778
F17_y_end_minus_start,0.02997362850755542,0.03951175508892634,-5.381987374929218e-05,0.02140868431577954,0.05995128960354422,0.016239163706418522,-0.06537091436755853,-0.011775606202681251,0.015370586571898107,0.020051803068703217
F17_z_mid_minus_start,-0.02077205763835344,0.025996859761835026,0.008692996978596454,0.015955474138631517,-0.0783910217804691,0.08168874569291575,-0.05491832637661328,0.01894602827990608,0.0348759054872248,-0.034689652994726546
F17_z_end_minus_mid,0.005272970991705862,0.0157194633736768,0.024407447041789997,0.00042197453246620804,0.10267882132993911,-0.08690570120407491,0.005229621998695454,0.017706255428201242,-0.01387531319219755,0.01626240593297621
F17_z_end_minus_start,-0.017424824729287768,0.04578747050925511,0.035887060423868494,0.018189489341605098,0.023181000881000637,-0.0025682470622201007,-0.055428403237271,0.040084419013040315,0.023860112342047723,-0.021088326696478782
F18_x_mid_minus_start,-0.033984603079005,0.007155638427933117,0.04911618307620991,0.05155554639427867,-0.01933393539968758,-0.04143290586959064,0.004566938776967344,0.0049975635577343865,0.003237549021602626,0.01156675458016058
F18_x_end_minus_mid,-0.006036731585375714,0.047941899121844524,0.006554382609109529,-0.062147783092884476,-0.031376784003932894,0.010973610852194265,-0.007966988361158266,-0.008294534307398498,-0.00724201182163698,-0.01576918062578981
F18_x_end_minus_start,-0.035092559420679924,0.036272181263218496,0.04937438436095749,0.009107289048077347,-0.03725705841830154,-0.0314376709953534,-0.0007167628696930931,-0.0005221469136478887,-0.0014946843897304517,0.0009132062257608956
F18_y_mid_minus_start,0.02881195724360256,-0.014451765144897303,0.04082803255625248,0.007894672877971121,0.07559947056161159,0.027460691339552284,0.039004933438535,-0.0011197157971207787,-0.00021830069913858757,-0.03504754938344719
F18_y_end_minus_mid,0.008289809659095962,0.048316547192392666,-0.03272277682041546,0.01107168379789839,0.007575129476572047,0.002668666669095395,-0.08838309051590729,-0.014774975109816681,0.013523563750186134,0.048378621672685126
F18_y_end_minus_start,0.03025395252266048,0.03816333762555517,-0.0023304538368839815,0.017234866097685434,0.06497331983060416,0.02351657464272703,-0.060288136167769894,-0.015866467640826172,0.013580787627800735,0.022623247574821776
F18_z_mid_minus_start,-0.029676131164415694,0.027640754963392775,-0.001245041576136768,0.019802725828516346,-0.06623488742012905,0.0799503452251515,-0.04785688004364021,0.022747694866231995,0.03695097301531896,-0.043024731566543975
F18_z_end_minus_mid,0.0014204732025794782,0.007607925883238376,0.02937895092175548,-0.007355799074912098,0.10254124142178497,-0.08595287417761212,-0.009871753861947647,0.017350843703575307,-0.017257114087834542,0.02149082433287836
F18_z_end_minus_start,-0.031909309342301566,0.03896197417541703,0.028999080044528208,0.014662399011967711,0.03160349318434719,0.0009879744052250494,-0.06404313745585447,0.04353971145711813,0.02370515426410873,-0.02615602240054149
F19_x_mid_minus_start,-0.032609450022573226,0.003224011331291406,0.044842554924987815,0.05567544645553448,0.037097942867132,0.0008237982817175322,0.027120817495464525,-0.024641759288405434,-0.019779364272355663,0.022324585166883543
F19_x_end_minus_mid,-0.013345002215971298,0.044236972876037,-0.0024002099986194397,-0.06867954104151568,-0.024866645627413326,0.011607986599862221,-0.017621283993847082,-0.006477383183904131,0.014604744385069902,0.0008980595208007424
F19_x_end_minus_start,-0.041435118036578504,0.04185769075751895,0.038720881962041986,-0.009730885918786198,0.011901667348315652,0.010963439611799259,0.00919154481474957,-0.028137416583693182,-0.005160675369137303,0.02111846840880664
F19_y_mid_minus_start,0.04538884263943322,-0.02167511060697202,0.04140795775890148,-0.02020051052733882,0.03524063825322997,-0.000984732896793,0.006182764035735609,0.035580359355422586,0.012316599193849328,-0.029894823427228503
F19_y_end_minus_mid,0.019651097143568542,0.04727813093660478,-0.03894411537980942,0.028168520171624568,-0.04033966279973569,0.020548262547348515,-0.004803288828118091,-0.008970160817396567,-0.01813696601863956,-0.00032169269276763665
F19_y_end_minus_start,0.0612521728183543,0.020425554373716025,0.006020381088541749,0.0051023552733845045,-0.0011849669946874522,0.017059606572712577,0.0017857883620772807,0.026646282703685836,-0.003954499981261584,-0.029277909919515007
F19_z_mid_minus_start,-0.029411635392174403,0.0020507737271591954,-0.0414986809381507,0.004674732356196779,0.023877751549320345,-0.10398225677239935,0.03230732170972625,0.04545353179960382,0.024250123498705096,-0.034420633682905225
F19_z_end_minus_mid,-0.006193475308811131,-0.054814967978356686,0.005476940029681849,0.007320482703085906,-0.05669964331505687,0.04810116500984699,-0.06418047250870748,-0.01388418862423568,-0.01657969961127019,0.008842821305339223
F19_z_end_minus_start,-0.02987402945725209,-0.04781939439773335,-0.029310589678690532,0.010471374603750685,-0.031503294557895044,-0.04239071639093886,-0.03130173004433542,0.024981414112077344,0.005042966055129278,-0.02042729234088762
F20_x_mid_minus_start,-0.03332839717407877,0.004687396440786698,0.04397669887098911,0.05614948642371648,0.0350173904778628,0.006789242737012368,0.024942165834362012,-0.025454131374409092,-0.01866719805807466,0.020428574642789403
F20_x_end_minus_mid,-0.013346907167343382,0.04484123711823174,-0.0015235290432354413,-0.068780217439745,-0.01819049191385548,0.006781900559978217,-0.018798114851951403,-0.005061402304288245,0.015008668442488013,0.002615848477771003
F20_x_end_minus_start,-0.04121747963417353,0.0426782764820832,0.037960638686858124,-0.008904462149911713,0.01565323686308704,0.011884108773332312,0.006135087740773576,-0.027073784836457847,-0.0037848755251528054,0.020486955594400513
F20_y_mid_minus_start,0.045901237834702194,-0.022125159753472897,0.04158715842625653,-0.020513734085560252,0.03630924244176989,0.0008452598875993071,0.008670097570920073,0.030973243663651943,0.00870323882548444,-0.026112679913419694
F20_y_end_minus_mid,0.01938806428214264,0.0485806786407443,-0.039654340117740744,0.02779992858196081,-0.038305881944272875,0.020846143841055053,-0.005280687444530464,-0.008940565724673635,-0.01483744334005225,0.0018918083353290842
F20_y_end_minus_start,0.06175644920623846,0.021207000254698346,0.005598711216890939,0.004489123807910165,0.0016461244249096165,0.0191675516110886,0.0037952865937585178,0.022291677540712724,-0.0045823409202417585,-0.023761710928088358
F20_z_mid_minus_start,-0.03267619503919836,0.0030470351261458993,-0.045240196875532754,0.007634360979432086,0.03847252756181046,-0.08535321585745566,0.036655745919180104,0.038458762885966793,0.01919015986929861,-0.03500465163339089
F20_z_end_minus_mid,-0.010039191408026001,-0.054316032257919894,0.0077504901785440715,-0.00282624227013597,-0.05515889877976863,0.04877728574285445,-0.06966426342807891,-0.01305134165754954,-0.014713143019056591,0.011600396576907493
F20_z_end_minus_start,-0.03690770003034857,-0.046082631328899185,-0.031693368496034435,0.003987380558768993,-0.016580640202233474,-0.029180942798565236,-0.031133992856907274,0.021149919057558086,0.003202773238974493,-0.019500234791400447
F21_x_mid_minus_start,-0.03413035735318719,0.006248424271391596,0.04364580008374157,0.05661357862517206,0.03074145471678064,0.011774836203501672,0.02165466948501684,-0.025336016756266313,-0.017126208063103707,0.0185276465485756
F21_x_end_minus_mid,-0.01317323094337836,0.04562132384995197,-0.00019886103698607142,-0.06867883082880452,-0.011602783102555018,0.0015312563686824229,-0.018899165428221204,-0.003828641953678285,0.014778176260899164,0.0037559540439764724
F21_x_end_minus_start,-0.040828996164745494,0.0435246020852461,0.03799155396140188,-0.0078042114696359665,0.017195594179154932,0.011571711932045103,0.0031640701353155853,-0.025344322543866267,-0.0026431938485454777,0.019331442113534398
F21_y_mid_minus_start,0.046432602432790154,-0.022331048233278823,0.04215156225279015,-0.019792833599097278,0.037755507567558064,0.0038386051957336026,0.011043500108524427,0.026243124490942706,0.005289786121304735,-0.023185856680468495
F21_y_end_minus_mid,0.018953218825045078,0.05055208851832127,-0.04032594456404729,0.026942851239886628,-0.034505738070744994,0.019511279001688645,-0.00797305377986892,-0.008987827277884374,-0.010805794011862591,0.005182069749678323
F21_y_end_minus_start,0.061834432682658425,0.023032358273046855,0.005251481435432168,0.004615835590458557,0.00613172631373591,0.020982179652415334,0.0036683919579361094,0.017525121271586255,-0.004422030552567932,-0.017923312509439515
F21_z_mid_minus_start,-0.03560640421108655,0.004371240081971465,-0.04734654299935226,0.010299927974586082,0.04778477933479271,-0.06537986662027709,0.038055132266807935,0.033128434269775714,0.016538884566518017,-0.03701029614489806
F21_z_end_minus_mid,-0.013349832117283711,-0.05348034339935958,0.010309163267395338,-0.012316991524361103,-0.05085970302079452,0.04600684762264695,-0.07438152126902488,-0.01214243611272716,-0.014128115605265805,0.014930461852690632
F21_z_end_minus_start,-0.04269376747269887,-0.04279074604290392,-0.03231806503250092,-0.0017483765603227733,-0.002636244529397289,-0.016941312877214555,-0.03162109060569479,0.018317666470475457,0.002115784581398034,-0.019274376584908545
F22_x_mid_minus_start,-0.03500655839487062,0.007799948142625717,0.04388690992770394,0.05696426685295787,0.024475331153819207,0.015154855674568592,0.01761157640019136,-0.024191869328190903,-0.01539363323153315,0.0167813168838833
F22_x_end_minus_mid,-0.01270936794835198,0.04652379124790393,0.0015810367314821776,-0.06848066224334001,-0.005770452025542169,-0.0036673658444287514,-0.017879204892496916,-0.002646713210092411,0.013997859194881664,0.003968745490448356
F22_x_end_minus_start,-0.04032922498751766,0.04434612357908457,0.038944314563733554,-0.006533809946594132,0.016335233821487907,0.010038226377132038,0.0006449018280377906,-0.022904030301041878,-0.0018826111398370176,0.01761405106743459
F22_y_mid_minus_start,0.046830453431342234,-0.022254962070858964,0.043593093964382955,-0.018054133982890685,0.03841455345635422,0.008344271940204012,0.012271197503823559,0.021023934857047434,0.0036444311404112755,-0.021064362079667387
F22_y_end_minus_mid,0.01829761752512499,0.05313199191385581,-0.04067487365427449,0.025627845035563743,-0.02835547903263253,0.01565898902269048,-0.011973898099266366,-0.008641473660159407,-0.007130094022216424,0.009629316328911642
F22_y_end_minus_start,0.06128303524898458,0.02607220303500268,0.005529141379159236,0.005550339475886892,0.011556669504949544,0.021988171301774186,0.0010884838157211923,0.012464378599617557,-0.0028673187569956374,-0.011621301696226518
F22_z_mid_minus_start,-0.03773537376010707,0.005670272774354584,-0.04831737288703725,0.012789695173302595,0.055852279274988405,-0.04259716862601012,0.038472181156956595,0.027228129918733576,0.014075148134671516,-0.03909521458171346
F22_z_end_minus_mid,-0.017071902136616947,-0.05127963907219727,0.012988970479581701,-0.022754896509644535,-0.044007970965049235,0.04186560076207376,-0.07878103373402022,-0.010614533336379685,-0.013599885900561215,0.018913074765484424
F22_z_end_minus_start,-0.047606512478208816,-0.03759982812932316,-0.03199238208147396,-0.007586686603484998,0.012883500256964721,-0.002925867487765985,-0.031409453074259255,0.015289994236523165,0.0011608810296164296,-0.0189017186298804
F23_x_mid_minus_start,-0.035769120631892436,0.00923547037401283,0.04446125596911577,0.05712213184750918,0.016848094079502676,0.01659771754356882,0.013369491545331258,-0.02247427434123525,-0.013846841553589308,0.01526819552336477
F23_x_end_minus_mid,-0.01203123718658731,0.04742412560024612,0.0036031842871856305,-0.06802926647300149,-0.0009065366735426781,-0.008517790935201736,-0.016262282097299626,-0.0019794863014449176,0.013159557759579698,0.003914651042669532
F23_x_end_minus_start,-0.03969874445300526,0.04500726452527433,0.04044295327243285,-0.00502453605574472,0.013543595390632726,0.007362459052671148,-0.0014426229472884122,-0.02056713467076161,-0.001394628899739631,0.015988027613519314
F23_y_mid_minus_start,0.04692574352093688,-0.022002147983377466,0.04483411898560003,-0.015885459524777653,0.03972948684416855,0.013245612746017816,0.013425538424860847,0.015360176571154016,0.002320921296583024,-0.019337299724981112
F23_y_end_minus_mid,0.01748028807615708,0.05526074674785966,-0.04060579270704704,0.024109058748495744,-0.02190587882819301,0.011547380935567172,-0.017128098856637054,-0.00858925683526912,-0.0032551149468056572,0.014373863186762561
F23_y_end_minus_start,0.060162741033271405,0.02912239665192895,0.005706262847963484,0.006761457442260476,0.017774386591635917,0.022956843138715013,-0.002780340271566528,0.006763476503083534,-0.000746373550788583,-0.005297790243862983
F23_z_mid_minus_start,-0.040155304547939,0.007977893302106439,-0.04805765703117002,0.015763623287332083,0.05836845519507121,-0.018287623668790286,0.03567231573670239,0.02195352202873152,0.012300623053930395,-0.041171548732507016
F23_z_end_minus_mid,-0.02033533816282256,-0.04800628630873291,0.017226029800854522,-0.03343078718354495,-0.032003405249069784,0.03304314633581121,-0.08236135943542391,-0.007820140656324777,-0.012811289681403581,0.023486451171153687
F23_z_end_minus_start,-0.051825170877418246,-0.03033473044538131,-0.029576857192896197,-0.011985705120324805,0.02727156547874874,0.009423415758155999,-0.03236067686340278,0.013549436827306315,0.0010110111754625835,-0.018524580165594513
F24_x_mid_minus_start,-0.03601194627545859,0.011324204118225456,0.04608977464834225,0.05644550406369593,0.0018953159692413851,0.014943807783112014,0.009286613424069693,-0.017385948022819713,-0.010876927135038794,0.011261921856658304
F24_x_end_minus_mid,-0.009839881921107263,0.04943578600891191,0.0065366089543489455,-0.0657177667195634,0.004658367953493085,-0.01585234417148352,-0.015096691234412464,-0.000418672461597145,0.00961017573660133,0.0035336309341471722
F24_x_end_minus_start,-0.037614894556722185,0.046026474112552423,0.043671530417844766,-0.000920737751177882,0.005035196661338188,0.000897323647002798,-0.003313325069416255,-0.014963090521460833,-0.0020759333188180924,0.012100034931510921
F24_y_mid_minus_start,0.045693130309657604,-0.020865625978855648,0.04485545704991868,-0.011442104208347133,0.046751569663960144,0.022065759194791035,0.01928865694001825,0.003949195543081065,-0.005026319352200082,-0.015001532206877288
F24_y_end_minus_mid,0.01439886660444421,0.05757371659669176,-0.03982355042545996,0.017757410631057475,-0.011310376829364333,0.0075034184950722475,-0.03324797431954828,-0.008852759205850158,0.006170245273950851,0.024243194809053778
F24_y_end_minus_start,0.05567783448095998,0.03387959422967117,0.004773343389510403,0.005807432372122676,0.03289140281614779,0.027395990024231973,-0.012852965043052863,-0.004522580412580354,0.001043936267887786,0.008503169350866155
F24_z_mid_minus_start,-0.043562748136381266,0.014065590246835343,-0.0448716401203088,0.02038952040688664,0.049172842436589176,0.027655060405049305,0.02297696894396169,0.015529389696732319,0.014548596097816686,-0.04563138171988174
F24_z_end_minus_mid,-0.024273394611869576,-0.03780394072042538,0.027617999276902526,-0.04872410241502679,0.006576199272670621,0.004452715079624387,-0.0807045183901558,-0.001066523401055172,-0.01442613346169896,0.03171864238458502
F24_z_end_minus_start,-0.05619573141963473,-0.013909083151044825,-0.020929016724742656,-0.015895091681456038,0.04880875180134185,0.02797998232858223,-0.036029453943883634,0.01320683879134418,0.00294306016326932,-0.018731921955687573
F25_x_mid_minus_start,-0.0358122730778649,0.011646981961043147,0.04679054648360654,0.05600465371445271,-0.0040765687825110655,0.01136695085118606,0.007425986819123139,-0.015312321021981769,-0.008683981885693283,0.009768215264238263
F25_x_end_minus_mid,-0.0087438216768648,0.05026469677198869,0.007242829923074491,-0.06415562292449505,0.0062083593915358785,-0.017887339342958376,-0.01560111646734699,-5.626737750086866e-05,0.00811382979356269,0.0034561401975289384
F25_x_end_minus_start,-0.03661142727184009,0.04602300079913853,0.044826444122429344,0.0012614458052334382,0.0010150111647456693,-0.003244743129762373,-0.004936625291903058,-0.013004825688665752,-0.0015150523801526238,0.010756819651130612
F25_y_mid_minus_start,0.044059038285632755,-0.020108411613634025,0.04424530590441689,-0.00893269704389595,0.052891399777348275,0.025570218133007958,0.022882994768505305,-0.001699937596408636,-0.008829978004608163,-0.013705406528247898
F25_y_end_minus_mid,0.01308646476461738,0.057353090733011806,-0.03918599467812903,0.014619720368916412,-0.008522106005757868,0.006690723414921494,-0.04086568589849279,-0.00940759112269678,0.010148328123567685,0.02873262048924767
F25_y_end_minus_start,0.05266121397623267,0.035251943789637655,0.0038938914453845713,0.005494399043324937,0.04053173721465125,0.0297161021607183,-0.017271463478194717,-0.010366636602274788,0.0014024335796668592,0.014329709485408354
F25_z_mid_minus_start,-0.044576936385058386,0.017185335379871235,-0.04139157492800823,0.022449993899322177,0.039821335016013176,0.04590617701812122,0.014810702957961795,0.013904881815262832,0.016254181292464438,-0.04734495975401599
F25_z_end_minus_mid,-0.023906926221226442,-0.03094243774883532,0.03149396230167608,-0.05190448268095225,0.027643114611829347,-0.013318373082242046,-0.07597940117476792,0.003129755366319962,-0.0148918933743643,0.03453161932684864
F25_z_end_minus_start,-0.0567972879134853,-0.0058642190970736715,-0.015622629990426538,-0.015598521436301593,0.05508375669149128,0.03226539745348106,-0.039142186623979995,0.014725282662360012,0.004389830704112143,-0.018901121778571645
F26_x_mid_minus_start,-0.03577943887082024,0.01168851519607684,0.0471246036898235,0.05570278410401899,-0.008728827961249776,0.005794964449285993,0.005840183042991717,-0.013474106030080384,-0.006648207896251444,0.009873747884939587
F26_x_end_minus_mid,-0.008080962348519362,0.05066848843859454,0.007747095865581358,-0.06321271108886545,0.005981558434997638,-0.017985156977014142,-0.01608862281112273,-0.00044831650423430403,0.006859668512047509,0.002590142222963006
F26_x_end_minus_start,-0.036153297102868194,0.04552694962244415,0.04558384090155465,0.0030774361355998523,-0.0032369846708961876,-0.0076889526700913,-0.0063190546519226835,-0.011793280244644449,-0.0008480716043075744,0.010229715740212237
F26_y_mid_minus_start,0.041924407947526894,-0.01921160664045472,0.04323699029374373,-0.006384840173282791,0.059417016095556774,0.028407750913614253,0.02635971993904823,-0.006527105363901629,-0.012185911780266468,-0.01322633019238533
F26_y_end_minus_mid,0.011944355639845045,0.05645810333366794,-0.038492118780957325,0.011743827884398319,-0.006701222053601989,0.00594269871281761,-0.04862659652415609,-0.009871452903610823,0.013440734904278728,0.03247904590376034
F26_y_end_minus_start,0.04937612348632339,0.03609069319815094,0.002748867357178049,0.005339214901654171,0.04757510373136086,0.031417893892904565,-0.022177854987837645,-0.015283258095579615,0.0016828341530603955,0.01878865799020847
F26_z_mid_minus_start,-0.04503270874026196,0.020162941981530784,-0.037710687799197444,0.023860317691879324,0.027196274825747282,0.05962241439278311,0.005720724812757743,0.013772531730542513,0.01885856097973194,-0.048382426659534156
F26_z_end_minus_mid,-0.02197116721503549,-0.024458728967309235,0.034848470123841464,-0.050784546718417305,0.047069642494996435,-0.030050026078671473,-0.06828447148327188,0.006873497697351179,-0.015363295205739333,0.03534684870514931
F26_z_end_minus_start,-0.05678600870411512,0.0012957565534037847,-0.0100899494173833,-0.01383303498921377,0.05807546028545372,0.033575001369465673,-0.04279263520270675,0.017475417255976174,0.006497936655471007,-0.019533069650397143
F27_x_mid_minus_start,-0.035910247369791114,0.01151764247914666,0.0472585168123472,0.05546653118084806,-0.012167068392275203,-0.0009956780791469323,0.004290825536765376,-0.011348478915744585,-0.004571537136538038,0.010809525581799954
F27_x_end_minus_mid,-0.007794905262277321,0.05071215364007839,0.008126679361992448,-0.06309920441233514,0.0038939964450376463,-0.01627856104270624,-0.01578205277018478,-0.0013468020007163979,0.005518294089664419,0.0006521810550382806
F27_x_end_minus_start,-0.03617679100853129,0.04462391108036506,0.0461493773335428,0.004414920816072802,-0.007781471882743235,-0.012004341415051103,-0.007124482542301267,-0.010667965938658068,-0.00014629947854243895,0.009729387793224381
F27_y_mid_minus_start,0.039871224403198624,-0.01841123447231755,0.04248585766470057,-0.004089406300869093,0.06427824782358879,0.029288909392121417,0.02889600693049774,-0.009164843486557585,-0.01367748333092582,-0.013965870771092626
F27_y_end_minus_mid,0.011108826476367269,0.05520019982910733,-0.037900971554174025,0.01026235146017624,-0.005399235898351842,0.005540495288307154,-0.055800294525104856,-0.01065151362641786,0.01542644030061795,0.035463619216051415
F27_y_end_minus_start,0.04644058020427577,0.03659192177837377,0.0016383522597853562,0.006205141832134247,0.05244670158007146,0.031594352037977995,-0.027767119070550083,-0.01846509210255321,0.0025749497561226866,0.02159187975585188
F27_z_mid_minus_start,-0.044636817877073055,0.022363325225945512,-0.033771135897232796,0.024728408923079034,0.015749644000233848,0.07022606916234964,-0.002072590475448667,0.013636688410895515,0.02090927419699652,-0.048985140654817565
F27_z_end_minus_mid,-0.01971328608074614,-0.018000555832906058,0.03624443553864278,-0.04804856949659578,0.062313941792830015,-0.043313736145380685,-0.06030659825180857,0.010098017921424252,-0.015370512751258402,0.035343152684621224
F27_z_end_minus_start,-0.05588666044500243,0.007760178264442743,-0.005139825775955881,-0.011852573221100404,0.05991048129972653,0.03396115670947249,-0.045714412514453115,0.020032494416187808,0.008315361275011673,-0.019964371423278542
F28_x_mid_minus_start,-0.036119631722292246,0.011099667687529898,0.047347585695880115,0.05514834288504263,-0.014026237788742804,-0.007931033721472034,0.003027370893233177,-0.009075597485146296,-0.0028803707248493938,0.01216202206584971
F28_x_end_minus_mid,-0.007610940738101562,0.05041138713120096,0.008266901878652764,-0.06374772954476535,8.010387471775752e-05,-0.013306516446214238,-0.014802327634090819,-0.002439107736214338,0.004057655736472343,-0.0020377019877557347
F28_x_end_minus_start,-0.03646347293745277,0.043435932698480985,0.04665187224245995,0.00514205699357734,-0.012124492180990648,-0.015807532124070506,-0.007295840168347829,-0.009515153122873706,0.0002196223059094498,0.009193410773269779
F28_y_mid_minus_start,0.03780933899659277,-0.01787615489632929,0.042050361317219224,-0.0019311230110988305,0.06801930199978422,0.028941457818367378,0.030715436156958837,-0.009887058497158837,-0.014039180242745565,-0.015747352099956556
F28_y_end_minus_mid,0.01052111282389912,0.0538394341475907,-0.03743457870758665,0.009821220167274054,-0.004422108426601516,0.005378743548083418,-0.062396944459612275,-0.01175922457683311,0.01670846248474765,0.03763145523839609
F28_y_end_minus_start,0.04378911335522398,0.036837381158591184,0.0006285987524978884,0.007897834556192966,0.05593269573815182,0.030901892615826484,-0.03383519531221868,-0.020263754475037997,0.0039093336806480285,0.022866156757832528
F28_z_mid_minus_start,-0.043738483252784933,0.024147433036674534,-0.028797282004873907,0.02524899644853079,0.0026274577733215168,0.07892052968887549,-0.010612581609197178,0.01515797761918042,0.024297834964858808,-0.05030897849958916
F28_z_end_minus_mid,-0.016404993282290784,-0.011819008392792926,0.03651227082572276,-0.043470697183040016,0.07507478224172331,-0.05592194453212901,-0.051697213325103894,0.012621578279477158,-0.01599267792454477,0.0348962926841188
F28_z_end_minus_start,-0.05429004132973154,0.014030586486862904,0.00038700272536624695,-0.009088852060459106,0.059840578644465146,0.032648965840460065,-0.049612305994121836,0.024111695902902536,0.010986914953674666,-0.02138674722800617
F29_x_mid_minus_start,-0.03629070243227484,0.01061209730254553,0.047425448379467154,0.05475828494467422,-0.015233683076412406,-0.014284884947131534,0.001751683375580426,-0.006488132828845999,-0.0008895578051280388,0.013218605077072504
F29_x_end_minus_mid,-0.007256388348892996,0.0498896834562023,0.008324860624626724,-0.06466773626927376,-0.004885702647396955,-0.00980909569015762,-0.012692167272764123,-0.0030505297611110862,0.0018515086899531647,-0.0052580534723081504
F29_x_end_minus_start,-0.03671080131137423,0.04215638424882971,0.04721275476870095,0.005651784246618393,-0.01662017513876455,-0.01902377392665616,-0.006807287748880052,-0.007716497434528207,0.0004350605671419211,0.008174288663787476
F29_y_mid_minus_start,0.036430668090588154,-0.017661868401967293,0.042635638047639854,8.94062983063781e-05,0.06867087526758883,0.027904867346735363,0.03085167727827416,-0.009026253917629408,-0.012720033315692552,-0.018610203026311094
F29_y_end_minus_mid,0.010264436335950153,0.053135404862036835,-0.03676646960617733,0.010525870903099649,-0.00251562265228494,0.004752768831820751,-0.06673434405445429,-0.012489185795038705,0.016755937910924713,0.03937852893952601
F29_y_end_minus_start,0.04178770446951325,0.03741165425561207,0.0004961270372680534,0.010523540805376121,0.05707086081318769,0.02892230476569984,-0.03946610982857761,-0.020224073113735516,0.005594993734632542,0.02293656664660912
F29_z_mid_minus_start,-0.04199084136863974,0.025716181810233288,-0.023533132328225428,0.025281804675307377,-0.010531624585853999,0.0857332624155982,-0.018760193610575463,0.015377207105137502,0.026565857331703566,-0.04957059598763184
F29_z_end_minus_mid,-0.013044594810902173,-0.006055755585796755,0.0359972159207225,-0.03792418922020216,0.08501447424256546,-0.065800307134771,-0.041744007048939304,0.014605871764833805,-0.0157480038616903,0.0329187858597011
F29_z_end_minus_start,-0.05175673035685366,0.020288851835085567,0.006172032921349276,-0.006023177427379834,0.05873250431887918,0.030589991962243504,-0.05229737493776951,0.02693737018523905,0.013248867584690889,-0.02185130848068357
F30_x_mid_minus_start,-0.036396974111000326,0.010891243289542052,0.04754286210332039,0.05499243517282563,-0.014882245857141948,-0.010247860635668337,0.0017672655950712885,-0.007140674732164294,-0.0014933905807985506,0.01199657704322169
F30_x_end_minus_mid,-0.007501367350614419,0.05012331207628574,0.008676562951733335,-0.0647914488180546,-0.0024668446966785926,-0.011333106282907648,-0.01148712935261621,-0.002042265401165298,0.002085851762533406,-0.004811062614799957
F30_x_end_minus_start,-0.036749738468001114,0.042850658202687665,0.0472572113964649,0.004878946160763249,-0.014627060543063203,-0.016481977150100132,-0.00610036426183808,-0.007589493612172732,8.463210479143161e-05,0.007267079943381483
F30_y_mid_minus_start,0.038410736857741254,-0.018080577215196673,0.04421386070649865,-0.001348478214183604,0.0639778550435329,0.027500908232324026,0.028101238477274724,-0.007270244834600897,-0.011222590573009991,-0.018268636339889167
F30_y_end_minus_mid,0.01105123290035831,0.05434334090983336,-0.037175224402491235,0.01218842724852533,-0.002065446883727283,0.003563489386143237,-0.061867655805260865,-0.01185230934690965,0.015335545151774333,0.03794158113822198
F30_y_end_minus_start,0.04410950294566654,0.03784980051479951,0.0016588697051074016,0.010830915055966962,0.05331780402785828,0.027300297236817848,-0.036586839309622796,-0.017956611590553038,0.005386090063468168,0.021542185773815944
F30_z_mid_minus_start,-0.04217457734164377,0.02503496535261194,-0.024898823946450658,0.02544853076324201,-0.003670202584588771,0.08691468856114912,-0.015361810785694234,0.013145853590709081,0.024065746614125003,-0.04844217032185996
F30_z_end_minus_mid,-0.014582031319197974,-0.006297535373904735,0.03554177994668792,-0.04153933373815943,0.08185002322220063,-0.06276118382170932,-0.04333296703149187,0.014219847733950571,-0.014551833047871915,0.033357243326518515
F30_z_end_minus_start,-0.052050288251744195,0.01907132446923633,0.004187159624764321,-0.008402183403692467,0.061204698406023925,0.03386664724788191,-0.0490281653053819,0.023875251135978985,0.011612295162130805,-0.02015914147791775
F31_x_mid_minus_start,-0.03639847626164079,0.010178300719825797,0.04713202132220689,0.05436209919627582,-0.01757860937133674,-0.020181529747192478,-0.00028277960343909257,-0.003599472957202266,0.0016321672688742427,0.013796630120617588
F31_x_end_minus_mid,-0.007009636581882641,0.04887527636966573,0.009044592817394757,-0.0655061713539459,-0.009442090190754844,-0.006514258546344256,-0.008994443574918017,-0.0035609993889647775,-0.0012281842393078311,-0.009766456827674934
F31_x_end_minus_start,-0.036944829440783644,0.04059216719198549,0.04781877370561378,0.0061727187426812175,-0.02174920807664847,-0.022179367175343634,-0.006053472280007974,-0.005503290846842973,0.0006617219623401313,0.005990398517499624
F31_y_mid_minus_start,0.03630761611268268,-0.017514695542454616,0.04456800320581588,0.0017035304990532536,0.06487439980834325,0.026392997777572938,0.028694997438691066,-0.006734973773839964,-0.009121895267001601,-0.02224972210501317
F31_y_end_minus_mid,0.010380458947388574,0.05308932273023708,-0.03604003195582585,0.012619279622858462,0.0009738008421743158,0.002770387470453514,-0.06861157775425449,-0.012800149475311029,0.01543725334088735,0.04081318077095614
F31_y_end_minus_start,0.04081201750463139,0.03832109672256793,0.001389040805161595,0.014028706310038795,0.05537552614885979,0.024899162212012067,-0.044444086375101034,-0.018428633744884026,0.0077642818152317055,0.022092816913445636
F31_z_mid_minus_start,-0.03878846533976088,0.02686535844920968,-0.016923801321659725,0.024612725974937577,-0.024376751716898997,0.09305315021736056,-0.027264174044492093,0.014671206691904137,0.027913648687960233,-0.04729173779455774
F31_z_end_minus_mid,-0.00927715127367438,0.0007364019622413458,0.03427086089353961,-0.03149745589003367,0.09332213151702896,-0.07416726965307667,-0.02987370278614618,0.016476215178822164,-0.014703569454490433,0.029778438197845748
F31_z_end_minus_start,-0.047094484446183194,0.027646017513429176,0.012942278307174003,-0.002790199232702889,0.057061570224176544,0.028706344704278228,-0.05351259822850475,0.02914610940286616,0.015205263707641978,-0.021506912510363806
F32_x_mid_minus_start,-0.03662695166454764,0.010559065607595106,0.047396511565640315,0.054745034040581196,-0.017773680335017288,-0.015171246924451222,-0.0008513635779815229,-0.003138691956007906,0.0010123388592684307,0.010967993890960336
F32_x_end_minus_mid,-0.0074940171658391674,0.04896034304633208,0.009985064348351141,-0.06613681630597713,-0.006822843381277908,-0.00851993221810403,-0.005478768808236123,-0.002318820456973822,-0.0016516256022388908,-0.010188796233459372
F32_x_end_minus_start,-0.037135659013088906,0.04132462055394658,0.04824292808043999,0.004906991960829943,-0.020105163717912707,-0.018925275648613016,-0.004333713544518969,-0.004279223247733438,-0.00018969295435697462,0.0029860936183119507
F32_y_mid_minus_start,0.038957994841882386,-0.017723084651954348,0.04839646583896788,-0.0008190537041538255,0.05485687606286511,0.026336976415546942,0.02360854445305316,-0.0010190160016872135,-0.004372950983901549,-0.024794654945926548
F32_y_end_minus_mid,0.012081126772351031,0.054797567366607354,-0.036282643098179565,0.016562404858771564,0.003515549940259498,-0.0006380067519231035,-0.0618203793448206,-0.011002101284560252,0.012170404720877426,0.0389037383680248
F32_y_end_minus_start,0.04400252373567944,0.039641960702082465,0.003911496941294862,0.015714553428949278,0.0486060083223595,0.021034522492553914,-0.041749356257401476,-0.011724754805650387,0.008445137385273234,0.018097821553347403
F32_z_mid_minus_start,-0.036671883525223256,0.02618314436667951,-0.014414104950066953,0.02446858969423639,-0.019883660847584236,0.10341999666905115,-0.02664923310199641,0.00980122614942123,0.02424254332450839,-0.044308771453176264
F32_z_end_minus_mid,-0.009448190269954963,0.0059822791676940375,0.03195349764841114,-0.0342593392425712,0.09351647624644298,-0.07461211099995241,-0.024279062818673983,0.017424922803961903,-0.01155281356126138,0.028655151088039746
F32_z_end_minus_start,-0.043944070263422355,0.03071055708353364,0.013781291811485097,-0.0059959387551671095,0.0620540879034053,0.03576844078794539,-0.04709469632011368,0.02471735846483781,0.013553430576367213,-0.01820746440569941
F33_x_mid_minus_start,-0.03688680242615136,0.01082557498658765,0.047302325667538954,0.0549976496572151,-0.017159824819727554,-0.011882588856078293,-0.0009484456695857096,-0.0029333636704183016,0.00016717885755647806,0.009120733641264487
F33_x_end_minus_mid,-0.007825943283020633,0.0488083890599849,0.010506735022099796,-0.06654021696477683,-0.005561413716073578,-0.0095071283702159,-0.0035027332781900735,-0.0016275699258518038,-0.001563081914371802,-0.010334444008945055
F33_x_end_minus_start,-0.037383004448430915,0.04171990964901204,0.04825002971268376,0.004034000047868753,-0.018660473021124672,-0.01666092928696439,-0.003143823554671927,-0.0036373744541457137,-0.0008873698417593188,0.0011320869320136536
F33_y_mid_minus_start,0.04048478966995168,-0.017757817354642345,0.050265678351584624,-0.002570946582076383,0.04789578843078831,0.025917967597690304,0.020185478383567,0.0027728910542141982,-0.0010208831648094597,-0.026452375316209246
F33_y_end_minus_mid,0.013004585465764811,0.055633872572021105,-0.03632449796287884,0.01897495296832346,0.004960248532029377,-0.0024917182431263164,-0.0571366037262788,-0.009846517099636899,0.009794003296895313,0.03744840304455466
F33_y_end_minus_start,0.04587315940235479,0.040124543332318394,0.005419247464097833,0.016535086524964725,0.04403125409279425,0.018743035969145616,-0.03961567419416562,-0.007404086202568191,0.008784939360004539,0.015154268727530382
F33_z_mid_minus_start,-0.034738814376404206,0.02539436358347042,-0.0122917845807326,0.02429286412781387,-0.015663917244592093,0.11148129002157062,-0.025871300810940415,0.00519833526771219,0.02062099764239407,-0.041225758169573176
F33_z_end_minus_mid,-0.009674480481841077,0.010077616585885366,0.029913415209720944,-0.036591070686148364,0.09278256064432194,-0.07418587754726985,-0.019684156110971917,0.017928264743154978,-0.008866706391141087,0.02734720931158413
F33_z_end_minus_start,-0.041248386176455605,0.032757597070607755,0.014295760072541247,-0.008729468587538536,0.06559060546874358,0.041172492070764406,-0.04153421925199227,0.02045517338232917,0.011823900912497472,-0.015300728163961575
F34_x_mid_minus_start,-0.036719950080668515,0.011575712647491522,0.04799579484763687,0.054825253844950614,-0.016712848340807232,-0.0062002387712906445,-0.0023217160287249076,-0.002893138890009734,-0.0013748449253362098,0.010771669067259518
F34_x_end_minus_mid,-0.0075088987774607945,0.04862098183944742,0.01140825525257246,-0.06741590933564452,-0.005467372680631064,-0.01289560015515401,0.004088475531978095,-0.00030000032088158815,-0.003191595130496524,-0.013932345445779303
F34_x_end_minus_start,-0.03674710142916555,0.04241870162009998,0.04909359826695358,0.0024501756026646436,-0.018091638093809568,-0.013956258031587933,0.0007185856931490922,-0.0027008737400666537,-0.003316070026249605,2.3444291464811197e-05
F34_y_mid_minus_start,0.04190634526704855,-0.01703486917652506,0.05376989788117111,-0.004481310152961026,0.0323269331411027,0.02317698014737354,0.011147160970364786,0.010490953785443477,0.006527084145009264,-0.03189450642211963
F34_y_end_minus_mid,0.014810234454681572,0.05589828285540796,-0.03556771924134617,0.023746354837776987,0.009728578750917682,-0.0075410707323570365,-0.05180407219114739,-0.008526667185856367,0.005891192082431474,0.03508820881525897
F34_y_end_minus_start,0.04777737612826866,0.04054769778320298,0.008450456719644539,0.019423459332642903,0.03521313292250863,0.011187259467540282,-0.04127968373384979,0.00011161431184788304,0.010913103868959516,0.00853760723597815
F34_z_mid_minus_start,-0.021487999637012343,0.022114519273821583,0.003260861082478054,0.02018796294867961,-0.019721084937210847,0.13559111552701777,-0.03245857321552386,-0.008242695942940257,0.01133379575047067,-0.02747389875420922
F34_z_end_minus_mid,-0.00554376532423048,0.02692863459535391,0.020815082642052226,-0.03172523316642162,0.0927015767732256,-0.07518853901112918,0.004221824936640111,0.019251728464230795,-0.0011538601210379716,0.019630772361905264
F34_z_end_minus_start,-0.02397196363752752,0.044142780817978435,0.021963356724215035,-0.01136416186953305,0.06771902531349114,0.05018629885699913,-0.024654209108382657,0.010418604374315741,0.008902562571406905,-0.006135819756826757
F35_x_mid_minus_start,-0.03634058140684654,0.010722376898603758,0.048214162181369646,0.0537737158038416,-0.020550983608023154,-0.017039284670079775,-0.0022442617904255917,0.001327731983261688,0.0016556506419849472,0.009353185316981998
F35_x_end_minus_mid,-0.00638644367414417,0.04898456762738734,0.01125093079546761,-0.06606528170300216,-0.010720196053694063,-0.008863489227314858,0.0009512444509404459,-0.0018156966554198346,-0.005598633721298768,-0.015323619565486633
F35_x_end_minus_start,-0.03610782176137201,0.04065924199900217,0.04967499603663014,0.005321668983526215,-0.024947936821627718,-0.020669055903504447,-0.0013726327177890037,1.3878347330442438e-05,-0.0021069628702874363,-0.0015158844334369201
F35_y_mid_minus_start,0.038241628719074494,-0.016233505507665356,0.05168098219643895,0.00024652604066300194,0.04563064423090878,0.026003445039903074,0.01998158974096776,0.005028455660589248,0.003413290624339911,-0.03297949815305717
F35_y_end_minus_mid,0.012581549998913722,0.053953358882440884,-0.034781340396551085,0.019712556320276728,0.011089515133014514,-0.00548512403694888,-0.06533613045328014,-0.010629783178118246,0.009874874157907202,0.04108076912493416
F35_y_end_minus_start,0.04202199923289054,0.0409510556458845,0.005446379900917772,0.019735185736496387,0.04625182749708181,0.014653268923966655,-0.04934092880315403,-0.006654011187815777,0.012428086288041613,0.015249202158989696
F35_z_mid_minus_start,-0.024455755893201984,0.02530530166833055,0.0021883968809857943,0.020475547831931108,-0.042035076486073415,0.11847933211329745,-0.041128658689071236,0.002027067175047272,0.020969006253414326,-0.03227866653387679
F35_z_end_minus_mid,-0.0027589703433852815,0.021162905985465143,0.024848326071830906,-0.022224133966355645,0.09939107104960299,-0.08120300342207867,0.0020997124767130984,0.019198851897277124,-0.0062365455625808305,0.02004722761557545
F35_z_end_minus_start,-0.0263216396725697,0.04513254416419902,0.02640378329328357,-0.0019448131585114794,0.05655021016987688,0.03507549406746064,-0.03767849300045761,0.020725457918996704,0.014160075219292738,-0.011585177522934571
F36_x_mid_minus_start,-0.033822334708178345,0.0045116982536783055,0.046113516420129404,0.05619541912116273,0.029210294035002162,0.0008576122353153337,0.023714333160967462,-0.020643194389250042,-0.01802997947573851,0.021040846961583443
F36_x_end_minus_mid,-0.012939963641195545,0.045503110625244446,-0.0001426147081633202,-0.06915432441889184,-0.02306390180085156,0.008772434646990257,-0.013913394637577509,-0.0043293792023926985,0.011848176225372625,-0.0025718687658357058
F36_x_end_minus_start,-0.04106783214015721,0.042704134092891206,0.040868504507799996,-0.008854168074105991,0.006352222819401404,0.008221993704124115,0.009248093389947639,-0.022031002934872302,-0.005951502454107375,0.016515970223680544
F36_y_mid_minus_start,0.04640951398002961,-0.020838885883573226,0.043204650206077964,-0.018033777338587124,0.03146928569991736,-0.0002123194152811826,0.0057409540350690695,0.0347972975178072,0.012189589750723468,-0.03153456083193084
F36_y_end_minus_mid,0.019899867292864935,0.050404366481675664,-0.03807908287408796,0.02994864744659158,-0.03153231984922627,0.017305121792224244,-0.01081807010747032,-0.00773047054623982,-0.012562265654496953,0.0036834560635572782
F36_y_end_minus_start,0.060454057938999384,0.02464151925794823,0.006879579812819222,0.009393823649425783,0.0016977747361804094,0.014905302574385854,-0.004111109070723704,0.025559749680583985,0.00035369986304185523,-0.02606247104859075
F36_z_mid_minus_start,-0.025413269832776038,0.00033420637546797293,-0.03725398771963296,0.0022329320660995945,0.01783949518951628,-0.11684185542112555,0.03162212538773111,0.047610961445583314,0.024270076890287852,-0.03143338866587401
F36_z_end_minus_mid,-0.003500750384563965,-0.05416027401591102,0.002362296995193093,0.012793581934406512,-0.060806059928473634,0.04829240148305814,-0.05902955521264438,-0.014123703075401424,-0.015979216464285417,0.00604557827700635
F36_z_end_minus_start,-0.02354982350714732,-0.04901399810992692,-0.027703204058794183,0.013430519068311284,-0.041033663621399125,-0.049686340021433295,-0.028372749228293408,0.025300550456886915,0.00490843322121456,-0.0196874754419627
F37_x_mid_minus_start,-0.034697563115582766,0.005728826015236597,0.04525910925294616,0.05681439331168196,0.026716454656197874,0.0033474372805651653,0.02124943137034998,-0.021148084321164495,-0.018562784233938808,0.02067293964327888
F37_x_end_minus_mid,-0.013137591413999698,0.04555531068360114,0.0011644824782429974,-0.06958732034412297,-0.01887748273195007,0.005745989639199284,-0.013872569547999761,-0.004104939565575601,0.01322617345909291,-0.0017718942849724707
F37_x_end_minus_start,-0.041321948414673786,0.04290418683929748,0.04061691861786182,-0.008100180402220778,0.00770526713973378,0.007711052206870349,0.007078250080238257,-0.02194025294695497,-0.005262225302498374,0.016636609862456235
F37_y_mid_minus_start,0.04631410720666009,-0.021047913285432287,0.04312247175249242,-0.017167491001739067,0.03519984501040268,0.0007238867457981974,0.006701504814393048,0.029336945052237128,0.006606738249834228,-0.02760796347941221
F37_y_end_minus_mid,0.019090575753480794,0.05117491329055866,-0.038138040722495485,0.029052792078551437,-0.03034259021294045,0.018375417129899055,-0.012017561397163678,-0.00747507625798547,-0.005765418663400571,0.004308116004650647
F37_y_end_minus_start,0.06009944192109057,0.025823084467491472,0.006317926690117591,0.009798323427601226,0.005857280815463087,0.016988238662426814,-0.004425483065882577,0.020696736659156466,0.0010369095562336435,-0.02189749389841234
F37_z_mid_minus_start,-0.028984298268336216,0.0007943216347651564,-0.04204413015397339,0.0047715472174491924,0.034150841434677004,-0.09947730216043286,0.03703292582467184,0.042628109824766815,0.0218834168270736,-0.03455730578576244
F37_z_end_minus_mid,-0.007098077018462727,-0.054289512709378054,0.0039279192232522355,0.003328748046561034,-0.06062019145666947,0.04925526645316687,-0.06477922676259326,-0.014109960206866225,-0.015785464829289223,0.009073733024437779
F37_z_end_minus_start,-0.030410691280486374,-0.048935909405524496,-0.031119843856658256,0.006979660193375331,-0.027182617290298482,-0.037126526596306525,-0.02860256458605554,0.022300975725949572,0.003645500075538853,-0.02023886625714828
F38_x_mid_minus_start,-0.034852935002928985,0.006594420934667202,0.04619838362140691,0.05706623337503203,0.020996405376874794,0.0037911659401313274,0.018019268994822226,-0.020359956927385226,-0.017690695660072128,0.019822375405231896
F38_x_end_minus_mid,-0.012869578225433567,0.04639693564775311,0.00223567228317028,-0.06924616859075376,-0.015519847376230717,0.0022815753997097164,-0.012572653981248192,-0.004282624611829803,0.01250481765106231,-0.0007824564220938511
F38_x_end_minus_start,-0.04056694350551782,0.04334417888440654,0.04174554601602703,-0.006857806687788469,0.0055561960638482,0.005128061303793071,0.005374118339064193,-0.02107287209513715,-0.005145154787949664,0.016498645222376665
F38_y_mid_minus_start,0.04661622701463342,-0.021248666183276827,0.04376473082639663,-0.01582514382544597,0.03791485850694111,0.0038138236728105916,0.008117877133290789,0.025181007816941704,0.003856055995502438,-0.026095754329686038
F38_y_end_minus_mid,0.018213091559854157,0.052877433886509735,-0.03863709665306736,0.028015884705146838,-0.0263869567451321,0.016569132423460486,-0.01666492594340512,-0.008895867418429904,-0.0021736399552249753,0.008626187307166138
F38_y_end_minus_start,0.059875152668172046,0.027748455673063083,0.006068881927046559,0.010441175311627492,0.011632385537256675,0.01846465855835254,-0.007419443997799025,0.01548873577149039,0.0016418713570807532,-0.016584748107772912
F38_z_mid_minus_start,-0.03506703429422576,0.0044124463351913855,-0.04530846517319178,0.009127892885135554,0.038369727444660835,-0.07690566312198838,0.03571008013449567,0.04048987486864537,0.022739570426202164,-0.04080389341122423
F38_z_end_minus_mid,-0.010022814252263644,-0.05543645667550636,0.008475828733392718,-0.0052390322631655625,-0.052327867149929465,0.042929095868125974,-0.07241629107141043,-0.012309216446565763,-0.016853232239930183,0.01380619018109185
F38_z_end_minus_start,-0.03866569121505779,-0.045410760665684675,-0.030958983546609257,0.0031055251961454953,-0.013818561533163328,-0.027239471978288122,-0.03389026988083144,0.0234679382127643,0.004365456561461633,-0.02240716915116487
F39_x_mid_minus_start,-0.035151792454731316,0.007335415995115634,0.04731651617404156,0.056914803226942236,0.013946966521589386,0.0028420226715403342,0.014458300080149155,-0.01827305860382456,-0.015625376163425995,0.01872442649103361
F39_x_end_minus_mid,-0.012518693733684118,0.04706785016593747,0.003727290029341356,-0.06894429371096591,-0.013526211806400923,-0.00040928246009525027,-0.0099177994769307,-0.0038065192952751654,0.010174494427405388,-0.0015796873915588112
F39_x_end_minus_start,-0.039936945051502935,0.0432965663728955,0.04343635827749001,-0.005500621799219031,0.0013013375819927633,0.0021110085655282524,0.004576944807645595,-0.018636214942597554,-0.005374131208260888,0.014786551848613761
F39_y_mid_minus_start,0.04734728964899381,-0.020881855302506615,0.0461042803515147,-0.015086294837125995,0.03345653528543032,0.009702909253180366,0.009173466197734603,0.02422801255827702,0.008745377025010558,-0.02869436671919373
F39_y_end_minus_mid,0.01812247114435367,0.055233482767561876,-0.03884799119620088,0.027859203052294747,-0.017359034156428945,0.009243165595856492,-0.022397641032520486,-0.009304117242924587,-0.00662892404056302,0.015943431911316246
F39_y_end_minus_start,0.059528674363403984,0.03043349067910319,0.007313427778429732,0.011187790109176001,0.01501881978714044,0.017156764284808522,-0.011695954967842077,0.013804939294777394,0.002050763114126404,-0.011934919338982873
F39_z_mid_minus_start,-0.040455501169081774,0.009394171627531117,-0.045478421151536656,0.012628860266542355,0.02771305745875437,-0.062369777432087534,0.0279640728177995,0.0436052849988826,0.026993490453489283,-0.04760057226984505
F39_z_end_minus_mid,-0.010309133531974128,-0.057295313839342076,0.014088988936723093,-0.007257051451358412,-0.0387914250038467,0.03180330208064052,-0.07812035943709232,-0.009613787071662092,-0.019167391799374205,0.017855603838787575
F39_z_end_minus_start,-0.043903769586983485,-0.04108250969321053,-0.027295453989629674,0.0047063119832909785,-0.00931626742386707,-0.026710901878771686,-0.042885250003451635,0.029517243044455473,0.006918841766596819,-0.02589812016344779
F40_x_mid_minus_start,-0.03436731084744173,0.00617884863556064,0.04784526539793962,0.056615558910233586,0.018828932525827097,0.002868724023914869,0.017631917324602116,-0.018513885589942526,-0.016967463553604775,0.019592266297975308
F40_x_end_minus_mid,-0.012013947385395431,0.047355738685148606,0.002231070232014767,-0.06888817970278954,-0.01624316460625835,0.00290309181249369,-0.010339122559234743,-0.0033491509786796646,0.010792373954374695,-0.002693747258624999
F40_x_end_minus_start,-0.03952155017748099,0.04378837981828698,0.04325654898139126,-0.006869716048555973,0.0031268047449210406,0.004841293425217256,0.006881874643859997,-0.01875587523346348,-0.005938416372064762,0.01478533707179763
F40_y_mid_minus_start,0.04723212651476245,-0.020540767213069817,0.04562241587603896,-0.016204003496404624,0.03129106730280119,0.006706322221434347,0.007618869089096178,0.029291875865006176,0.011656041931412694,-0.03074049908734015
F40_y_end_minus_mid,0.018960638379845556,0.053878319911304,-0.03862417477452997,0.028849508290010647,-0.021750481059270917,0.010143384432579028,-0.01883590813288409,-0.00871879176996523,-0.010681673817223626,0.01154401501245597
F40_y_end_minus_start,0.06001889499955667,0.028826748918584538,0.007629909807582175,0.01066853320966991,0.009424719954086992,0.015110034170554747,-0.009676927564497981,0.01911613694145678,0.001229991935551866,-0.01794478222790921
F40_z_mid_minus_start,-0.032478998127309804,0.0030840420942044575,-0.043192082249408306,0.006952547370898475,0.0339921643967163,-0.0898052842188301,0.03611984976761334,0.043479137173555324,0.02232733979575008,-0.038924960740702376
F40_z_end_minus_mid,-0.007993577795830006,-0.05540595908539956,0.0063560663110668525,0.00014322835702856109,-0.055968811145083404,0.04513109542244526,-0.06906170592381902,-0.012844106561436551,-0.01576145583533587,0.011583532367023178
F40_z_end_minus_start,-0.03428231954933783,-0.047521960965573734,-0.030233373547286686,0.0059210759962298855,-0.022283842276163767,-0.034007494870691414,-0.03234837481534283,0.024606834508176224,0.004349540834188993,-0.02195278090225543
F41_x_mid_minus_start,-0.03401206704937961,0.005181686664042108,0.04721289798462483,0.05639194418063412,0.024575456872060714,0.002594035805403093,0.02090029085893232,-0.019184935831803862,-0.017570613189837173,0.020081589419252664
F41_x_end_minus_mid,-0.012239469869340281,0.04671428234342016,0.0008793687258312583,-0.06904922850354256,-0.01951187668430745,0.0062258753007483686,-0.011847312922288997,-0.003313671341295361,0.011237577196464905,-0.0030355681042829466
F41_x_end_minus_start,-0.04008629922144483,0.04353743431402701,0.04219925352902006,-0.008099751797862098,0.005299606575990926,0.007474203215588013,0.008468492731172004,-0.01961493036453625,-0.006053028981446728,0.015103514906433704
F41_y_mid_minus_start,0.04696506099752642,-0.020603370352468633,0.044939305683088134,-0.01757505118391639,0.028486482219849892,0.003881663781183074,0.006181580211187934,0.0331464054288333,0.013426468311781063,-0.03181281699794891
F41_y_end_minus_mid,0.019992763425300243,0.052226058944046604,-0.03830046949853494,0.02989323748351041,-0.025309382901032986,0.012102708139409089,-0.013815287479089063,-0.007411037141814752,-0.013761040995383498,0.007090043289576101
F41_y_end_minus_start,0.06040958092700475,0.026584975160627022,0.007820991523043075,0.009921665912694357,0.004060182192488228,0.014087906380388355,-0.006362687457574544,0.023904829266259184,0.00031923614119213104,-0.022962923382089117
F41_z_mid_minus_start,-0.02604516636653028,-0.0005215884757162419,-0.038870325782152465,0.0026689119410708536,0.02898184966998278,-0.11061663175663164,0.03668560768053516,0.044674123636726064,0.021052331629111864,-0.03196840929927868
F41_z_end_minus_mid,-0.005114826094883597,-0.05380134483182091,0.0018998030235313856,0.007957106355058554,-0.06333121565465838,0.05028089802212873,-0.061243596257420485,-0.014349853396871878,-0.014729380386772288,0.006922833830602917
F41_z_end_minus_start,-0.025804856314347598,-0.05002026565899149,-0.0297232324657306,0.009496535825631657,-0.03491565710555977,-0.04321747767218974,-0.02675314937781467,0.022945417588662705,0.003468185310550762,-0.01950393105876917
F42_x_mid_minus_start,-0.037231062091239026,0.01082730494276052,0.046727294145263235,0.056015317692579294,0.0004559573325542455,0.0006128422431858117,0.006155505559130321,-0.011010879324962823,-0.006498257415071414,0.014827984566918148
F42_x_end_minus_mid,-0.009507799791519458,0.04863155694250254,0.006495338155487867,-0.06768374022057505,-0.00544123039392021,-0.006535689907157785,-0.008266770826889567,-0.0020418556888351937,0.008067439023508672,-0.004348291917008224
F42_x_end_minus_start,-0.03871679385277301,0.04436562826605257,0.044667189986728,-0.0009282606106552037,-0.0035373453987586696,-0.004193093379085724,-0.0007003930870556265,-0.010894477354254126,0.0002632651292344794,0.009547935524617813
F42_y_mid_minus_start,0.044607030321876726,-0.0194481640749053,0.04852626900283949,-0.008086531856002903,0.04384800012023269,0.020876213334221842,0.015889035643397904,0.008952303764996996,0.00044467471287912947,-0.02405635811673569
F42_y_end_minus_mid,0.014588638069380983,0.05686225830688347,-0.03954714089104551,0.02028906768878468,-0.006255404334699178,0.002042871290029589,-0.041323586737266715,-0.009436120540238279,0.004037229081850975,0.027337230195195822
F42_y_end_minus_start,0.05367329241006325,0.036811066377447944,0.005610580303399744,0.012111527990473731,0.03314497818692015,0.020562446678700556,-0.02518629707132753,-0.0010033349507960205,0.0042415219600931645,0.004582579309214256
F42_z_mid_minus_start,-0.04690304960193127,0.02264950282045301,-0.03461812607352352,0.024651595459318793,0.012315561301675756,0.05552777154266283,-0.0012316249014133996,0.023068127841689195,0.026644500473963342,-0.05456056075577224
F42_z_end_minus_mid,-0.017574085575489347,-0.027770656221721333,0.036281226137435486,-0.043237589623858916,0.053569360468028904,-0.03995722742808715,-0.07078154112972979,0.008588721102100981,-0.019542404267362326,0.036600650980332015
F42_z_end_minus_start,-0.05807842583227213,0.001387042450125563,-0.006652393597922524,-0.008057883204222058,0.0512452760216093,0.024080592322734264,-0.05322975909178904,0.02852427048251649,0.011283325628650523,-0.0256174068974496
F43_x_mid_minus_start,-0.03690716226990999,0.011012443040604565,0.047314041598220086,0.05572142487077921,-0.004432562334987242,-0.00029989576103489586,0.0053096075107865225,-0.010452420575523081,-0.005263902867559302,0.013952095827268895
F43_x_end_minus_mid,-0.008740607531981678,0.04953523922141243,0.006879909206378422,-0.06654601973187078,-0.0027691767317493264,-0.00952128485414306,-0.010337297651238074,-0.001460669408525015,0.006299447209208987,-0.003143352684892267
F43_x_end_minus_start,-0.03785615424377594,0.044473673244203406,0.04547256924883538,0.0007754285058153402,-0.005762191167520638,-0.006989050505754951,-0.0027514921905087276,-0.010003747038746822,-6.408741505624775e-05,0.009752329463775914
F43_y_mid_minus_start,0.04268261430001709,-0.019867382105790636,0.04537723395496531,-0.0043507088698680136,0.05507819892130952,0.023019244429895194,0.019245281486000174,-0.0006150386862161813,-0.010306995180693687,-0.018724138062745622
F43_y_end_minus_mid,0.01266224517924641,0.056568331607098926,-0.03811944652408506,0.016057563897919323,-0.0066693603190375005,0.003713450318674911,-0.04651586186595098,-0.010497306685675023,0.014186645652247807,0.029677548922433412
F43_y_end_minus_start,0.05021572743864515,0.03716773977295132,0.003390916320017243,0.011696233132359684,0.0424976422994882,0.02406228972470692,-0.027977392444903663,-0.010721264544882961,0.004587985788912711,0.012120114190776859
F43_z_mid_minus_start,-0.04523068698026407,0.02188940037352362,-0.032954811134077076,0.025043916092200483,0.01740075438856089,0.06849096469981733,-0.0008483929400756341,0.01642828582122615,0.022643127979762694,-0.05173629112521453
F43_z_end_minus_mid,-0.018772539027717597,-0.01997957716708292,0.034921734829102456,-0.04895207356459237,0.05840066208590531,-0.04420671453820449,-0.06416051355892108,0.010115659484403669,-0.016673716964108118,0.03655487828336781
F43_z_end_minus_start,-0.056196857979225,0.00612445395765627,-0.005709828753518431,-0.011910721596797456,0.05872448917633035,0.03243694954014252,-0.04731567252152835,0.022801863833871946,0.009230895151504005,-0.0222093511645256
F44_x_mid_minus_start,-0.03631146228160145,0.011166681558300504,0.04838396398696066,0.05503413741823373,-0.009858898526968179,-0.0014791002535080367,0.0036985654051214854,-0.009003264957573323,-0.003352130617468805,0.012245462410000357
F44_x_end_minus_mid,-0.007805418865598276,0.05050560177190528,0.007335422203328765,-0.065312462387162,-0.0006454119007815374,-0.011885579823529183,-0.009717537795806322,-0.0005083840723905199,0.0038059198978098014,-0.003602960102304454
F44_x_end_minus_start,-0.03662707299421991,0.04458573781325912,0.04668136357521227,0.0020767045956897557,-0.008923681951874447,-0.009504737136834765,-0.0035512364012325686,-0.008093096458375285,-0.0002458174195745857,0.008032829903894046
F44_y_mid_minus_start,0.04125908237998866,-0.01938818562379692,0.0450889488924168,-0.002477560595430594,0.05766019993633003,0.025298148103922658,0.021474819529213075,-0.004880295425601704,-0.01293678294760616,-0.017237116719278675
F44_y_end_minus_mid,0.011953691571306898,0.056223396952538134,-0.03724135575106756,0.014553731790478218,-0.003907507159687228,0.002462980026540133,-0.05053546280639224,-0.010829708446494791,0.01660011512845091,0.03271943346161261
F44_y_end_minus_start,0.04772894297159796,0.03792969959421731,0.0030606241581054242,0.012039381311391867,0.04658308694197788,0.02451535674954238,-0.03055432887530945,-0.014835639620647063,0.004895002348130574,0.016869276025680877
F44_z_mid_minus_start,-0.043585644181595086,0.02303138821818312,-0.02906057172403029,0.025392859931773697,0.010601007809188436,0.08079993720070644,-0.006757401467481725,0.013445118462372325,0.022249026596643285,-0.05017143984693376
F44_z_end_minus_mid,-0.017392159757522584,-0.011862822439170416,0.034883077630924006,-0.04772059979641736,0.07019059819767448,-0.053528697030658524,-0.05377108053072782,0.012413270345027575,-0.015233733682259897,0.03554530127553684
F44_z_end_minus_start,-0.053962747145446126,0.012805632245012001,-0.0012981079864211268,-0.011729741903571523,0.06234257448834827,0.036037844505333455,-0.04647655067687941,0.021905358275611565,0.009554678489813413,-0.02065533930455873
F45_x_mid_minus_start,-0.03652444788354055,0.011101835831611957,0.048072712719213366,0.054936064031397495,-0.012340489915443894,-0.005446793312047595,0.002123057669761017,-0.00809817477730624,-0.0023059413271449966,0.012528926533776432
F45_x_end_minus_mid,-0.00782311173164791,0.05007936257298896,0.008185834592420338,-0.06556763528871828,-0.0016544186052373077,-0.010892828122747545,-0.00860517697321934,-0.000422136772347104,0.002946809430750623,-0.0054980050552092
F45_x_end_minus_start,-0.03687914332845617,0.04372668368096019,0.04710068295248872,0.0027524866925924614,-0.011786307620239111,-0.01212981417850981,-0.004032264717917908,-0.007282185079273181,1.7124236857486648e-05,0.0070734130562615976
F45_y_mid_minus_start,0.04024021118728751,-0.018723193336761222,0.046106255800277864,-0.0017985437100526238,0.05819019455281504,0.027128870913296518,0.023148470249175792,-0.004436070506001673,-0.009809946660303605,-0.01918262102497028
F45_y_end_minus_mid,0.011688855378152408,0.05584553413485807,-0.03748888539058664,0.014314583314825933,-0.0013856650723617935,0.001106838561709439,-0.055106659820713264,-0.011034420207044109,0.014302153501662175,0.035262762988737165
F45_y_end_minus_start,0.04615683769742067,0.038752508326776826,0.0028800845358750854,0.012518475477533637,0.04877248295568128,0.0244608949188816,-0.03421372369696762,-0.014666297861664871,0.005603964089548664,0.018128433797947915
F45_z_mid_minus_start,-0.042317395094216385,0.024846412174690437,-0.024623668740959486,0.025361096946938683,-0.003352064453012049,0.08688964249422626,-0.015172460043251276,0.01441025487285064,0.02483061797298808,-0.04970616172593383
F45_z_end_minus_mid,-0.014234740511529417,-0.006739869379886311,0.035373704562285474,-0.04164596216987798,0.08132207958611232,-0.06306919955314506,-0.0444114314069338,0.014337391106705483,-0.015367257296801102,0.03368135387127011
F45_z_end_minus_start,-0.05205343041485201,0.018616584610637057,0.0042550536960990195,-0.008507256487737253,0.061116192311976174,0.033849026535587926,-0.04976600869890582,0.025234796992420233,0.01177481550824106,-0.021261206209406632
F46_x_mid_minus_start,-0.037316372778661296,0.011372871726540655,0.04697346018976166,0.055671868165997326,-0.009521777248273095,-0.002839922218166321,0.0029820118183897406,-0.00805786186950534,-0.0028610542591622928,0.01122119730675407
F46_x_end_minus_mid,-0.008843170295545618,0.04903137261381276,0.008624691247585812,-0.06700794438227985,-0.0019257754220755664,-0.010467483576526408,-0.008445769685078527,-0.0006308485157481224,0.003039461664052649,-0.005748157237959817
F46_x_end_minus_start,-0.03820425307513084,0.0435949795222687,0.04636239449604931,0.0016933045589489703,-0.009520309658018998,-0.009661353372144825,-0.0032581713798080065,-0.007367854929714246,-0.0003657191929771017,0.005690843973107192
F46_y_mid_minus_start,0.042107646328392305,-0.018612822789810073,0.04867670310806889,-0.004090474682676696,0.049979102791074766,0.026085535815222622,0.020134407185060908,0.0016264338337215233,-0.004056204286923987,-0.0220724108050333
F46_y_end_minus_mid,0.01301933544611075,0.056771633025469954,-0.038199894356698565,0.01698737323207366,-0.0004299198867814017,-0.0008053780282237121,-0.05027524669875585,-0.009171690884614435,0.009275187493865928,0.03232978092015479
F46_y_end_minus_start,0.04894549475715862,0.039288780762608895,0.004695669092388966,0.013029623715895755,0.042619200545917744,0.021678089648882782,-0.03164861394234867,-0.007536081143067504,0.005544596672977423,0.012494196660276607
F46_z_mid_minus_start,-0.042712215225099506,0.023722811058162343,-0.02626968948138466,0.02537733744574281,0.005613631657362813,0.08635286714568464,-0.01035831753433276,0.013600921728327142,0.0228622908217995,-0.04997236499895291
F46_z_end_minus_mid,-0.015804905328277673,-0.008432676589125058,0.034725142643309205,-0.045988275770975064,0.07545136310584144,-0.05836549263650806,-0.048875267106758866,0.013476337622247177,-0.014514728007278125,0.034522656498715755
F46_z_end_minus_start,-0.052511235266245605,0.01598449129428228,0.0017419176713901257,-0.011211879022697973,0.0630944127794669,0.036994049689218635,-0.04722998835284405,0.02318765867776651,0.01051252737028994,-0.02083668417802746
F47_x_mid_minus_start,-0.03774166764515854,0.011197309134025857,0.04629193309855892,0.056086149619637246,-0.004443785605510227,-0.0014080109319475373,0.004511889766203118,-0.009229275167966747,-0.004272572929546846,0.0127957677697258
F47_x_end_minus_mid,-0.009582248348811261,0.04826192502644043,0.007893695996442157,-0.06800424058713112,-0.00392053626042426,-0.008264760675592843,-0.008766223691734727,-0.001583891974642017,0.005093817641447673,-0.005208329239534299
F47_x_end_minus_start,-0.03916617061222021,0.043576623786522155,0.04532370350706567,0.00033643660762050964,-0.006576164202958509,-0.007024691399678417,-0.0022916910132627435,-0.009043356325595145,-8.660343982335319e-05,0.007328369852841067
F47_y_mid_minus_start,0.04327828911740957,-0.018993297563189928,0.04874658784940627,-0.0054770477186446825,0.04706676322124638,0.023738263771235266,0.018176682808081556,0.0055229022802351,-0.0015590711216167364,-0.024222729593301073
F47_y_end_minus_mid,0.013536891598814672,0.056974254065988134,-0.038882912067372176,0.018279978872819475,-0.00269290347202853,-8.510584254377504e-05,-0.04708569770896059,-0.009191808621921493,0.006191324249965702,0.029645081255753162
F47_y_end_minus_start,0.05104695120853739,0.03849250543634809,0.005104496675004274,0.01289103518517313,0.03865980401711654,0.02073038422122837,-0.029637401211575046,-0.004054441759738469,0.004625617642307282,0.007455793144530488
F47_z_mid_minus_start,-0.044615380657734,0.02278755364842652,-0.03055719895530009,0.025144272513678522,0.012509788262513748,0.07454001136641296,-0.00452706165744224,0.01682290288994962,0.023508253977269956,-0.0518821303776208
F47_z_end_minus_mid,-0.017615697780988152,-0.016318077837883624,0.0353858306025958,-0.047442223286112604,0.06542220699398146,-0.04934424775165799,-0.05970222577542884,0.011292431888495156,-0.01607421534143024,0.03613180757319769
F47_z_end_minus_start,-0.05514439409686187,0.009470039065399111,-0.0027263648631655688,-0.01128924245438926,0.06012830461134499,0.03395605866608432,-0.04836514885085883,0.024227146968904996,0.010330768192436406,-0.022314989182687348
F48_x_mid_minus_start,-0.03644882962805157,0.010195801174424866,0.04586756022415249,0.05726108409981833,0.006699637459249213,0.014196182402498694,0.008343974598666301,-0.017367799902815315,-0.01129865734789696,0.01338315321931598
F48_x_end_minus_mid,-0.010925079585182585,0.04837208930755428,0.006035675404893391,-0.06850369714789914,-0.0002719375688943178,-0.011346963055889631,-0.009556514544538658,-0.0013686047944450389,0.008819126239553403,-0.0004385467839605272
F48_x_end_minus_start,-0.03905617030691203,0.045334186180813724,0.04329242508242423,-0.0036908218851466287,0.005447605072324617,0.003364829792660901,-0.00021457095520624483,-0.015696576726918942,-0.0028389117640752587,0.010961581562035022
F48_y_mid_minus_start,0.04673854702960927,-0.020121920454518643,0.04811322263633667,-0.01352633489114298,0.03509058581260563,0.020132132211509696,0.009925092210616096,0.01309895788607381,0.0011663310758599395,-0.021845741999755457
F48_y_end_minus_mid,0.01804525139593506,0.0571810136444179,-0.038735403928775364,0.02433139897249392,-0.010226241190916151,0.0015328481376100285,-0.025356718692476837,-0.006240646718142202,0.0005408385154279448,0.017936759978479135
F48_y_end_minus_start,0.05796920033862012,0.03345621996047207,0.008130736947443259,0.009802880289663328,0.022140751288848442,0.01935766737694353,-0.013941115030659082,0.006085507380562442,0.0015280043754618976,-0.003377870774665549
F48_z_mid_minus_start,-0.04086525447765678,0.009622773463069875,-0.04651611422762777,0.017379525039067593,0.060865562721440176,0.006744765774408642,0.03309779545203577,0.018727042449501824,0.013889644739717223,-0.04556991525691157
F48_z_end_minus_mid,-0.023840554256716807,-0.04276047288955058,0.019557301434622757,-0.04320225916447112,-0.01691840882716988,0.022916749026611487,-0.08441835730715859,-0.00556411704019608,-0.014661074515736425,0.029422130545841373
F48_z_end_minus_start,-0.053513530344205786,-0.022698750343702022,-0.02683930798031658,-0.016165750957851627,0.04144694550010152,0.022683878254528538,-0.03235036310508258,0.012490607595130347,0.0015770761626473374,-0.018804466156165392
F49_x_mid_minus_start,-0.03659431649812397,0.010383607893322506,0.0460015726800826,0.05723587539691099,0.005623477938681332,0.015792688577115147,0.006943221112231378,-0.016119236809207717,-0.010183443934128565,0.01242920148383937
F49_x_end_minus_mid,-0.010862922619117032,0.04839884986917431,0.006763211449705314,-0.06881531394791235,0.0002972576784811724,-0.012083743198751657,-0.007020778405463855,-0.0010018784821516215,0.007234657703704421,-0.0016628346164112289
F49_x_end_minus_start,-0.03896632830201112,0.04537874093661158,0.04376327801972585,-0.00404210766684979,0.004948810909076899,0.004113664508487654,0.0005148070336955224,-0.01429882612858917,-0.0030745766541945586,0.009181012960441371
F49_y_mid_minus_start,0.04728009128427395,-0.019739935836826986,0.04936162073431742,-0.01374776346924835,0.028952875148711626,0.018930555221560945,0.0063622589077813015,0.013410915447063335,0.0021505561566880827,-0.021236247238869205
F49_y_end_minus_mid,0.01828420030826333,0.05765048421084468,-0.03791621663743198,0.026021019230700757,-0.007221068397112774,-0.0003499007094096775,-0.02159379526873605,-0.005394976640348451,0.00013659839481683882,0.016809496697019918
F49_y_end_minus_start,0.05790734089497859,0.034231846085303774,0.009454997517533701,0.011199305248830149,0.018982630502544732,0.01632273590407396,-0.0137285747804095,0.00695844608039919,0.002012077156435047,-0.0036228128548055315
F49_z_mid_minus_start,-0.03578103620927891,0.005271354497894484,-0.04523412391761111,0.015022788484973884,0.0762063216899713,0.009226334932107696,0.04087543015756849,0.012319482356107475,0.007704073808888517,-0.04068944904631959
F49_z_end_minus_mid,-0.025692049693092564,-0.038094225088609636,0.013687603296787114,-0.04742569590725116,-0.026897447867647428,0.03218845189836452,-0.08031132615074481,-0.007043943096424878,-0.011425606954266612,0.0281794419004201
F49_z_end_minus_start,-0.049943124044648575,-0.023182398997469798,-0.029470544590637564,-0.021482339072301355,0.0468505762837671,0.031520197097880454,-0.022915893764751026,0.005608014812611003,-0.0016127335445094437,-0.014938713542327418
F50_x_mid_minus_start,-0.0367042105841593,0.010582947065657676,0.04605156558384929,0.057187392539475156,0.0045746671603551226,0.017609323187703384,0.0054974791039737745,-0.014972923409367098,-0.009048288453027128,0.01141128063255109
F50_x_end_minus_mid,-0.010831112568278126,0.048395510857348945,0.007428644248222901,-0.06899934636337214,0.001149400527370156,-0.013002282764033852,-0.004592010856426437,-0.0004521758515598191,0.005776043635053404,-0.002683864584415296
F50_x_end_minus_start,-0.03886059011727946,0.0454542767585718,0.044096341755535444,-0.004418852823449681,0.004691712523716515,0.004876241589026922,0.0011192394331164422,-0.012852069458068998,-0.0031902234081532597,0.007503814662559623
F50_y_mid_minus_start,0.04748073276258886,-0.019252969087349126,0.05062559392979807,-0.013796737780692552,0.02289423777134157,0.018107154215309153,0.0030774060719347325,0.01362877431565239,0.002846962820290357,-0.020278586305368287
F50_y_end_minus_mid,0.018858468632872993,0.057734617280470815,-0.03723010269675208,0.02743532404247588,-0.004823437606413381,-0.002762543252893625,-0.018073034811294998,-0.004491173295739147,-7.861774395604292e-06,0.015343672966198955
F50_y_end_minus_start,0.05792685499429538,0.034551265397375186,0.010864238619828036,0.012387061814878158,0.015577194706175633,0.013254243659065867,-0.013374248017806172,0.007835060189464059,0.002462546244963193,-0.003969366399839661
F50_z_mid_minus_start,-0.027727495121779796,-0.0007088998095265679,-0.04107581666362784,0.011506286160358764,0.09357284549233899,0.012704658657034655,0.04943738774523816,0.0026486446262700028,-0.002303932412377047,-0.031249615425287567
F50_z_end_minus_mid,-0.026551027019636905,-0.03048835579077637,0.005680185501755849,-0.051681093466143496,-0.03977911723420598,0.04222051249561302,-0.07119739934247422,-0.008404462335232638,-0.005631077281804786,0.024689146104635195
F50_z_end_minus_start,-0.04401989461163188,-0.023234376082199727,-0.03182649371827995,-0.028235032591324555,0.05259637249280343,0.04246071031572246,-0.009429547175169804,-0.003909481787043692,-0.00619785672665433,-0.009106687669218053
F51_x_mid_minus_start,-0.03680973623626173,0.010757782605545293,0.04604603138213072,0.05709809575564422,0.003591381465701992,0.019348819078787733,0.004121004420747721,-0.013889187296907602,-0.007962356054175107,0.01044162880509216
F51_x_end_minus_mid,-0.01078403440616061,0.048359384811847,0.008060307510590269,-0.06911038439690435,0.0019985139285117032,-0.013875767113109465,-0.002355206768315513,0.00018270488389248224,0.0044488739158950515,-0.003658193745013378
F51_x_end_minus_start,-0.03875313797761874,0.045504425865190934,0.04437205370098739,-0.004784196505423034,0.0044964727030884204,0.005594130314656019,0.0016451779083371488,-0.011407980484039997,-0.003255613323273198,0.005914421256487571
F51_y_mid_minus_start,0.04744843458915676,-0.018766944468199615,0.051687883636106435,-0.01371945193374455,0.017443930928206893,0.01761328523378124,7.131461268335956e-05,0.01413682583619011,0.003748979188462572,-0.019830076834621284
F51_y_end_minus_mid,0.019468493859442763,0.05763730650588648,-0.036610366301173924,0.028574066461050634,-0.0027111791821667476,-0.005194815844455054,-0.015248854483768018,-0.003633236522173186,-0.0002574222875093079,0.014154806037133637
F51_y_end_minus_start,0.05787104847693387,0.03468238187025981,0.012095523647125012,0.013404877424622505,0.01258007679406208,0.010536964653120488,-0.013375222693107022,0.008929714414332523,0.002990254006668602,-0.0045442098776556274
F51_z_mid_minus_start,-0.013723531999931171,-0.00914663113686218,-0.031373568602215976,0.0053236812533220355,0.11013621710379326,0.016807553738920043,0.05738842092028082,-0.010366561858110626,-0.015777965247398443,-0.016074865497573445
F51_z_end_minus_mid,-0.025576340567177697,-0.01723969300622052,-0.0063325294313295605,-0.05324897843354672,-0.0541277747143198,0.05313847784965501,-0.05424619256320384,-0.009138695395408396,0.0029464637041641552,0.01852572090144236
F51_z_end_minus_start,-0.032423005903272725,-0.02175986341879068,-0.03360751835365016,-0.036510824492875384,0.058642397142221935,0.05666081474555173,0.010320041310577593,-0.016580214820017855,-0.012137068733841287,-0.00030225475790434883
F52_x_mid_minus_start,-0.03691050214052013,0.010962493913430165,0.045973528652851516,0.05696349216931567,0.0025439227394627724,0.02131931009164226,0.002605550032331423,-0.01274217460794268,-0.006789646554677526,0.009372941076331458
F52_x_end_minus_mid,-0.010725583165960681,0.04827070385389794,0.008752762618644614,-0.06917206436811525,0.002985375174879083,-0.014877655169199627,2.8527354014274524e-06,0.0009021625021947015,0.0030583177976799525,-0.004636585831388175
F52_x_end_minus_start,-0.03862097550205866,0.04554340917271004,0.04462273914496707,-0.005182779947457026,0.004359329905377509,0.006381687014327856,0.0021562529414904676,-0.009852585185592523,-0.003301923869431049,0.004244853345448648
F52_y_mid_minus_start,0.047275960936886297,-0.018202680062161743,0.05266352126301001,-0.01355670186902725,0.011808115163136108,0.017225271651869222,-0.0030892160236276147,0.014571677923430155,0.004813882309433105,-0.019344555291946525
F52_y_end_minus_mid,0.02010282329699782,0.057438879487692045,-0.03592934382207982,0.029651549659067182,-0.00047227012658043483,-0.007790154524058332,-0.0123416913559283,-0.0027024724765772573,-0.0005683610700911552,0.012873416860346874
F52_y_end_minus_start,0.057719649249844865,0.03476307955965359,0.013304757835149814,0.014413308467232048,0.009613727573002431,0.007815484823951268,-0.013413647696765393,0.010010460709373895,0.0035906924884335765,-0.0051706737655212685
F52_z_mid_minus_start,0.0013946627665730438,-0.01632756144877694,-0.01887099922702315,-0.00129694716958943,0.11524528300447916,0.018845188637202,0.05926403514211837,-0.02231722809624851,-0.027562266113797796,0.0004336887705314865
F52_z_end_minus_mid,-0.022470273670157713,-0.0026529797963777517,-0.017439261541147,-0.04996358293480956,-0.06337515027241271,0.05921054855631381,-0.032838139821185455,-0.00920743910596928,0.011309770079708186,0.010773825474498464
F52_z_end_minus_start,-0.01723304732771629,-0.01823515167687366,-0.03297509948762157,-0.042638639037839626,0.06073882660245925,0.0675320115459981,0.031029226667575124,-0.029545281981849515,-0.017711438437625075,0.009345620793210522
F53_x_mid_minus_start,-0.03696725006081039,0.011036060001952579,0.04604466608203395,0.05677674000631821,0.001411057019319762,0.02253259527270296,0.0010941703490437238,-0.011169781418234407,-0.005469211851671126,0.008334132760811326
F53_x_end_minus_mid,-0.010626303701612397,0.04812202514135574,0.009413986397967306,-0.06926049683046814,0.0032437588789388954,-0.015413639094591182,0.002691039849416197,0.0015235551623796963,0.0014039986187698223,-0.005974825116156862
F53_x_end_minus_start,-0.03846679613307304,0.04544785180251066,0.045024789319011105,-0.005585480523250914,0.0036128086775931594,0.006905950459630052,0.002934259189323564,-0.008045600698895518,-0.0034422902786796976,0.002347434496513093
F53_y_mid_minus_start,0.04688646406925188,-0.017505726755153807,0.05367969722221105,-0.013198193469845628,0.0059548921455233415,0.01661589877165567,-0.006361727592273115,0.015204091223173769,0.006181273327314828,-0.01898145464265323
F53_y_end_minus_mid,0.0207384873865482,0.057105865095876084,-0.035205417307548136,0.03072978451811921,0.0019060335692299751,-0.010456626717831671,-0.009878427957923545,-0.0017626851652429998,-0.0011083754120340336,0.011620127273197852
F53_y_end_minus_start,0.05739639842089196,0.03487780546917036,0.01452792650609517,0.015594510116887486,0.006657702948970273,0.004879670304101936,-0.013921828652330952,0.011242462449449353,0.004230507922279777,-0.005856723009985637
F53_z_mid_minus_start,0.014537385654094877,-0.02118459862555798,-0.0066967656839024186,-0.007118955539222362,0.11041347982586017,0.01847308851583034,0.0564400982267438,-0.03101634811361891,-0.03522998507727217,0.014821438814536016
F53_z_end_minus_mid,-0.018070851254235513,0.010037818120120355,-0.02590659263595143,-0.042931227159642114,-0.06707068544323658,0.06092474980199996,-0.011628940340120662,-0.008718754683728291,0.017785131817706107,0.003011039701549822
F53_z_end_minus_start,-0.0005132390596636242,-0.013516178805076991,-0.029726614663343344,-0.045073033220659614,0.05753158536071767,0.07277632732465329,0.04923927688107697,-0.04028466820509598,-0.02152134636918597,0.01823913897956799
F54_x_mid_minus_start,-0.0365431079784549,0.008239084059056089,0.047691329516654786,0.05690188269054743,0.008765793158321955,0.012098228286800764,0.0067206270876789655,-0.007867589711416483,-0.005302952298793417,0.008613833706301035
F54_x_end_minus_mid,-0.011766702810211124,0.04717772662001195,0.006324416479338821,-0.07060264364887314,-0.00957488724066809,-0.0046662582661732245,0.0014325302526958092,-0.0010750591823513686,-0.0008370454730301059,-0.007271149422126855
F54_x_end_minus_start,-0.03987284647629424,0.04370675985555898,0.044994456484024746,-0.007249916289737062,-0.00010203173134235468,0.006524750612135029,0.006762647716484375,-0.00744742732215793,-0.0051074154438242965,0.001566589275176316
F54_y_mid_minus_start,0.04598222400418943,-0.017071895422427024,0.05396592311650856,-0.0131742510436082,0.003381992272740862,0.0128203834077159,-0.008610038454127339,0.026527029623550653,0.014892093914314513,-0.02995857978948431
F54_y_end_minus_mid,0.020852583078216122,0.056105221781840645,-0.0351322203869646,0.0324821226166992,0.0004787164812915909,-0.010428065109120824,-0.0131650359561008,-0.001330290274344329,-0.007990586318496811,0.012373610187375835
F54_y_end_minus_start,0.05671975973527944,0.034522259568489366,0.014679714412071864,0.01722681870054039,0.003253340071897787,0.0016750285224448364,-0.018682081468837992,0.021091167171242705,0.005534541037749415,-0.014355831192424607
F54_z_mid_minus_start,0.03949492194015302,-0.028433751440983087,0.019037596787639423,-0.023312043948321905,0.05760685252951384,-0.045000093900637056,0.040238346558383695,-0.014938109103320094,-0.026077229363279487,0.028544404480943787
F54_z_end_minus_mid,0.0023718446178444628,0.01013177697601512,-0.04304331360964595,0.010473301415976253,-0.08527848487651163,0.06719227672702353,0.015329699276058194,-0.012134618529262136,0.01435816793021612,-0.013616341759295273
F54_z_end_minus_start,0.046475368970820295,-0.022256296557593754,-0.019408972885360313,-0.016197245001543792,-0.016179413767820314,0.013183959872199204,0.05956924057463906,-0.028211753753871915,-0.015617989093557693,0.019082968695931735
F55_x_mid_minus_start,-0.036542986068297895,0.008822353607590552,0.04789643335468748,0.056732432623773386,0.005747563131896169,0.013061594183874753,0.004579407001280867,-0.007035045989063402,-0.0045436034463961945,0.008419092531778551
F55_x_end_minus_mid,-0.01108408737639293,0.047477384143879864,0.007330403811858813,-0.07034920174614033,-0.008053658734850429,-0.006785712530096953,0.0034991699276736487,-0.00014580010428062246,-0.0013253216760937677,-0.008607195212626852
F55_x_end_minus_start,-0.039173102991629016,0.04396030746752155,0.04580077353295176,-0.006614808127447858,-0.0013837351072150724,0.005724685538372005,0.006534102727596361,-0.006010325259034298,-0.00482993692613234,0.0004297251832256981
F55_y_mid_minus_start,0.04576028137329114,-0.016765096717641037,0.05482048312780481,-0.012463481133633238,0.0020497903350356166,0.012664207883866586,-0.00886130769773926,0.02441145338971985,0.013427072065041347,-0.028282721532448877
F55_y_end_minus_mid,0.02082870460228615,0.056324868600984145,-0.034902269561798996,0.03250862863805412,0.0021849015300493373,-0.011289656299828293,-0.013964624564231129,-0.0012882644312711257,-0.006059856248910402,0.013051656350583632
F55_y_end_minus_start,0.056323057487128556,0.03517670094120885,0.015241668243108644,0.017979149763730436,0.0036154213330209066,0.0007051148920359121,-0.019573325134017397,0.019225663887593017,0.00590488781707608,-0.01218739704501775
F55_z_mid_minus_start,0.044590593772173136,-0.02775967841686964,0.027920471701654376,-0.02341639584354304,0.04589755519138321,-0.019279754714294443,0.028707042292052988,-0.02552856942613834,-0.031156756857773023,0.03770201288711248
F55_z_end_minus_mid,0.004695767731655661,0.029350290451338266,-0.04451924337131836,0.009421917888051929,-0.06638311468956813,0.05284121032342396,0.04001726042230597,-0.008056953208236394,0.02064827633364559,-0.01809232312102355
F55_z_end_minus_start,0.0538238661052613,-0.005124159528842617,-0.008037269645249331,-0.017810167074068208,-0.0072312697267203855,0.024985848239407648,0.06718656980662385,-0.035536210770293244,-0.016563193578253452,0.026105450188206293
F56_x_mid_minus_start,-0.03662846224253041,0.009767825666201192,0.04779504578410377,0.056577287624720515,0.0016528032601386188,0.014167434670910863,0.0019835743974984652,-0.006939845914457488,-0.004026564405938451,0.00858627556409616
F56_x_end_minus_mid,-0.010143274997477601,0.047900814976340925,0.008738518474331443,-0.06983801435161341,-0.005286963589780589,-0.010058221255070995,0.005164365534708602,0.0008323368183622334,-0.0013712025091358005,-0.009793179467332514
F56_x_end_minus_start,-0.038317689181160366,0.04436979728263254,0.04660113670441166,-0.005424337652344479,-0.002611830736916755,0.004255911785027342,0.005562350442829012,-0.005178776079262196,-0.004405818671036977,-0.00021449313987558652
F56_y_mid_minus_start,0.04576508558105928,-0.016623778232713816,0.055304188409517833,-0.011821265252691927,0.0024894191043183063,0.013820016333897768,-0.008133318843110178,0.020651055927919413,0.010878705967982061,-0.025187865474239707
F56_y_end_minus_mid,0.020708757633443813,0.05667163170615369,-0.034835680775356544,0.031945012032966014,0.0038164127833164832,-0.011900487732638666,-0.014903898326470074,-0.0016266431216050998,-0.0035055772788200276,0.013805793662225884
F56_y_end_minus_start,0.05606615173710174,0.03589017588482288,0.015293840476105058,0.01820031265326682,0.005407061903735509,0.001021563290790766,-0.0197996747987871,0.015684743096780345,0.005941369044544249,-0.008770589963991288
F56_z_mid_minus_start,0.04297051854151024,-0.025849965865403463,0.029369803045590823,-0.020246695026669762,0.054102413823615136,0.01298664609045937,0.027711054065083795,-0.033340666245041395,-0.03499567211231003,0.03578314395285399
F56_z_end_minus_mid,0.0016075167663862854,0.04010221333114322,-0.04178986190225441,-0.004541696099977936,-0.047443854322836015,0.038075874279192394,0.04260061370471478,-0.002850896825979826,0.02408582969034117,-0.01302454645927803
F56_z_end_minus_start,0.04837947679752119,0.006797805903208357,-0.004425311551865928,-0.026103379830059073,0.017669149096219333,0.04748158472235187,0.06753332415658857,-0.038939308585559856,-0.01720113856120159,0.027731464938391546
F57_x_mid_minus_start,-0.03654108547338634,0.010354101626937824,0.048066636846588025,0.056324797748303866,-0.002688631464903159,0.012002029329112417,0.00013095939864051626,-0.006681490679900503,-0.0037502509180918344,0.009580204375004151
F57_x_end_minus_mid,-0.009155209036998768,0.04819577567042711,0.009701728123081847,-0.0693070311256125,-0.004639722806186326,-0.011970278429412107,0.006901540967054263,0.0012500173163605076,-0.0016758424785302212,-0.011510314769811703
F57_x_end_minus_start,-0.03749071150501456,0.04441872169039846,0.047580746141410134,-0.004033584214808561,-0.00569779527441158,0.0012141711925715579,0.005224807283662777,-0.004688113493896587,-0.004393337829981885,-0.00048002542472057834
F57_y_mid_minus_start,0.04554592393147503,-0.016633826174207122,0.05554103076503558,-0.011014087502847368,0.005084854342120016,0.014859560681263597,-0.0061276034907441984,0.01969910934622149,0.010529439459262194,-0.026281924011330712
F57_y_end_minus_mid,0.019983685687070284,0.05689428446728428,-0.0349734184061043,0.03127758745961554,0.005257054860923713,-0.011833596707923638,-0.02004388633364546,-0.002699862561057605,-0.002238879039438013,0.017031740504806155
F57_y_end_minus_start,0.055332733737937595,0.036867188195988075,0.014712555324227368,0.01872568009167394,0.008867998514535217,0.0017340953769643928,-0.022875381132231528,0.01384663120352013,0.006693674532557956,-0.006533063138485569
F57_z_mid_minus_start,0.0411442637870633,-0.02203461920002271,0.03393038984584378,-0.01648627121134537,0.04798280114320947,0.048220121056962495,0.018153391714733014,-0.03866903373571453,-0.03449670648593205,0.03260963369793784
F57_z_end_minus_mid,0.0008711811272171722,0.05104442023621276,-0.0350319450905791,-0.012795374828879942,-0.015488456130060018,0.012505064583637688,0.04750585117073623,0.0037142292651526645,0.024051697563333856,-0.008036108224768053
F57_z_end_minus_start,0.0422311883017014,0.02159527556359755,0.004142107033573788,-0.027604481905752352,0.03508458674319636,0.05935076733361148,0.05907742887925676,-0.035799884335386986,-0.014137464422226973,0.025981052617069355
F58_x_mid_minus_start,-0.03641454800103892,0.010712912459793675,0.048261261588799315,0.056145787945641575,-0.0051831988395429135,0.010345530961183146,-0.0004548727062074009,-0.007157827748107389,-0.004368748249070575,0.010647054042112442
F58_x_end_minus_mid,-0.008572023206955288,0.048455734545230014,0.01009892412697594,-0.06893812614744486,-0.004024366871314203,-0.013169554489865986,0.006990082334245471,0.0014050475190321102,-0.0009483334962867351,-0.012135766108866092
F58_x_end_minus_start,-0.036986808333742224,0.044455900343850094,0.04809738240725977,-0.0030216507362738165,-0.0073143641620776285,-0.0008980354027271076,0.004725531384932368,-0.005011723687015053,-0.0043788746911256745,0.0001119759798393001
F58_y_mid_minus_start,0.045614412252569306,-0.016884612012956296,0.055140846656205,-0.010684721897119663,0.008822609832079827,0.01646207592021164,-0.003708568883514761,0.018448607156632612,0.009851715963230468,-0.02628661972358385
F58_y_end_minus_mid,0.01930178223940934,0.057052349712137455,-0.03526776731532111,0.030463594104308368,0.005641102880021343,-0.011080588646988392,-0.023730705584437725,-0.0037491467466131655,-0.001295671078405974,0.01927722573363319
F58_y_end_minus_start,0.05498528806037967,0.037340732701023435,0.013804252693148472,0.018561199680803046,0.01234964834796809,0.003625533502812705,-0.02438696261565441,0.011853502657491731,0.006964721440234093,-0.004365920639664683
F58_z_mid_minus_start,0.028341008532529844,-0.014777926108356253,0.027009743289230947,-0.007664479910324558,0.062196148817053404,0.09369277188957509,0.01923327213569486,-0.037919916293744645,-0.02916728803000014,0.012366443726281906
F58_z_end_minus_mid,-0.00572429259953986,0.04943748329071149,-0.024929586680565764,-0.03223628681797827,0.010586125345046242,-0.008512488038438988,0.026408131212588382,0.009284183614148536,0.019374735312760148,0.006784604886714182
F58_z_end_minus_start,0.020804101283888266,0.028163676221542235,0.0034721661207535413,-0.033998806596063066,0.06509633160983216,0.07752017612289722,0.03955882192919013,-0.026470802430809327,-0.01008695982174146,0.016873224029970883
F59_x_mid_minus_start,-0.0365987133653206,0.011153768714079235,0.048056904102441005,0.05601131490216019,-0.00745826352255208,0.008224154930193827,-0.0010393201847116998,-0.006442909232581669,-0.003929446243527106,0.010561878181525864
F59_x_end_minus_mid,-0.008218643595784341,0.04845935455117236,0.010806499206038349,-0.06870670897301737,-0.003647531408204413,-0.013923545482627078,0.006155583557663112,0.001370094021800161,-0.001013099707536123,-0.012379186776837912
F59_x_end_minus_start,-0.03688118421285081,0.04422319543322674,0.04843842726675138,-0.0018973749364679926,-0.008931703353043791,-0.0030313439483951854,0.0035382596767454364,-0.0044708289672513776,-0.004053581634119421,5.608079363462816e-05
F59_y_mid_minus_start,0.04540837220644705,-0.017029585971190652,0.05490990926802041,-0.010054355606809449,0.012407683016778392,0.01742126383582939,-0.0013161596915255015,0.01774040072052582,0.0097765557026522,-0.02755765465878905
F59_y_end_minus_mid,0.01856448770716279,0.057005656667600386,-0.03541791566410848,0.02983403326544693,0.006357051045134345,-0.01027752851261022,-0.02884364422847802,-0.004850230551214201,-0.0003149181068170338,0.02230237753589762
F59_y_end_minus_start,0.054245717457214085,0.03787668534146281,0.012928696657575945,0.018883623772739052,0.01599142796645728,0.004975188525829767,-0.027334673301134295,0.010177351921787524,0.0077547703480726204,-0.0023681096015755985
F59_z_mid_minus_start,0.014752883478170007,-0.005983265828842409,0.021617281379196458,0.0015163289344090362,0.055989331289587864,0.12822937225005474,0.009751764798651332,-0.03602754932755561,-0.022842388470748903,-0.0006084420355103287
F59_z_end_minus_mid,-0.007761298472584992,0.04748127212358336,-0.012112188002085834,-0.041114457761508044,0.03666261474742397,-0.029885789473932382,0.017731849359917725,0.014255950138521049,0.015541635252044161,0.013291900727850402
F59_z_end_minus_start,0.005666241659021379,0.034361280346967206,0.007691108332833854,-0.03275543045012587,0.07617692141741528,0.08031979436987897,0.022650066175240135,-0.017721842575516806,-0.005858787725006399,0.010492669222933924
F60_x_mid_minus_start,-0.03673541825556201,0.011379753789023218,0.0477339935393335,0.056065843437107216,-0.007144585935686247,0.010421045874034057,-0.0011797625451650264,-0.0070078304813569825,-0.003958886670474553,0.00995280718604519
F60_x_end_minus_mid,-0.008403200588792075,0.04859781917729684,0.010843269189221164,-0.06857662921633531,-0.0015238073416672172,-0.01506848836777304,0.005183056558150432,0.0015236614636155142,-0.0005105049914347833,-0.011070278514392917
F60_x_end_minus_start,-0.03702671498897293,0.0445378145733327,0.04805797392267293,-0.002013167288306857,-0.0071217874388960515,-0.0020436198859848844,0.0027312553471938806,-0.004815465284534881,-0.003706231471975849,0.0004359412602998754
F60_y_mid_minus_start,0.045720095263118876,-0.01724847984189309,0.054612831936754994,-0.010368770692099544,0.012925941271684657,0.018124107883167515,-0.0011175979774575371,0.015644879767640108,0.007840067867034464,-0.024763429509447023
F60_y_end_minus_mid,0.01866944870255076,0.05728160926749611,-0.035490887617384684,0.0294272774598796,0.0057980942221805085,-0.009895931446678101,-0.026624976092025944,-0.004711733740525743,0.000583485245769736,0.021079675542749907
F60_y_end_minus_start,0.0547034946670331,0.03763461225696536,0.012989867827116496,0.018087802079467096,0.01593668592359816,0.006016039367864601,-0.025043448850074233,0.008663175628660863,0.007008930031541019,-0.00137248837906004
F60_z_mid_minus_start,0.007741500687499391,-0.005711128458483778,0.010921510888951682,0.004188414948108059,0.07409151673137972,0.12356241144027556,0.020010843909148868,-0.035208813360553995,-0.02388922953938002,-0.005084548632919301
F60_z_end_minus_mid,-0.012811408818163924,0.04143416540079753,-0.010429966621053196,-0.051509238864238194,0.027858002767724696,-0.021035125548441596,0.005452419399014071,0.01235982684452085,0.015426821714166823,0.016996253608924775
F60_z_end_minus_start,-0.00370757071678103,0.027801604880114655,0.0007604444676495282,-0.03694364130938289,0.08244792497502167,0.08460027401650005,0.020644197615399974,-0.019117379441169847,-0.007453074864835945,0.009161082211197973
F61_x_mid_minus_start,-0.03668023411933815,0.011167974365762461,0.04796265243142637,0.056085318803108956,-0.007380888403146217,0.007204077969748839,-0.0005417405703965507,-0.006627018755126904,-0.004053046357303676,0.010625432130918036
F61_x_end_minus_mid,-0.008346865606405407,0.048533296362137185,0.010655781685921135,-0.06866974333984853,-0.003688189967511849,-0.01363675453600013,0.004638316197997233,0.0009001945669513258,-0.0006594441545102642,-0.011652829992793573
F61_x_end_minus_start,-0.037071971676285405,0.044175131028750377,0.04829004752103941,-0.001546315196042108,-0.008896032310865193,-0.003642605220001235,0.0028573907464027903,-0.0049757235216425855,-0.0039083682599363526,0.0006772230910837216
F61_y_mid_minus_start,0.04546443468011514,-0.017308101558956186,0.054502529299275494,-0.00993437103583135,0.015495691388168094,0.01798549437385064,0.00036574003181625615,0.016842981639571018,0.008948941688668274,-0.027487519458295605
F61_y_end_minus_mid,0.01821433963250674,0.05712327091806914,-0.03566684478473023,0.029104565852545717,0.005708231807668845,-0.009248208806366058,-0.03068754764759997,-0.005374831586730542,0.0002253124638536363,0.023158195182087025
F61_y_end_minus_start,0.05414671595421069,0.03798486956167029,0.012309157109057835,0.018433493490134026,0.017997694074951918,0.006368673677751299,-0.027770741331806473,0.008969971171205744,0.00758435891016987,-0.0014783825695488426
F61_z_mid_minus_start,0.0034230545807404033,0.00044769228659034566,0.014961081657196777,0.007758939695663934,0.05154554713241001,0.1412518138968154,0.005244170094656476,-0.030268930992489763,-0.015720299523926583,-0.012472696654490694
F61_z_end_minus_mid,-0.009442426680061618,0.04249453074764908,-0.004409147574488328,-0.04621596650235243,0.04910020498378451,-0.040356722764762286,0.007866438566157121,0.01610423403963125,0.011727497918233238,0.018363711281120333
F61_z_end_minus_start,-0.00497500330286014,0.03498167034881238,0.00829124960069336,-0.031495285415339046,0.08095257679256962,0.07931593038037815,0.010575436230559546,-0.010921103460494299,-0.0029310638692854885,0.005056015290090863
F62_x_mid_minus_start,-0.036758531269547395,0.011312120527352122,0.04772544338211616,0.0561666313425536,-0.006684303047947358,0.009203695057066743,-0.0004105001526701148,-0.007341841100227363,-0.004336712711031447,0.010199899994093342
F62_x_end_minus_mid,-0.008540739723577275,0.048683162113093675,0.010559642162588548,-0.06856654787622755,-0.0020204788228827715,-0.014459530567070963,0.003604045674575366,0.001017484245637641,1.9245291496981094e-05,-0.010379456753624968
F62_x_end_minus_start,-0.03719426746252777,0.04449234398740018,0.047911439631440206,-0.0017307326254076033,-0.007098916659328254,-0.002596903332262395,0.0022391147298401392,-0.005474768842464861,-0.0036513023135932854,0.0011726370865308576
F62_y_mid_minus_start,0.04578180451380538,-0.017526642856296345,0.054147695567362895,-0.010374644886751728,0.01601396419407266,0.018443424449099972,0.0005801150787640407,0.015354027907181005,0.007431443724587582,-0.02528027832036297
F62_y_end_minus_mid,0.018314791944804443,0.05733222679524486,-0.03580252468247992,0.02885273953238649,0.00492168688903047,-0.008738484846485532,-0.028563444558035934,-0.005208751395687632,0.0008132456121807094,0.022044159989043906
F62_y_end_minus_start,0.05465478261483646,0.03767221699285195,0.012311418849040932,0.01766946695434883,0.017765634927599864,0.007341001165707276,-0.02553059675352589,0.007992754647327759,0.0069049933206262,-0.0008951374643179536
F62_z_mid_minus_start,-0.0013125340907681419,-0.0010154821273176177,0.00487174298779364,0.008890232199350185,0.07152339803456496,0.1306246078290426,0.017684121279337637,-0.029601996966047015,-0.01804976617774556,-0.0149903613991896
F62_z_end_minus_mid,-0.014580389096154705,0.036508046708008605,-0.0043924725664089455,-0.05598443922846812,0.03644218398258255,-0.028280963366166034,-0.0040520400677002185,0.013577121298174318,0.012000378561700296,0.021634530000977537
F62_z_end_minus_start,-0.012221792050758233,0.027156791904818275,0.0005366555514667108,-0.035771290376174124,0.08520430141353072,0.08295304153032701,0.011059185877056076,-0.01330696846492916,-0.00526253389253979,0.004568876272731658
F63_x_mid_minus_start,-0.03673074135666425,0.010953126921185797,0.04777966684265473,0.05637624374977978,-0.004959492957671686,0.0077475665725163555,0.0012224331258303802,-0.008327980331223193,-0.005309269142017932,0.010868820324710593
F63_x_end_minus_mid,-0.00904094145102617,0.04869976583387404,0.009657123105846297,-0.06874473441781273,-0.003143021614749925,-0.012855886666860236,0.0015639714398441305,0.00022862165974696589,0.0009849321329004634,-0.009202582299449372
F63_x_end_minus_start,-0.037636956479137784,0.04442201943466081,0.04744054978815167,-0.001856559242243353,-0.006469073372799668,-0.0027149356890078945,0.0021640962644790913,-0.006889180017211839,-0.0037864067737819157,0.0025653144574783
F63_y_mid_minus_start,0.04584336092372807,-0.017897232309474827,0.053522683970801954,-0.010403004789530004,0.020157145717352037,0.0187969850046971,0.0026467443980464243,0.015093667690411056,0.006661657245557414,-0.025667690845037006
F63_y_end_minus_mid,0.018040109260562348,0.05743650542150869,-0.03629610732552238,0.02788655404164509,0.0030733953918197195,-0.007135291164573133,-0.030171408249926514,-0.005522788093369949,0.0008514324801944122,0.022435579170768792
F63_y_end_minus_start,0.054797220105795484,0.037585864844692125,0.011511442322198556,0.016817234875967986,0.019649850008434073,0.009175822175527348,-0.025386505289336735,0.007557129643126502,0.006343735712325083,-0.0009203590325182766
F63_z_mid_minus_start,-0.018803409736776803,0.007518068305431423,-0.008673265285485883,0.016694167705987636,0.06357060727948324,0.1277293437591635,0.014441959040285526,-0.01564833709422329,-0.004748171666337865,-0.03289571557942909
F63_z_end_minus_mid,-0.018405444807021897,0.02238078650940326,0.007171431913637129,-0.06244031358549316,0.047935475189523374,-0.03717785592771202,-0.025694727573091432,0.014127729794698446,0.004164778254200305,0.03012601253795268
F63_z_end_minus_start,-0.028475880249966133,0.022331139262094003,-0.00172318428455314,-0.03212286652240886,0.08585901975232003,0.07524216630658213,-0.007152293436634865,-0.002242596836876706,-0.0007693639327700237,-0.004403294326546595
F64_x_mid_minus_start,-0.03659378644008829,0.01092653587097976,0.048188573029136414,0.05607413963514381,-0.007413023190079291,0.004949330022550616,-9.289318485536948e-05,-0.006448771248989464,-0.004241900288639108,0.011243029606725826
F64_x_end_minus_mid,-0.008342882682625523,0.04847388653059905,0.010410252204149475,-0.06874103258482964,-0.005427189391323464,-0.01239405270627244,0.004760739796666004,0.0005792887262077022,-0.0007666348884492008,-0.012267548314623743
F64_x_end_minus_start,-0.0370935544115692,0.04391140783395925,0.04843532037308148,-0.0013759970087721869,-0.010182888939915953,-0.004639250536234581,0.0033205371744641533,-0.005073310271326388,-0.00415668683864484,0.0008061128858047611
F64_y_mid_minus_start,0.0451909403772983,-0.017301515843991696,0.05454138831118809,-0.009564453960343779,0.016884474455963944,0.017705029911514552,0.0011689361463626993,0.01802221487985734,0.010017495780564175,-0.0295699132501875
F64_y_end_minus_mid,0.017971207476999384,0.0569529997769576,-0.035771611064988565,0.028928882925919004,0.005679122952922876,-0.008876158565911238,-0.033353328173437065,-0.005678150046884486,-0.00020321997848581145,0.024411987532113228
F64_y_end_minus_start,0.053726585891519,0.03820626544972472,0.011934686814258319,0.018767960755849564,0.019120268535781682,0.006393317864261974,-0.029748968151943837,0.009598893973716304,0.008054428437997188,-0.001849848007258811
F64_z_mid_minus_start,0.00044669363548194063,0.007067851967916524,0.02100720329222163,0.009887051664895978,0.014874915999162313,0.14971732304928825,-0.01594162684118061,-0.021184403557584136,-0.002868146742977939,-0.018315791513021127
F64_z_end_minus_mid,-0.004079019365937929,0.042240036422573755,0.00198283365681322,-0.034978256831194585,0.0697264870055453,-0.058843695599851184,0.014177492556054199,0.018697808936026558,0.006257200453375379,0.01690169911924769
F64_z_end_minus_start,-0.003217108001620668,0.04274051298084265,0.018672375838541803,-0.022705136613536177,0.07313843339744659,0.06907998838598221,-0.0004169889343441428,-0.0006789039260263368,0.003175422857808897,5.8292321483452174e-05
F65_x_mid_minus_start,-0.03480067058965523,0.004891795526392336,0.05015150847856792,0.05543666963878649,0.013157467761549468,0.00027930443036767967,0.010964217682113196,0.0021651329764208467,-0.003568903188606029,0.007408618768694143
F65_x_end_minus_mid,-0.010502184215304163,0.04427221650269651,0.004928977043545233,-0.07050880520475748,-0.027212873429415068,0.007943893324898492,0.00555727422411839,-0.004420062750131675,-0.00814912826640163,-0.015204597654741721
F65_x_end_minus_start,-0.03886306318630829,0.04036749702439771,0.04768193660341053,-0.009244354141792486,-0.010740123589918358,0.0067222529477411405,0.01407798100045222,-0.0017200701968649319,-0.009753563832233266,-0.005951035635323551
F65_y_mid_minus_start,0.040311378488234295,-0.016267368356355828,0.05379228822724262,-0.011998782926375535,-0.008231845885874358,0.006178132263937511,-0.01600927306282536,0.04559687571083654,0.03888754805946462,-0.05573483926822919
F65_y_end_minus_mid,0.02065404202136232,0.05150669285543541,-0.03293455929602324,0.037371133692662935,0.00276274436111539,-0.01221929008561214,-0.022440258335998643,0.0015289260525303498,-0.0239660097454323,0.017130981165920097
F65_y_end_minus_start,0.052437519733151264,0.03193713897296289,0.016295216551667234,0.02300654531954985,-0.004514276377738327,-0.005614434759115081,-0.03345830598154886,0.03994014243694391,0.011640890373905978,-0.03196164627253528
F65_z_mid_minus_start,0.0437075338394161,-0.017877777788546243,0.03274834538477491,-0.022664515823301902,-0.02761111177673903,-0.06718610626880697,-0.003422111477995168,-0.027130621950731765,-0.030617151838243494,0.0672843165221516
F65_z_end_minus_mid,0.02019949254371009,0.01834891479188534,-0.029149390835243445,0.04857127924173103,-0.05285198656627581,0.035971017312657345,0.07997842517916154,-0.008784364076758895,0.024279909390904433,-0.04640621426585991
F65_z_end_minus_start,0.05318407626540005,-0.003304477862069148,0.009146600866581506,0.013357814444189061,-0.061393088999653594,-0.03528744287760599,0.05238142434661114,-0.030410297422828466,-0.010612193352445506,0.02814075865282484
F66_x_mid_minus_start,-0.03466307143667202,0.005924649076748596,0.05040438022968307,0.05604662542074814,0.009982975964025602,0.003779181505492117,0.009397435547586005,-0.0006217395908017518,-0.004282255046515355,0.008152918495080442
F66_x_end_minus_mid,-0.01018337402224473,0.045817472979545075,0.005502776659299499,-0.07043687961040153,-0.022134441630465292,0.004491867907891421,0.005825621892277523,-0.004308518573960362,-0.005424888701481837,-0.012939899424556534
F66_x_end_minus_start,-0.038084119527129194,0.04194414966467974,0.04789835023454239,-0.008285322972981533,-0.009184088261653095,0.006870747002249915,0.012788816986803566,-0.004000007950708514,-0.008054738838081762,-0.0033707680175640736
F66_y_mid_minus_start,0.04298446430708991,-0.016034060610549416,0.055085483012282103,-0.012562023159110135,-0.006217602103865821,0.0074052208691446665,-0.013093918124289202,0.03689239818621415,0.028737457155226274,-0.0410003036944123
F66_y_end_minus_mid,0.021377780510962643,0.05341167807395502,-0.03404608865609385,0.036544120277954,0.0023755339390777205,-0.010792036423103715,-0.01686386801453047,-0.00016714420404044614,-0.016431271747497776,0.015711271579633177
F66_y_end_minus_start,0.05484829348153871,0.03332839842128474,0.01645212958775612,0.02146592691153589,-0.0031426770100667196,-0.0032341994092609794,-0.025778347831114833,0.030851413557837926,0.009748418631451457,-0.020682835061008088
F66_z_mid_minus_start,0.046306351031954136,-0.021615985013272117,0.0324950684075908,-0.024083225123822927,-0.004939099575139798,-0.05642642898113011,0.007596184866820945,-0.03048161089212954,-0.0356866121606569,0.06508378040200921
F66_z_end_minus_mid,0.01706483641253242,0.021932306769501416,-0.03519169365211622,0.0385523063287376,-0.06258194748512523,0.045074865443560874,0.0735210765582084,-0.008416410803656862,0.02749414111486129,-0.04267814660179814
F66_z_end_minus_start,0.056485752985769765,-0.004467805085185709,0.005089480783164091,0.005362456897009727,-0.05053185155380725,-0.02058243478449598,0.06106852696267896,-0.035119126834146024,-0.013759433050077804,0.03056154247974297
F67_x_mid_minus_start,-0.03560002821285897,0.007701967753719022,0.049198468470664704,0.05666966511862252,0.004542701865085963,0.00807506316920953,0.005866628825637331,-0.002617407281453498,-0.002213162931901385,0.006371916424624897
F67_x_end_minus_mid,-0.009953650757927668,0.04697516460986312,0.007004961471045429,-0.07033145771807567,-0.014232622327023783,-0.002217861445933383,0.0038202613414591636,-0.0030753840040872713,-0.00421340012708686,-0.01101781855072317
F67_x_end_minus_start,-0.0381249468320526,0.04313793273557897,0.04743298103234217,-0.006391465151316087,-0.007202612564655047,0.005163911559509384,0.007979630174735079,-0.004627302378197564,-0.0051682112376314525,-0.0031393362341404587
F67_y_mid_minus_start,0.04478022369393935,-0.015627142297794,0.055605364932707665,-0.012431376658852937,-0.0034018576274033106,0.009295858730781856,-0.009605717561072572,0.02582570229661387,0.018324730836702156,-0.02672663508753506
F67_y_end_minus_mid,0.021348773070064154,0.054921114998005054,-0.03431318552045735,0.034875588444123654,0.003985858977572479,-0.010043638388591103,-0.013400884122761166,-0.001315037188218502,-0.007835671282103588,0.016925834032803257
F67_y_end_minus_start,0.05574107684872293,0.03486716365745539,0.01624511090609854,0.020060561099850577,0.0006492166407480777,-0.0010354666190181805,-0.019639496016045224,0.0202789743132844,0.008377546580334651,-0.0074308666771621895
F67_z_mid_minus_start,0.04767604190625049,-0.02385646311795852,0.03527346566641337,-0.022986809353766468,0.018895627652978753,-0.01870904009520815,0.014098217518475101,-0.036561361826942015,-0.03998149609787268,0.05808281798525338
F67_z_end_minus_mid,0.012864560353151885,0.036497610644054566,-0.03919619400789879,0.01961355311511166,-0.05199879025269849,0.037889572162402005,0.0688941646018653,-0.0023375851408465142,0.03126816999103665,-0.03307717440590675
F67_z_end_minus_start,0.05846196810356675,0.004561425178967131,0.004886802817700843,-0.007854688426458492,-0.02179886182032947,0.010875745496592435,0.06855187119550606,-0.03890390655725811,-0.015903433779436794,0.032828288106149815
F68_x_mid_minus_start,-0.03572727308671423,0.008441098178510577,0.04908713700619225,0.05657154748085527,0.0003788842345661753,0.008370998065596246,0.0032981949025980436,-0.0026773607136131514,-0.0009328677182048493,0.006294834251140215
F68_x_end_minus_mid,-0.009325850258555531,0.04740212691516378,0.008164238603071592,-0.06980820484282885,-0.011632600380660493,-0.005145309874452797,0.005348326175991432,-0.001992551759677312,-0.004893567229192212,-0.012268040971049313
F68_x_end_minus_start,-0.03747803300786577,0.04341385589809694,0.047937995697480106,-0.0053225781693122445,-0.008572491883237665,0.003176372111141506,0.006890899903645676,-0.0037977150459438443,-0.004534033692743666,-0.00403322594403149
F68_y_mid_minus_start,0.04441234549592255,-0.015237490720962556,0.05649609131912342,-0.01101652706177721,-0.003246447243309382,0.010353621350450083,-0.00876987083067502,0.024323467238530506,0.017066315728764672,-0.02608470745797517
F68_y_end_minus_mid,0.020868446444712356,0.05534618967621169,-0.03405384807575918,0.03418270846556786,0.006188628965132677,-0.011266680800803761,-0.01636693840374971,-0.0018242831923796147,-0.006253803352768965,0.01913640824750073
F68_y_end_minus_start,0.05484647479987667,0.03595821917541267,0.016663656414567872,0.020886695961721703,0.00275087341199805,-0.0013504840416377628,-0.021561860851975825,0.018423691368208237,0.00856811857324749,-0.004702437832256124
F68_z_mid_minus_start,0.04691723651938151,-0.021941394186819545,0.038236941658480184,-0.020474816227320686,0.01948930770376466,0.005345738850895965,0.010179245517701201,-0.04350552855864525,-0.0435432510233182,0.059380893509560634
F68_z_end_minus_mid,0.011820005820446632,0.045310531796171845,-0.03553989429349632,0.010814538371118485,-0.03339325344323882,0.02293324608925181,0.07326595710299907,0.003091648295140748,0.03456152238356307,-0.030701942797605065
F68_z_end_minus_start,0.056015695492395184,0.014310532640321458,0.009659096953805372,-0.011718587113455525,-0.007250474867791038,0.023582084468491735,0.06848676522458765,-0.04074591464690207,-0.015708819978994558,0.03451385109540336
F69_x_mid_minus_start,-0.03592213161009197,0.009178475351761976,0.04890452574996614,0.056456212449795574,-0.0031397181910133615,0.007442197300747224,0.0012836311258749144,-0.003191050957647615,-0.0002602272283156178,0.007305178216610795
F69_x_end_minus_mid,-0.008846710755579152,0.04772870868440743,0.009170063120796483,-0.06937024323809099,-0.009601732499367542,-0.007565420223305531,0.006368726517505842,-0.0011673014196137916,-0.005064530150340877,-0.013148589013103675
F69_x_end_minus_start,-0.037106721517129244,0.04351797514757983,0.04836588885162773,-0.004019613166480123,-0.009852128074488002,0.0006522408405341204,0.005856840409487019,-0.003581810668626905,-0.004012059638568132,-0.003643506521962177
F69_y_mid_minus_start,0.04449588310867076,-0.015209774706746889,0.05684330093232932,-0.01031210188889101,-0.0011581965055420542,0.011720175330831842,-0.0074222725754662065,0.021398564064922857,0.015958699536813344,-0.02528222307372174
F69_y_end_minus_mid,0.020329751671594693,0.05570245492570592,-0.034495470976985444,0.03339460010896147,0.007276629262973953,-0.011368101717775888,-0.018750678087664764,-0.0022128223991231912,-0.004266635140210598,0.020951350361528898
F69_y_end_minus_start,0.054488592905179975,0.036850243366098,0.016067928456557325,0.021113617725295457,0.005493451417839458,-0.0004553102073937458,-0.02268942702215486,0.015587790843489232,0.009308438302333145,-0.002180167027534047
F69_z_mid_minus_start,0.0450317677941427,-0.019485046477573608,0.040882420016745635,-0.017384741597982215,0.018206574586725862,0.03193480910171072,0.004481877527044156,-0.04812917516152415,-0.044080201823774,0.056655696970322744
F69_z_end_minus_mid,0.010096343422012615,0.05259042037608258,-0.030359796224371762,0.002125287552699561,-0.011597731660392229,0.00548504940078321,0.07284859005516053,0.0078362773310017,0.03385004832829441,-0.02542013373546608
F69_z_end_minus_start,0.051354937945373096,0.024256387413355077,0.014370675471243774,-0.014911161358320435,0.007968718602468833,0.03505228217787887,0.06373423259464338,-0.039687954635159305,-0.014584477755037392,0.03350376529826477
F70_x_mid_minus_start,-0.03637523752992942,0.009728826983350602,0.048864795815074046,0.05550703701120686,-0.008885482331808475,0.0025854218708543193,-0.002084086190397616,-0.0013973780743260873,0.0012054394384032612,0.009231149744001499
F70_x_end_minus_mid,-0.008175304668218017,0.04728809745488724,0.010743930505319861,-0.06883039191053549,-0.009950906692810126,-0.009455867951851188,0.01059167348193893,0.00029908702228457346,-0.0072618910242910235,-0.01802913711077698
F70_x_end_minus_start,-0.036910252773632725,0.042361042541303344,0.0494117834087906,-0.0022454027371863394,-0.014745803858542482,-0.004606709196592381,0.005852435840431697,-0.0009762479013420734,-0.004203128789789028,-0.005114968295876097
F70_y_mid_minus_start,0.041967266872431484,-0.014885397083988816,0.05876896950467002,-0.006734304015819638,-0.0005564519076445537,0.013432805128943645,-0.007419375183991114,0.024754367560980626,0.02289274219964769,-0.037077502742417
F70_y_end_minus_mid,0.018688751202426426,0.05513271829159967,-0.03493608736285565,0.03286699244847322,0.011196983059468911,-0.014627762640656903,-0.030979470627370147,-0.0029489981532400305,-0.006613443532285231,0.02653867489165526
F70_y_end_minus_start,0.05142970750372725,0.03856314236472328,0.015816931296961115,0.024734776657240224,0.009844363616872312,-0.0024940725018558507,-0.03454663339389955,0.017484602390147472,0.012595358976678165,-0.005842481698535102
F70_z_mid_minus_start,0.037335384249763785,-0.008353826135354459,0.04421291076450005,-0.009373764756258134,-0.015810083225575183,0.06725572285779392,-0.020901346682184446,-0.056954423358174196,-0.04224065190428368,0.06089799909664775
F70_z_end_minus_mid,0.010164829777779612,0.05520205297166452,-0.012039878718874067,-0.0013352787700643526,0.03221319398469593,-0.030089306018288405,0.07902587573976087,0.013823925524761584,0.029976927800352812,-0.02385892021931603
F70_z_end_minus_start,0.04011476832664954,0.039543437009084276,0.027179371177483216,-0.009044414671225538,0.013839553978780665,0.03140513959508091,0.04905665477612806,-0.0364350376318989,-0.01037188119172755,0.03129473088533814
F71_x_mid_minus_start,-0.03617687783835349,0.00971184735378268,0.049208721537044434,0.05499144631168081,-0.010610575445861367,0.00029357137290364287,-0.0030058949216388428,-0.0009821403348976173,0.0006954115138529674,0.010880224534692381
F71_x_end_minus_mid,-0.007793078522567754,0.047232446035658016,0.01111231743233413,-0.0683675035122017,-0.010907927123782116,-0.009192132781825768,0.013121622332972665,0.000649196043423516,-0.007134395822366293,-0.020090182845754864
F71_x_end_minus_start,-0.036460832041906185,0.041956657538287395,0.04995981174830052,-0.0017398677164266877,-0.016838364481011375,-0.006299823218867482,0.006782877360789728,-0.00037643843396702637,-0.004490102106172369,-0.00502159021287229
F71_y_mid_minus_start,0.040263514506190416,-0.014820095383931893,0.05913931842934133,-0.005250224977853355,-0.001114342042999702,0.014153350104987734,-0.008131518160421026,0.027310238248992345,0.027456493634104115,-0.044247270508573515
F71_y_end_minus_mid,0.017911723535791523,0.054536054931041654,-0.034729290705303256,0.03247084634096818,0.01336178508174748,-0.016505946853151262,-0.03642394823533529,-0.0026176295571892845,-0.008784610119110275,0.028921260558991985
F71_y_end_minus_start,0.0495681043990891,0.03893184793583043,0.015714145571615205,0.02609260010387201,0.011589718515371465,-0.003903913368232286,-0.040696131924557566,0.01980923190654064,0.0141601654865164,-0.009009767811741197
F71_z_mid_minus_start,0.03300780136617798,-0.0035588547371629745,0.042890491660931195,-0.006584839518428504,-0.03314238241751285,0.0699834008454385,-0.03113008159507921,-0.05747357034647983,-0.03979482894801398,0.06289878669287023
F71_z_end_minus_mid,0.010629698976734698,0.05239874984760213,-0.005297790502089982,0.00059785442872766,0.04327501461262359,-0.03897454232079933,0.08109615974836294,0.014285388341155784,0.02788928908990286,-0.024850952178481323
F71_z_end_minus_start,0.036340682643602316,0.04199871595268834,0.030833572624174264,-0.004918578227091537,0.009773846336810355,0.024300949700218028,0.043866823362604036,-0.03515465113354032,-0.008907079447688454,0.030569031469318775
F72_x_mid_minus_start,-0.03560258887692087,0.009679944799170864,0.04979328519387939,0.05450453095750253,-0.012113221983652818,-0.0017589322441446474,-0.0037860045133299605,-0.001065734850960151,-0.0005271512027797238,0.01326303649098305
F72_x_end_minus_mid,-0.0072266931748510635,0.0473003587065669,0.011365454145035155,-0.06773217252847025,-0.012278023828483581,-0.008354580309216632,0.016561628298767735,0.0007892911671320771,-0.006357276695963854,-0.02221600166193958
F72_x_end_minus_start,-0.03555539332032831,0.04178843461818025,0.05061881592902666,-0.0013963655438809731,-0.01905434884740313,-0.007423060888639382,0.008497831933332256,-0.0003518180470060696,-0.0049549260198793466,-0.00440259303857918
F72_y_mid_minus_start,0.03844488757824841,-0.014676677606320378,0.05908829590423594,-0.003960764657702566,-0.0025860839029456396,0.014658527361139321,-0.009312997527050022,0.029664525319422833,0.03213448606488382,-0.05121463710757568
F72_y_end_minus_mid,0.017248799193584168,0.053815857248687315,-0.03414321654325106,0.03203272029375243,0.01562306740932543,-0.01853437056192872,-0.040778421521537274,-0.001924896523614313,-0.011429146825097556,0.030785670545165917
F72_y_end_minus_start,0.047607189501480955,0.03901569935890102,0.01574047954463896,0.027107920696515516,0.012688829532577817,-0.005624348645105035,-0.0461870664267081,0.022309763291677415,0.01532004088924711,-0.01251426859872931
F72_z_mid_minus_start,0.03150335767822385,-0.0014910153515825199,0.04275123308358612,-0.006298512442631224,-0.04697186354975205,0.06508163185015038,-0.0382646434462789,-0.052658151270317595,-0.03384999775390772,0.06069278553925807
F72_z_end_minus_mid,0.011919840607628322,0.05077988059545594,-0.0025638363883533017,0.005596032515284702,0.04871701605312373,-0.0430104086392067,0.08249674057601959,0.013754061554655804,0.024413433369623695,-0.025083675497858327
F72_z_end_minus_start,0.036306961854712196,0.04248815057012188,0.0331354436739884,-0.0003889352043716297,0.003112580082861529,0.01677225802890517,0.03939481030184267,-0.03169096006593549,-0.006964496993239532,0.02857862877112151
F73_x_mid_minus_start,-0.03554916218097214,0.009559272393911649,0.04992550522817428,0.05456391588698428,-0.011652124340341278,-0.0010225729924659142,-0.0035910941927248144,-0.00020958232108361254,0.0005668612989859017,0.01160042177453067
F73_x_end_minus_mid,-0.007330181556522823,0.047296092815323695,0.01127283407217546,-0.06770061737449674,-0.012803642872037925,-0.00789720695128321,0.016437365327825467,0.0005730076100577089,-0.007918379743610078,-0.0218071152654949
F73_x_end_minus_start,-0.0355113577740128,0.04185922014528652,0.05056977867798157,-0.0017751094472168753,-0.019054126204926684,-0.006500736460215217,0.008658025119305432,0.0002299179169252587,-0.005161715628211603,-0.005662351263070889
F73_y_mid_minus_start,0.0391426015499286,-0.014673991289028321,0.059153181350371085,-0.005118474068646858,-0.006640427708426787,0.013034830660548094,-0.01197377867602998,0.02803120912228154,0.031678466881534056,-0.04861351801667623
F73_y_end_minus_mid,0.017955461562579364,0.0541550621776945,-0.0335298492615472,0.03314406523702916,0.016077348890909744,-0.01919402165981142,-0.03581666490150826,-0.0012685899091252858,-0.011628736497152384,0.028241138832599606
F73_y_end_minus_start,0.048505646614553415,0.03894245215350193,0.016384375586708688,0.026957509502424867,0.009713707772033585,-0.007466061668919083,-0.04328946944834413,0.021481687184251242,0.01471123099111028,-0.012821910898902198
F73_z_mid_minus_start,0.03642079173004399,-0.006300618291400189,0.04312601858903995,-0.009679449263587441,-0.039527286744870806,0.05034083435063998,-0.03315190048362897,-0.0552566457658712,-0.03841626390856825,0.06711521645882586
F73_z_end_minus_mid,0.012284899648794962,0.05251613071429267,-0.006767564729651823,0.0080018412118174,0.03653873863709888,-0.03250695334107892,0.08891082002961481,0.01077384491562194,0.026217153332770773,-0.029554234480029064
F73_z_end_minus_start,0.040770376215155384,0.038743522399422047,0.030412322845552165,-0.0013924057386344249,-0.0024490563186989407,0.014876136771798942,0.04678000752876104,-0.03720448173147352,-0.010170277765804696,0.03138637133282488
F74_x_mid_minus_start,-0.03546482784536916,0.009416360809692182,0.049984956033072854,0.0546683454420447,-0.010759593390992438,6.04209308747687e-05,-0.0030999308129441277,0.0005986193708270511,0.0013619406758286282,0.010063280480346033
F74_x_end_minus_mid,-0.00748474220640961,0.047175617263052604,0.011067515224062581,-0.06774309362693007,-0.013530534715432401,-0.007137775777643122,0.016524569645745273,0.00019800383776224164,-0.00923836349398442,-0.02127023558564662
F74_x_end_minus_start,-0.03550361518372534,0.0419552715763954,0.0504127520543816,-0.0023417061830385884,-0.018876645785507403,-0.005086788130422436,0.009262761405216665,0.0006508632919943555,-0.005493671995523519,-0.0067658226318822465
F74_y_mid_minus_start,0.03978160480477475,-0.014541788068394512,0.05882845911597712,-0.0064773786068894655,-0.01105972081014122,0.010847244940188674,-0.014713473612846905,0.02702458966423988,0.031116455544848133,-0.04564496573413342
F74_y_end_minus_mid,0.018817850892953476,0.0541827557662524,-0.03271590664941669,0.03452448143790519,0.01588815703983111,-0.019582819276521165,-0.029979759235600086,-0.0008356679551153784,-0.012380861149782447,0.02525930046993691
F74_y_end_minus_start,0.04939338612737245,0.03845110160542823,0.01701516840868766,0.026742044821051886,0.005812336298377924,-0.009402187714290983,-0.03957107683314298,0.02095097516907529,0.013556364893105318,-0.013317689358652709
F74_z_mid_minus_start,0.04107005025689847,-0.011790179688761657,0.04329120455499862,-0.01344066609607859,-0.030878940175811338,0.037876331342331725,-0.02846767965175071,-0.052692332618873364,-0.03787975016675977,0.0657905806774411
F74_z_end_minus_mid,0.012666653407978007,0.05473618640360138,-0.011888380171851882,0.01062769353622694,0.024350673168799016,-0.021559919970324165,0.09128063390194933,0.007263506972825338,0.024450921055231306,-0.030621083882231302
F74_z_end_minus_start,0.045758906393841024,0.035135275475163034,0.027361193389458086,-0.0027585109141027293,-0.006391781680411346,0.014711217782786144,0.05102797017705287,-0.039262467706904454,-0.012323421880052825,0.031199736222991294
F75_x_mid_minus_start,-0.03536532068670079,0.009060611764100734,0.0500401278141048,0.05479944803188629,-0.008912229420597502,0.001478143424790823,-0.002156835613568944,0.0015008876021440458,0.001768840616743503,0.008517636287182998
F75_x_end_minus_mid,-0.007716292203774579,0.04692388247919675,0.010576482063256584,-0.0679523864051455,-0.014591040368547322,-0.005911476247295402,0.016420518439281277,-0.00023425273337563174,-0.010094940946086253,-0.020650418499880068
F75_x_end_minus_start,-0.03561140719840172,0.04201389527689541,0.05013830224595162,-0.003293150130714181,-0.01822840214072426,-0.00307333375253034,0.010188339818804537,0.0011002828499275916,-0.005888304358129512,-0.00789410423897292
F75_y_mid_minus_start,0.040082876114387836,-0.014180151592631219,0.05825394262596855,-0.007666603648890655,-0.015601010946637479,0.008542948758840341,-0.017461736569872766,0.027425363656957576,0.030858096691793693,-0.04317573814629749
F75_y_end_minus_mid,0.019755211711791384,0.05383703460263933,-0.0317502567841967,0.035897466189896185,0.015295568690387902,-0.019951687189214664,-0.023957942781259713,-0.0005143060836577904,-0.013871729524272751,0.021979565920008937
F75_y_end_minus_start,0.0500094035803903,0.03765975819845569,0.017660703875168333,0.02654000662286811,0.0014514845561544093,-0.011328992486046886,-0.035756269727628985,0.021448890133118383,0.012036872647006192,-0.01450233995932884
F75_z_mid_minus_start,0.044051939212679095,-0.015818250043263128,0.04292966335508518,-0.016302515904518162,-0.02373291312277518,0.027032196698666657,-0.023884658498554524,-0.04833462473291561,-0.035848234794452594,0.06218715313787706
F75_z_end_minus_mid,0.012985140453926175,0.05564710816042699,-0.016683056491171126,0.013424724737202577,0.013830943797848,-0.012229722835452313,0.09049202087200711,0.004384212261182496,0.022374352786128298,-0.030363863557033056
F75_z_end_minus_start,0.049700381764831374,0.03163877533641133,0.0243623660588498,-0.003434664513517374,-0.009687356362652787,0.013925536949689876,0.05307990130100624,-0.039244521316423434,-0.013415867509791303,0.030206079122486483
F76_x_mid_minus_start,-0.03528266677590471,0.008466949583524789,0.050117452345043806,0.05500673356731663,-0.005917131216922012,0.002742383460179253,-0.0005461359779498445,0.0021645312996989977,0.0014326288625174475,0.007457188112128161
F76_x_end_minus_mid,-0.008162518172456194,0.046637326918123403,0.009808343341583418,-0.06840786772126195,-0.015887981100358065,-0.004051094513800021,0.015392792704641164,-0.0007923282628076626,-0.010001617770219278,-0.01979470571386703
F76_x_end_minus_start,-0.035962885491443636,0.042021717066126285,0.04974875274157481,-0.00456976717133976,-0.01688237425164994,-0.0007065888616871005,0.01104192286379431,0.0012398447079121186,-0.006262396313966774,-0.00848243864130163
F76_y_mid_minus_start,0.04022633046754752,-0.013875167806735431,0.057465516134164354,-0.00870134043644869,-0.018837749123591964,0.006793151294351437,-0.019640938246269255,0.028928303420043162,0.031165663412206734,-0.041905077289796866
F76_y_end_minus_mid,0.02057844678193593,0.053264606817444236,-0.031038480145433995,0.03696827932772946,0.014253311872650243,-0.020123614470877193,-0.018830632703649482,-8.893137469682648e-05,-0.015669052658454686,0.019067040677903373
F76_y_end_minus_start,0.05051617294324194,0.0366871708337052,0.01798787663112822,0.026203096155188323,-0.0022403747562991286,-0.012624071971911245,-0.03253849332399346,0.02298219227772867,0.010799175045112358,-0.016314639999145265
F76_z_mid_minus_start,0.046677075863428785,-0.019660827175719698,0.04196320782150671,-0.01957548273376269,-0.01687318458037167,0.011129231612725811,-0.017871675198186096,-0.04046977467170089,-0.031689244471371246,0.05585418177066361
F76_z_end_minus_mid,0.013876398774647006,0.05469198230551586,-0.023232153441350305,0.019069861940629797,-0.0002379368580560415,-0.00043682205200361047,0.08658929210177349,0.0008856123366143248,0.01917962475404633,-0.02925255280358689
F76_z_end_minus_start,0.05440568109953502,0.026036204571621695,0.02003712282449092,-0.0026902329525570106,-0.01580313844019926,0.009943312145583147,0.05348486579370889,-0.036725688279206616,-0.013808885218873697,0.02802045165692403
F77_x_mid_minus_start,-0.03521650989957252,0.007680171327871302,0.05019917243286919,0.05523453022405061,-0.0017992121764251322,0.003753638587461327,0.001960608480127959,0.002567420380842082,0.00040496578242634693,0.0068330412601322905
F77_x_end_minus_mid,-0.008790709064950723,0.046254034779807204,0.008754765304511091,-0.0691241161586277,-0.017404953806134278,-0.0016520705420425546,0.013028676206219086,-0.0014908508295424089,-0.009176842125860977,-0.01874959734683768
F77_x_end_minus_start,-0.03659008794463219,0.041896768896769014,0.049268627117097404,-0.006037254764633604,-0.014840335048671598,0.0019194625037571562,0.011629423876465358,0.001036821586193575,-0.0066767082371565305,-0.008548390131472844
F77_y_mid_minus_start,0.04039730452624568,-0.013869118249217985,0.05658562134360991,-0.009672863924155043,-0.020439992550588103,0.0056444480405270486,-0.021113987157984553,0.031006230860380603,0.03198402276049554,-0.04189749554739753
F77_y_end_minus_mid,0.021143794449807983,0.052798772715592586,-0.03064710784421879,0.03763200908753859,0.012944351356253474,-0.019830264384377707,-0.01530358959692578,0.0003841562353146066,-0.017393079642749585,0.01682301116046677
F77_y_end_minus_start,0.05102361481040071,0.03573330850014816,0.018036916936492037,0.025638297226035753,-0.00485380626617415,-0.013072865569809628,-0.030438518865218693,0.025113744052050628,0.010132678251343721,-0.01855872630185748
F77_z_mid_minus_start,0.047798754862033076,-0.02151236854440233,0.04019088251218305,-0.021724694347709822,-0.014725174689446847,-0.005018151894666602,-0.013615523003651254,-0.03520010288169533,-0.029284283180189104,0.054316676411891376
F77_z_end_minus_mid,0.014986951063317792,0.05089686498336869,-0.027179801344292903,0.025205951233891084,-0.013263720946345642,0.010244194556825216,0.08537473728731222,-0.0026784021918908273,0.017598262924445447,-0.03080533237158238
F77_z_end_minus_start,0.057043877350540124,0.019774196481916327,0.01659912194716589,-0.0006825622287714003,-0.024390763888940376,0.003328768006155192,0.05443012652491347,-0.035418343436204716,-0.013833734196383743,0.027106513207000735
F78_x_mid_minus_start,-0.03513932707568668,0.006848649842548908,0.0502892302190118,0.055380975055124924,0.0027247606564492844,0.0033854475524261506,0.004691101783975352,0.0029912167938582206,-0.000967048032438716,0.006871356867586667
F78_x_end_minus_mid,-0.009460179690084149,0.045686237319296934,0.007600076065995229,-0.06978697279771336,-0.020027326296033682,0.0012754084028387444,0.011089815833297854,-0.0021861835217323296,-0.008297546062646,-0.017809662561007
F78_x_end_minus_start,-0.03735511625978713,0.041515284093987186,0.04882300523270347,-0.007262960428346488,-0.013314749368675658,0.0038831425155930735,0.012660319847272068,0.000843913048700942,-0.0073039470548917265,-0.008046703942609377
F78_y_mid_minus_start,0.04049986832665726,-0.014080412029356917,0.05578142902184223,-0.010569257063029382,-0.020506537944213952,0.005054309280999889,-0.02186402694593038,0.03379901404851338,0.03340530998925349,-0.043574561563922885
F78_y_end_minus_mid,0.021421011801934276,0.052419811334977744,-0.030652603798625316,0.03811117783314816,0.011268594765714936,-0.01913419950556332,-0.01357532432333507,0.0009396797824948492,-0.019262007086251712,0.015545456833698191
F78_y_end_minus_start,0.05149702707039817,0.03479602687243616,0.01797380579789683,0.02503023436416083,-0.006607592263598492,-0.01276994050010934,-0.02957121775117613,0.028067247065803727,0.009966834072263297,-0.02143426689081035
F78_z_mid_minus_start,0.04820353781079774,-0.022261190404511168,0.03807805055181318,-0.023004286550994183,-0.013840274875520477,-0.02069272875077474,-0.00972165117140157,-0.0332194250567555,-0.02965776393464059,0.05680210171520102
F78_z_end_minus_mid,0.015909200848759724,0.04550604940700586,-0.029627751357605172,0.03049028931884344,-0.026172421437969898,0.020451937743013918,0.0859741886792671,-0.00569937844740388,0.018327853668301863,-0.034303803593806984
F78_z_end_minus_start,0.05815597975775782,0.013613986973788227,0.013629757966629413,0.0014072140352912002,-0.033241131422684825,-0.0040748419996812215,0.05656124129808405,-0.0360469959104528,-0.01425166222056697,0.02790708977973684
F79_x_mid_minus_start,-0.035025463124731454,0.006050838064611707,0.05034298360481722,0.055457307103341645,0.006688409651944269,0.0026395101580472527,0.007158451625337439,0.0027258926350100204,-0.0023549690052096376,0.007421215482372648
F79_x_end_minus_mid,-0.009908837327206045,0.04523874021304373,0.006590842472352966,-0.07017854363080711,-0.02242499274350556,0.003802475292984971,0.009382796986469483,-0.0029208513744362276,-0.007570326839058086,-0.01711323448561603
F79_x_end_minus_start,-0.03793575543204146,0.04116459740163383,0.04844192919823621,-0.008213428853985004,-0.012091948836918788,0.005288645399824623,0.013603775842305287,1.6635449722673668e-05,-0.008040524944175021,-0.007239390127109231
F79_y_mid_minus_start,0.04070538696888822,-0.014586472440568049,0.05505537558229699,-0.011294938584129286,-0.018610139674963767,0.004925840074141362,-0.021662996156844805,0.036782122684612395,0.034934916166299276,-0.046321994919953306
F79_y_end_minus_mid,0.021422425660411533,0.05227200854677779,-0.031040317423260827,0.03821159101643108,0.009149197336778119,-0.017723104114414388,-0.013808040991215645,0.0015681646592589319,-0.02069271783201002,0.015210113770385239
F79_y_end_minus_start,0.05197324802261278,0.033994120383667524,0.017619007828549874,0.024335169522874567,-0.007134667971942771,-0.011542007975470869,-0.029772534140898407,0.03134965853688709,0.010305468539119672,-0.024396858243765907
F79_z_mid_minus_start,0.04745176787850817,-0.021579205024260903,0.03594931115676897,-0.023227289294177104,-0.01679329080864356,-0.036707686286889064,-0.007348319165644247,-0.0341427529223628,-0.032531328640948355,0.06359582461721885
F79_z_end_minus_mid,0.017049765667544053,0.03812660476479855,-0.029694844478522775,0.03542578838551747,-0.03740813731971703,0.028156580435314476,0.0892173109908501,-0.008071091220525696,0.021540879757066117,-0.040467000729964814
F79_z_end_minus_start,0.05729794852343438,0.007796022221341577,0.011967522121288526,0.004250087652286661,-0.0434274572418536,-0.01381721624929114,0.05890445786038656,-0.038130814674580606,-0.014762914597070576,0.030072823327311624
F80_x_mid_minus_start,-0.03493915268773453,0.005428537072531021,0.0503391955129773,0.05547782150550955,0.009782634147972563,0.0016354666192195417,0.00908384709687336,0.0022818522537904054,-0.0033927560705778446,0.00807630495964376
F80_x_end_minus_mid,-0.01015938396606173,0.04485292397805678,0.005775692898332582,-0.07043167575974754,-0.024521072711193314,0.0057370314719962096,0.007890337321838662,-0.0036573454504060217,-0.007286413743905079,-0.01660520196126465
F80_x_end_minus_start,-0.038376437409750115,0.04083410491712249,0.04815063535775869,-0.008818838018708633,-0.011306771181890959,0.006036180777490538,0.014207264644270478,-0.0009754963314394917,-0.00880312384407338,-0.006402369804056061
F80_y_mid_minus_start,0.04083012362275588,-0.015303915964529444,0.054484981729713486,-0.011825038488405217,-0.015235195449592212,0.005270691467735775,-0.020276175255627225,0.03975962437038044,0.036533904966532284,-0.049589529107682544
F80_y_end_minus_mid,0.021243716444451163,0.052178437833569014,-0.03170395176200234,0.038002298071597315,0.006849424990113341,-0.015808883896445722,-0.015900481374493288,0.002003984277506962,-0.02188474455689777,0.015506309196672783
F80_y_end_minus_start,0.05240174221372965,0.03324943229095601,0.017113959582630876,0.023655307253698292,-0.006558128513506946,-0.009550282423354041,-0.030728424886304034,0.034597422221730484,0.010924707688203712,-0.027316020059921505
F80_z_mid_minus_start,0.04643433105423236,-0.020385875280464632,0.03487226705725386,-0.02296301788036311,-0.020317000573308073,-0.04650994736696513,-0.0062470585621231065,-0.0340922655973645,-0.033837692030877546,0.06755975240384947
F80_z_end_minus_mid,0.018014700893117574,0.032504629001752376,-0.029232616184809882,0.039170527884203006,-0.04284354181857878,0.03109810430413542,0.08974201790933406,-0.008699811309858179,0.023819376592240322,-0.04421488756951156
F80_z_end_minus_start,0.05606822224523438,0.004464811015040351,0.01133748129051742,0.006868977457876341,-0.049689229974173875,-0.02079851532918699,0.058776092977658005,-0.03790828128821076,-0.014272257767058164,0.03090087061412269
F81_x_mid_minus_start,-0.0348744063002141,0.005078777808886856,0.050253422899633714,0.05546300410931696,0.011763110616950432,0.0007051164967047976,0.010270169993906881,0.0021306444260705743,-0.00379884825843913,0.00808575960965277
F81_x_end_minus_mid,-0.01033413651653797,0.044494989439822136,0.005308454673885311,-0.07051892837495062,-0.026201298101597086,0.007163428286533383,0.006791475121795983,-0.004190481041747961,-0.007597793651025321,-0.016046400884817208
F81_x_end_minus_start,-0.03866513995950859,0.04053101388079285,0.04793624210584726,-0.009099377131601557,-0.011058793301185806,0.006427555032014998,0.014429348466392414,-0.0015522332116491913,-0.00946595700926801,-0.00600727310951699
F81_y_mid_minus_start,0.040647120869306955,-0.015874760810360555,0.054152086725662,-0.012010162423611703,-0.011659260167713634,0.005710209190476609,-0.01819645973461203,0.04275723662582271,0.037884403294853916,-0.05283885623701566
F81_y_end_minus_mid,0.020956458128785684,0.05192629060452093,-0.03237183552703976,0.037711298369763335,0.004800752235249604,-0.01396446276357688,-0.019158526617229325,0.0019487245937821792,-0.022953630421331563,0.01623717179632388
F81_y_end_minus_start,0.0525255097937302,0.0325951458116531,0.0167088233729339,0.023269515616484954,-0.0055139397383566595,-0.007560030583703852,-0.032152174861885215,0.03749740234590276,0.011418544483056998,-0.02986528859115291
F81_z_mid_minus_start,0.04496415046229153,-0.01860373618023944,0.03368405385131552,-0.02256814090860772,-0.024777564098516485,-0.056819494046603476,-0.004973762945591389,-0.032518826344156336,-0.033728676064803446,0.07021900071223085
F81_z_end_minus_mid,0.019039144607479623,0.0253290173350837,-0.028606297067647554,0.043897152440392474,-0.04738570259507986,0.03338744121761966,0.08749287375399735,-0.00859237004706479,0.02568617283720421,-0.04717925856021867
F81_z_end_minus_start,0.05433647795150957,0.0008329372036256201,0.01060645159170996,0.010257598174481724,-0.05584584195740337,-0.02832936931159007,0.056897527587375867,-0.03566220184767588,-0.012697348622782713,0.030854961482892893
F82_x_mid_minus_start,-0.0349602518294384,0.005201777459365158,0.050099260253157474,0.05548838305491963,0.011939643401089335,0.0003496236441453994,0.010228723046556448,0.0021728720588586534,-0.0032036982966044715,0.0070396327284215614
F82_x_end_minus_mid,-0.01040794500889434,0.04453172945616375,0.0052490994774203525,-0.07040896861210902,-0.026395474140506508,0.007133972208815195,0.005844729300605831,-0.004091269816771933,-0.008183020761174588,-0.015108482196112525
F82_x_end_minus_start,-0.03878433882810424,0.04055007006898668,0.04775829865380725,-0.008779131085342437,-0.01098805527330115,0.00607601956232317,0.013612809979566327,-0.0014232719443319575,-0.009403600106638538,-0.0061109578357953255
F82_y_mid_minus_start,0.040767810290323385,-0.016193483859884734,0.054310459887728396,-0.0119767716567009,-0.008152294389274931,0.006654897889271657,-0.015843134090332035,0.04360220970860118,0.03725066575911666,-0.05325176755129043
F82_y_end_minus_mid,0.02082097640816114,0.052036320022803666,-0.0331220713784951,0.03721531594697859,0.0032147256641482393,-0.012585995446000588,-0.021445791791807507,0.0013356882330667814,-0.022521126961903518,0.017041681506328288
F82_y_end_minus_start,0.05283808300297218,0.03252567751424631,0.016386116696657325,0.02292832396749283,-0.004018801540632093,-0.0055589994801502635,-0.03238397930604966,0.037936713023566486,0.011413574203251552,-0.029762831949745067
F82_z_mid_minus_start,0.04420718506760392,-0.01780917017145958,0.03328400967803498,-0.02239028664300138,-0.026084953432685118,-0.060877287214382465,-0.003709386169166684,-0.03126831494862002,-0.033660403634238535,0.07083656184901226
F82_z_end_minus_mid,0.019587412062078535,0.021655647842768782,-0.028575841601090623,0.04567530789409527,-0.049682529082678326,0.03422060039401543,0.08494903922283946,-0.008233372308586055,0.026712099099778657,-0.04794965276247989
F82_z_end_minus_start,0.05354848303365432,-0.0010114899907989238,0.01016925450841799,0.011566692024712343,-0.0581271693142652,-0.031157216031525138,0.05576490612621986,-0.033963950733603664,-0.011806071105556457,0.030596410702704597
F83_x_mid_minus_start,-0.035369951195580264,0.006719383233377638,0.04991632770837555,0.05612928004718348,0.006067859725342941,0.003732960781030926,0.006756427073726944,0.0006504747312407759,-0.0016118453909059651,0.006297780279431193
F83_x_end_minus_mid,-0.009996474661520014,0.045968384909254326,0.006732253078943525,-0.07032720309356767,-0.020185659163542244,0.0019916658448529043,0.006098343267330436,-0.0032929039976129933,-0.007465664262737428,-0.01388900783399509
F83_x_end_minus_start,-0.038208629128723,0.04186598443928844,0.048130593438342154,-0.007051010557020555,-0.010643539425322602,0.004768087835029954,0.01058811173332205,-0.0020275842201163117,-0.00724620134205396,-0.005501479038275916
F83_y_mid_minus_start,0.04227701855237115,-0.015604274468092816,0.056740238153437296,-0.01083466314422427,-0.004836359108922002,0.007562390152904275,-0.011575713328897983,0.03568078907673913,0.027629832755736747,-0.037515473532919806
F83_y_end_minus_mid,0.021082323321228023,0.053843349411000066,-0.034233490102496406,0.035500183364289346,0.002999845021073921,-0.01102825485192283,-0.020177993931803813,-0.0016385498470796542,-0.015703802120581128,0.017101681215823505
F83_y_end_minus_start,0.05397720259080174,0.034706925881324714,0.017012532793880125,0.02242702004531318,-0.0013774998919519356,-0.0034642267160957356,-0.027549640121142797,0.028329621629222916,0.009140920372990304,-0.016153100099755156
F83_z_mid_minus_start,0.048325576926889054,-0.020424540750545703,0.03947453867126903,-0.02358831153931658,-0.007897719863776173,-0.030578043687653638,0.002105693549670382,-0.027767256261024064,-0.031404896786003354,0.05622600139731681
F83_z_end_minus_mid,0.019297658385097977,0.03453894010114495,-0.036708703073817184,0.036277220990655404,-0.04220395457080287,0.026762267779388803,0.07416033589811384,-0.001785877889074159,0.027132223176735006,-0.03560827908941372
F83_z_end_minus_start,0.059683067890951035,0.005808329694124408,0.010612402946971421,0.00408277675851131,-0.038137656291621476,-0.009436888870454846,0.05589317753358929,-0.027531698298365683,-0.00994916970048808,0.027238502897165295
F84_x_mid_minus_start,-0.03550975330879178,0.008030283663781336,0.04972756315166629,0.05616340718640509,-0.0003011098609869548,0.005612753539376979,0.0028170542502695844,-0.0009408921967474118,-0.0006839080992735021,0.0069016804055266855
F84_x_end_minus_mid,-0.009170396395166681,0.04694859211669162,0.008317879454039612,-0.0697249987438618,-0.014649660335316944,-0.0031648878437519536,0.00835111013193163,-0.0017717301983409038,-0.00676515090394401,-0.015103647823169336
F84_x_end_minus_start,-0.03720612571324975,0.0427238682742874,0.048644023970500896,-0.005552784778586171,-0.011456750000651902,0.0023528621441327256,0.008780420691730613,-0.0021546748476805504,-0.0057539819218737215,-0.005679168962940788
F84_y_mid_minus_start,0.04225410189358425,-0.015019248520558333,0.05791591993530633,-0.009095279143732881,-0.00421863606156859,0.009358925038713625,-0.009716348371013128,0.031121241649159134,0.023789784025400895,-0.03263910790985605
F84_y_end_minus_mid,0.020610134870859,0.05461855122443174,-0.03406617683430429,0.03428684417690942,0.005824979560585771,-0.01234682074473981,-0.022540929121291034,-0.0026901795701035373,-0.01203255143836399,0.019205389345981115
F84_y_end_minus_start,0.053165098533311715,0.03629398648939635,0.01734888838772705,0.023057906993274205,0.0017153699615712985,-0.0032925313401331088,-0.028086310561763785,0.023235504319151456,0.008873177989784367,-0.009770863824964376
F84_z_mid_minus_start,0.04808878911614896,-0.019354563449271514,0.04409455585733252,-0.02107371335009288,-0.0027300344987347324,0.0045064170979725445,-0.001495447095957626,-0.03120142336941455,-0.031617553922589435,0.04914194568650536
F84_z_end_minus_mid,0.017259327713506262,0.04768384895840918,-0.034393391890671796,0.023505226797585998,-0.01815852083817941,0.007730442044934208,0.0713128464946722,0.0054168224972179916,0.027569963823929493,-0.026626477390196638
F84_z_end_minus_start,0.05868458507142218,0.018162465529919788,0.015402356788976808,-0.0019555357342981596,-0.016469932921663065,0.010174660249112202,0.05312602045657967,-0.025368898996244393,-0.008819642082380976,0.02611658784616101
F85_x_mid_minus_start,-0.03563055754989488,0.008972279466432979,0.049743007542059674,0.055691109819243356,-0.005960732176768321,0.0029390948256907833,-0.000508124339555446,-0.001841045421014158,-0.0007169893938486822,0.009925711166270423
F85_x_end_minus_mid,-0.008345097686801813,0.04731132694035928,0.009776775338643644,-0.069038722065506,-0.012695909517847586,-0.0061715402352145576,0.012075501820375397,-0.0004985797506639538,-0.006197057235045407,-0.017937523076134134
F85_x_end_minus_start,-0.03647434270922213,0.04260897036206548,0.049535804058350966,-0.0036743930689101425,-0.01445599097678333,-0.002062914856593372,0.008495385798796214,-0.0019344627710603112,-0.0051913745034765394,-0.004819343887500549
F85_y_mid_minus_start,0.041594709667098474,-0.014878481208417857,0.05886319279021471,-0.007341306775005281,-0.002088796334480954,0.011616704978946272,-0.0084989507556452,0.02861926498317036,0.024299982610186524,-0.03543773383511503
F85_y_end_minus_mid,0.019558350121094352,0.05495159729310929,-0.03459352755598174,0.03315348775819364,0.00857814165304876,-0.013869573313750409,-0.028173108236669922,-0.0029302393670800927,-0.010151232706983083,0.02310157436959894
F85_y_end_minus_start,0.05189937755552328,0.03779417019727487,0.016792458753642724,0.024142826352907494,0.006091500297731963,-0.0030931172285958435,-0.03260001242449288,0.02080051495019663,0.010689411083148474,-0.008039872758218481
F85_z_mid_minus_start,0.043962327851865525,-0.013591392295548886,0.047454203166428365,-0.015454871548107707,-0.013460106843810942,0.038828356636700784,-0.013646380970032292,-0.041901100227426186,-0.03522856197857179,0.05296892210905571
F85_z_end_minus_mid,0.01525727544191621,0.054657062443731065,-0.023113977609796665,0.012041135015439013,0.01351414582360494,-0.017815573692973048,0.07649959540862274,0.0119635476346193,0.029187381170827118,-0.024458566196695956
F85_z_end_minus_start,0.05134596330218697,0.03159833282541789,0.02377565025262415,-0.004134575601788963,-0.001180557807378264,0.02033095151770786,0.049013552258081024,-0.027746113507167762,-0.008033129609327677,0.02761126231657005
F86_x_mid_minus_start,-0.03565999671954531,0.008977887258260927,0.0497557692739941,0.055557752797048776,-0.0059483277250395915,0.002751344146636721,-0.00040317299020506967,-0.001273425776950614,-0.0005702091767209192,0.010231525592000681
F86_x_end_minus_mid,-0.00829790155587281,0.04736646136497918,0.009810912505758404,-0.0689116564588981,-0.012896236098672286,-0.006260558192856998,0.012291490826484014,-0.0008565584210882845,-0.006286697013166879,-0.018523419972512466
F86_x_end_minus_start,-0.03644064027402137,0.042612012933230345,0.049540044605649106,-0.003665085220890605,-0.014580289935166416,-0.002284693107454554,0.008734622427595966,-0.0017150422276889592,-0.005127465621169175,-0.004982399193336118
F86_y_mid_minus_start,0.042198840302458324,-0.01499926053054931,0.05700019994240644,-0.009048743925748783,-0.010196912839350852,0.011749372842389944,-0.015367528155717153,0.022852758089421818,0.027933959901819166,-0.03887264206831329
F86_y_end_minus_mid,0.020069146834366357,0.054571894967060636,-0.03284029252531933,0.034245325020169456,0.013470476744811747,-0.018519810118946038,-0.02061886030362603,0.0009781125390696075,-0.010107520717640716,0.02012489930035878
F86_y_end_minus_start,0.05189555250221521,0.03750790862308213,0.015737112815366758,0.02382763705153717,0.004072357103208403,-0.0074113580184701645,-0.030968417602723564,0.01913555774206778,0.013140704642720567,-0.012791908848521528
F86_z_mid_minus_start,0.04258469078988361,-0.014595250042940537,0.04293772081368372,-0.01492717175291013,-0.021643429999529146,0.03069071154606852,-0.02174468962730157,-0.05441244898115516,-0.0426677002207141,0.06945266149012219
F86_z_end_minus_mid,0.013382086052785425,0.054751361334165166,-0.015381528153102219,0.010631644387395278,0.01376846868795247,-0.013644924743916154,0.09112915831751486,0.007096651238427713,0.02799741275331978,-0.03376686969227263
F86_z_end_minus_start,0.048115168795080536,0.03185735596352237,0.024987256428703128,-0.0043811326232152704,-0.007694098694093787,0.015700495473268208,0.055250385540507985,-0.041764613905958675,-0.014471968332418797,0.03317640247129894
F87_x_mid_minus_start,-0.03553156101131562,0.008032606501990131,0.0497997296163075,0.05591947961640172,-0.0003601344537561488,0.00523892476672889,0.00287029653092929,-0.00036362583418807166,-0.0008469346756022417,0.0076059087506793865
F87_x_end_minus_mid,-0.009116340864402455,0.04700683861278546,0.008329117565062159,-0.06957338703332092,-0.01485292689090531,-0.0030825214999863054,0.008771713328047173,-0.002049011951647141,-0.006517034775203204,-0.015640772549800227
F87_x_end_minus_start,-0.03715011306531004,0.0427164378952354,0.04867200603941273,-0.005609888967599062,-0.011646767769974963,0.002097635957029634,0.009136290591064003,-0.001873454339014262,-0.005695605033963408,-0.00547995909113226
F87_y_mid_minus_start,0.04286117611675162,-0.01500225829546199,0.05545623171616322,-0.010915729810876592,-0.013447237498784764,0.009474632151400457,-0.017672466865619307,0.024692751779531435,0.028188784007244644,-0.03687340370958726
F87_y_end_minus_mid,0.021141968006597126,0.05399562851497955,-0.03195797883937638,0.03547386343214857,0.01157568274578512,-0.017972127311972043,-0.013551383207671758,0.0018948328544368895,-0.012199067939099957,0.015707079147426934
F87_y_end_minus_start,0.052962677959717194,0.03589925623127714,0.015935871719800977,0.02273907347151724,-0.0004714769358214106,-0.008371412542000562,-0.02612376352517318,0.021392777526831882,0.011687207340593805,-0.015509888681404144
F87_z_mid_minus_start,0.047329608932290386,-0.020870651091821877,0.03974541150808303,-0.021105743692844053,-0.010856453676875641,-0.005191029143478476,-0.009339197821403977,-0.043363824506330424,-0.03900734145225651,0.06599052159229224
F87_z_end_minus_mid,0.01577113468213607,0.049260217403710886,-0.026408979188158464,0.022874411729533282,-0.01843469310285349,0.01289505353740625,0.09026161431051993,-0.0005101886832670501,0.026589631905229772,-0.03807824457725424
F87_z_end_minus_start,0.05634475762332566,0.018449107516283286,0.01677631114745578,-0.002092092187122881,-0.0243361020733802,0.005083848687287705,0.060795838751754795,-0.04088776945664995,-0.015947938438748276,0.03229765686754368
F88_x_mid_minus_start,-0.035357949061068435,0.006682506515583904,0.05004276780201653,0.055905125696919106,0.005934737511001743,0.0033831070997620946,0.006701745213289262,0.0009719324509551762,-0.0019123882724997909,0.007054205551324074
F88_x_end_minus_mid,-0.009926072251284945,0.0460507716756569,0.006692512121514566,-0.07017825440040631,-0.020317232439146387,0.002099668982152784,0.006565278531246366,-0.0033758197351246733,-0.00700189369541378,-0.014260488671445498
F88_x_end_minus_start,-0.03811855879268095,0.04188806261873799,0.048174315955222716,-0.007152819908086097,-0.01086207727347692,0.004550110649143103,0.010902545967086612,-0.0018169354879083589,-0.00713771305693487,-0.005146504421334886
F88_y_mid_minus_start,0.042724664884831,-0.015561116364068754,0.05461598510460772,-0.012234329012781655,-0.012618846564690592,0.00794518815352197,-0.018228840528480145,0.03008292642617192,0.031034188558619537,-0.04078596118001205
F88_y_end_minus_mid,0.021469956894647244,0.05335741219552341,-0.032389258730388205,0.036385050993413444,0.008002227992373588,-0.01585325154169297,-0.012585587532259803,0.002370091283546959,-0.015564320047538549,0.01433643137523906
F88_y_end_minus_start,0.05364489162068116,0.03437860807286552,0.01584154366220358,0.022124132438442013,-0.0032029098340532022,-0.007514744949211423,-0.025906810775037405,0.026537578039174205,0.011504604230322218,-0.020512157295459684
F88_z_mid_minus_start,0.04690710629652812,-0.021252756531781773,0.03498694593905912,-0.0231339504705597,-0.014510209706373355,-0.039605299485733526,-0.004087935722549246,-0.03746292739539369,-0.0370911443130194,0.06982989373765795
F88_z_end_minus_mid,0.017678483139472814,0.03498252997091488,-0.02928538240156146,0.035266959317497557,-0.04258811912483618,0.03170904452575261,0.0898655496966665,-0.007116967628147244,0.026188912994169058,-0.045226166416189525
F88_z_end_minus_start,0.05676505291179979,0.005628512671576114,0.011371900845517115,0.004076317520051271,-0.04462520799284258,-0.013924499470421632,0.061701516184656705,-0.04023048720848279,-0.015597856525829575,0.032339285343351315
F89_x_mid_minus_start,-0.03547668706756322,0.007356595421738449,0.04991806332388562,0.05596191912833652,0.0031071569805868203,0.004579280416741024,0.005001671286032757,0.0004798104693465824,-0.0014278352041543724,0.007122761951495254
F89_x_end_minus_mid,-0.009611745053613544,0.046541354825115254,0.007426521599751313,-0.06997871078876904,-0.01757652213695413,-0.00037844934432332245,0.007265284922254586,-0.0027824599163863957,-0.006642748219135326,-0.01456383580125653
F89_x_end_minus_start,-0.03773071759263032,0.04233358017737052,0.04836589851115485,-0.00643720514035934,-0.01096332505057467,0.0036159655053136755,0.00989781233368277,-0.0017458577625084064,-0.006364730660715448,-0.005201578928540553
F89_y_mid_minus_start,0.04291046825701607,-0.01525287567983492,0.05489500064220557,-0.011719014908132593,-0.013397549895060609,0.008527566014459007,-0.018172681247406328,0.026938456451578465,0.029357637376649814,-0.03806999153719891
F89_y_end_minus_mid,0.02139807552451497,0.05366495067471312,-0.0320817870828867,0.03594567639133479,0.009822149405999792,-0.01695911730776171,-0.012191875272397462,0.002236209337299704,-0.01374646880357733,0.01457998544386119
F89_y_end_minus_start,0.05339332497524159,0.03507622065265352,0.015851486439033374,0.02228618478496103,-0.002110970647217537,-0.008102688696428445,-0.02537335374901742,0.023640940298039894,0.011486387105479574,-0.01775885821720589
F89_z_mid_minus_start,0.047649466552298625,-0.02179328223189336,0.03683422859733669,-0.022813174222740346,-0.011106288819571306,-0.025273099105868363,-0.005479871753745803,-0.03941700389246312,-0.03749627087269918,0.06750422357583746
F89_z_end_minus_mid,0.016893739732095323,0.0417897446884368,-0.02893568270573417,0.030108778055051046,-0.033928278978888386,0.025541138862436943,0.08999397528256779,-0.00480649556857702,0.02593809533006494,-0.041980045651470184
F89_z_end_minus_start,0.05750211758549431,0.010666376620506398,0.013099672862334965,0.0009852394342885862,-0.035791968148313154,-0.004742164008222604,0.06202150444475457,-0.040722759098269466,-0.01596119628992268,0.0322555567247344
F90_x_mid_minus_start,-0.035596482387452326,0.008599421477396034,0.04974936231468249,0.055792919962303685,-0.0035147063796810707,0.004201770673181687,0.0009210537882181112,-0.0009970381963316105,-0.0005648132412391484,0.008875529289072044
F90_x_end_minus_mid,-0.00865778612641732,0.04728356038447576,0.009189838517379914,-0.06916477649872002,-0.013547990450463334,-0.005022474478396051,0.010878252244708569,-0.0013856819422000334,-0.0064353813499832754,-0.017040188306598748
F90_x_end_minus_start,-0.0367030798141204,0.04278371087137913,0.0491117949232945,-0.0045657085109727675,-0.013150272463510785,-0.00020400026714276464,0.008945772801217472,-0.001886000513011519,-0.005309075820048071,-0.005257478059901322
F90_y_mid_minus_start,0.04264451760285272,-0.014985857554555889,0.056142332469706804,-0.010073580168394412,-0.012064221471950798,0.010553145050546709,-0.016612409212445063,0.023156277295351833,0.027707855252289408,-0.03714156320949049
F90_y_end_minus_mid,0.02066734226339979,0.05432932797833362,-0.03228737612412643,0.034834197912008806,0.012644173714076843,-0.01831065132562944,-0.016433271931227258,0.001568163975276378,-0.01091283156004831,0.0175908329402079
F90_y_end_minus_start,0.052491427785254584,0.03671156581619932,0.015825058366422368,0.02316759816658873,0.0017093724766064384,-0.007988056645949277,-0.027954857995740708,0.019857431585670143,0.012307412997581115,-0.013844704655326294
F90_z_mid_minus_start,0.04546527897016314,-0.018386984108096728,0.04184036718925149,-0.018161503738358183,-0.014447553178332543,0.015116159532843178,-0.015316493946828416,-0.04944626766837136,-0.04130230148951401,0.06729657930219095
F90_z_end_minus_mid,0.014375987332588344,0.053817752237755166,-0.02107821301060801,0.015342591195832214,-0.0010247031397412757,-0.0013536488451291679,0.09073993528148448,0.003844107686421288,0.027429134930778785,-0.03537438748423499
F90_z_end_minus_start,0.05264261977107494,0.02621718733132472,0.02111326311857332,-0.004230583080525778,-0.013905244802864961,0.012616210729563244,0.05841375992509413,-0.04173381106179209,-0.015566202007856574,0.032786204141403014
B1_x_mid_minus_start,-0.023177863679413175,0.003703844423888362,0.02306448601688973,0.023827104329158653,-0.04264806092866747,-0.03408355460850137,-0.017329706715350553,0.04559394200945493,-0.023592759608264718,0.015575471588045455
B1_x_end_minus_mid,-0.005267784330667952,0.01133676106754654,0.021735690806060123,-0.01948554785341343,-0.024796547876483128,0.010775502079700818,0.06554302780600914,0.005133792892579899,0.02369038728209943,0.013618118273021592
B1_x_end_minus_start,-0.023210850289316836,0.011770833515852747,0.03576694477571734,0.004733370521520291,-0.05431063807064215,-0.019904449760833658,0.03601804272054658,0.041642445851545536,-0.001309652975080678,0.023339202500307465
B1_y_mid_minus_start,0.0030972810207234515,-0.0032820284284825244,-2.618935443950698e-05,-0.0018560273202572945,-0.005557032565476955,0.015464712940048706,-0.011222679970899374,0.04486797085868156,-0.018168249958818106,-0.03365548927724491
B1_y_end_minus_mid,0.0017663034771381028,0.010454275751969777,-0.005385430192868309,0.00610292287606148,0.01122556213918263,-0.027433460407864787,-0.007674041176548762,0.0029771708764148356,0.027414739964818278,0.017439039827020827
B1_y_end_minus_start,0.004556013618175654,0.006459307476272936,-0.00495638181190089,0.003827629714264221,0.005007153982213399,-0.010448998915245047,-0.01767489229012335,0.04529520923448062,0.007866846996708601,-0.01596176109749207
B1_z_mid_minus_start,-0.010426576186589749,0.014726845450819115,-0.009061269746526162,0.007444251938026594,0.025278814995980354,0.027847989557153365,0.031436935585004364,0.06647783988964928,-0.08018239085789491,0.03922480265240072
B1_z_end_minus_mid,-0.0065167281288866195,-0.01905132568228368,0.0011133250976255156,-0.023461332267741886,-0.01201559010410552,0.011303824644088637,-0.008784246189462368,-0.015624387439516673,0.09091860422229493,0.03874279257128705
B1_z_end_minus_start,-0.01503052557210573,-0.0045905337305265255,-0.006869781043242865,-0.014959339867132661,0.011023406643840397,0.03456898001308246,0.019336382432991798,0.04358626757290515,0.013288904869802533,0.06954537734258034
B2_x_mid_minus_start,-0.018697817838796725,-0.00420709432981388,0.019707924604445568,0.009399561054655049,-0.001041531529771373,-0.023650577837045366,-0.00182379458861686,-0.03223675696609189,0.030682275166676418,0.03585552417849962
B2_x_end_minus_mid,-0.004560675421331257,0.01177145606993382,0.017088321629134987,-0.016995467043493098,-0.03412371964504079,0.018872336353827616,0.04435739275665914,-0.030543302565122367,-0.047226612716362776,-0.03615958376087738
B2_x_end_minus_start,-0.019808474015587413,0.007690739058567929,0.032536176924437776,-0.008350764973988165,-0.03325309421089569,-0.0016656953601017564,0.04059495478330018,-0.055680152931874186,-0.01942734082097798,-0.004639532742431182
B2_y_mid_minus_start,-0.0065545435430070945,0.002274502176687228,0.011213401808806705,0.007791512097551731,-0.023492379324711453,0.012961418003146456,-0.019575355832771747,0.06377312432615215,-0.004836778910268215,-0.005349679924638277
B2_y_end_minus_mid,0.010291753156725748,0.0030220725393989827,0.005090483157658422,0.005426767380102158,0.019045143576871128,-0.023390311339846894,-0.011851606348323553,0.01485859378424344,0.03975098145386716,0.01599560586085269
B2_y_end_minus_start,0.0034263836687307508,0.005044184378968507,0.015595502409177018,0.012622818402337047,-0.004586435821632271,-0.009648217827643977,-0.03002832485040977,0.07537295071338831,0.032927879673310324,0.009977224290496637
B2_z_mid_minus_start,-0.00016701505833308238,0.006245921691232679,-0.015585529030577402,-0.0018260066518235234,0.024316089105065924,-0.0014982064009465136,0.02204809744087915,0.03369565216029646,-0.05151554858833817,0.050370596355219135
B2_z_end_minus_mid,-0.012487080512110485,-0.02182031385467317,0.003307727351745861,-0.007381088655634583,-0.020216077120306153,0.02168269859219537,0.00829586302327773,-0.024715012976253555,0.058825560525315,0.016303201720843027
B2_z_end_minus_start,-0.011847345562778519,-0.014784860426968702,-0.01100877815464222,-0.008566367363885913,0.003073700141815519,0.018953282587608634,0.02772691489843538,0.007349484257746761,0.00847116724309275,0.06086275757986916
B3_x_mid_minus_start,-0.022080060051178647,0.004010427528103419,0.014482822242423645,0.016702009305329734,-0.022680729338454813,-0.023083753747776877,-0.002768994623999516,0.008766286095413444,0.018612585766975775,0.0035603375785723205
B3_x_end_minus_mid,0.003049026437668893,0.007916411265631732,0.009109920789508239,-0.00770213171956334,-0.011606575194472514,-0.013086311618637983,-0.004934736040752258,0.002416276976542549,0.0017346808550783546,-0.010078624959052911
B3_x_end_minus_start,-0.01588380538871105,0.010936386162094695,0.020979065887388165,0.006886019798631802,-0.030325696662647995,-0.0320750926947625,-0.007046136640739531,0.009753710702213573,0.017481422927294456,-0.006551730040492561
B3_y_mid_minus_start,-0.002859310785581791,0.0050709499105336744,-0.004935486151473103,0.0004958254686386152,-0.0022116766368921485,0.013010302755867403,-0.01234735723471062,0.052484353421997934,-0.07271359596955013,-0.014023974250012382
B3_y_end_minus_mid,-0.00609959374843774,-0.0010308445016094091,-0.0032770704861346278,0.0007666353951019852,-0.0020093666034297106,-0.013177315393364275,0.02151614693993588,0.03281936197172509,0.029826760407463845,0.049909440698210926
B3_y_end_minus_start,-0.007676755071362889,0.0032927374117704424,-0.006933684182650019,0.0010776283675313833,-0.0035782764948114874,-0.000727525213635572,0.008539886034104355,0.07196552762496058,-0.03410851887132222,0.03188948132274204
B3_z_mid_minus_start,-0.0035609511711845645,0.013191070617094689,-0.005374733957245316,0.005001640736320485,-0.001547420961556413,0.04291324200123512,0.02146409024661792,0.1194497638583496,-0.14090324541296737,0.024961548004442027
B3_z_end_minus_mid,-0.00462910615178001,-0.01061125790062967,0.001909424739979515,-0.019662160790723904,0.0023110832621941373,0.02040805456064642,0.013533441355310778,0.028371360328245776,0.1628441623999542,0.10801093150756447
B3_z_end_minus_start,-0.00728288677033386,0.0034006478274597406,-0.0034361189116920137,-0.011993647001880943,0.0005067568611507694,0.05771780948056959,0.03169384239877702,0.13650681982444565,0.005717209625539383,0.11523161464944078
B4_x_mid_minus_start,-0.003323441867698168,-0.004405358673823488,-0.002213456403434035,-0.0063387202925789315,0.009421473904861005,-0.016265561729715643,-0.004740097697583038,-0.006228199813176703,0.0120268830601348,0.042796588244459394
B4_x_end_minus_mid,-0.0029884764691286364,-0.0017907728655005635,0.017361361310937302,0.0041236058644228465,-0.02169554314220257,0.023789350490101488,0.03156678555610081,-0.01321103106863508,-0.013039501684239821,-0.00423018073050125
B4_x_end_minus_start,-0.00654236778165388,-0.006318786317361258,0.01662431016616492,-0.0018272704418525088,-0.014161613221056394,0.00963144995143938,0.029515694250441888,-0.020512093161254196,-0.002187774094183054,0.037936441461932154
B4_y_mid_minus_start,-0.008239289271493054,0.01018269416895418,-0.0028382959934261254,0.002973197177548308,-0.0067932664755986525,0.004299340470438058,0.011051194486906266,0.0985275905444775,-0.07513699107505693,0.002777598156985439
B4_y_end_minus_mid,0.00413340863445369,-0.0015919055389367685,0.011155605251513831,-0.001472116466164874,0.0017453677814252893,0.004143285652730903,-0.0006408836311717899,0.03051945656909428,0.09633892602419963,0.05869430198217331
B4_y_end_minus_start,-0.0036885246611711334,0.008104842208494617,0.008543694808143591,0.001350640396758079,-0.004717904174208035,0.00827832823088557,0.009892143124518273,0.12473487936314238,0.025505793869791682,0.0618412932424051
B4_z_mid_minus_start,0.005543638759207391,0.006519006043705,-0.013439578088198772,-0.006547507341785816,-0.0021570081001525405,0.00435635936476099,0.02837449216845637,0.10872902408517066,-0.13363109336742462,0.04463538186349493
B4_z_end_minus_mid,-0.013404243488719434,-0.017437614561647503,0.0073082523669080815,-0.010009496019122491,-0.011221215547197383,0.040938599711584776,0.03427290408363131,0.0002983322218500408,0.14895191682139172,0.08008027049733864
B4_z_end_minus_start,-0.007962801737788692,-0.010996623720224814,-0.005249534043057438,-0.015785828103706722,-0.012924712474202182,0.043918992534323714,0.05953458669838363,0.10039766099466374,0.022168312903289994,0.11916029303331194
B5_x_mid_minus_start,-0.014696943967600785,0.004877624139679265,-0.00012438044975728393,0.007284595089165494,-0.02028188132900252,0.008197702320913453,-0.007855264576608309,0.0670625834719623,-0.03782416707696215,0.0007361324592607342
B5_x_end_minus_mid,0.0029184770749248155,-0.002928581299657402,0.011850431445440703,-0.014180720085234041,-0.008298885456159918,0.0035942369925269107,0.008786626722167065,0.006917387111560699,0.05556837097204436,0.017080862368003623
B5_x_end_minus_start,-0.009091841576165667,0.0011547645602838935,0.011161365623340662,-0.007595213696109633,-0.02426091354339776,0.010033986732385675,0.002008341263642864,0.060715708870152194,0.02227135919777698,0.016826705822753606
B5_y_mid_minus_start,-0.0001664383342028052,0.007953286723852943,-0.00882965536291571,0.004114417254209882,-0.016618752255062857,0.03288758180425731,-0.010208550684973734,0.10834683906925613,-0.12547363194497604,-0.0028063345841385194
B5_y_end_minus_mid,-0.0058858345823414645,-0.007824209257176785,0.0023423530818282115,-0.005837226042570978,-0.003100389995595728,0.005896990390129645,0.040928174215398815,0.04472218545520064,0.11052634334174825,0.10040877445673882
B5_y_end_minus_start,-0.005239013243154334,0.0005362235122538049,-0.006077535840832636,-0.001269083963794438,-0.017927861974534144,0.0352721278382733,0.02600153448720672,0.13806134605754633,-0.01961672405385779,0.0841941752518986
B5_z_mid_minus_start,0.0017476446279516512,0.00996601392416238,-0.0036756741457423907,0.0004778726002374566,-0.0062851031633648306,0.03900798496693312,0.02388795518915706,0.11387974993573723,-0.13898408402676626,0.024874400251525913
B5_z_end_minus_mid,-0.0035182685771049257,-0.002175016093117531,0.0008113063475260377,-0.011273871094825775,0.00792896265384767,0.020037184879639305,0.014369663959995557,0.035541319276228146,0.15499971068948112,0.10977174391960273
B5_z_end_minus_start,-0.0013818280593821198,0.0073519117618333326,-0.0027037771714856977,-0.009158473666303867,0.000947075183168851,0.053087069711798614,0.03429725348197613,0.13543564456875953,0.003627085280037942,0.11644402310427919
B6_x_mid_minus_start,-0.0048081761101543994,-0.0008222636770586632,0.007741187853486766,0.0017898793422741136,0.015660706713712363,-0.012995253712900157,-0.01633529079617026,-0.040810485130804104,0.07071998050653984,0.018135548850519073
B6_x_end_minus_mid,0.0045357811209838965,0.002006844913199089,0.006705834973804771,0.005333505304027202,-0.008877575468603162,-0.013706948178329788,0.013965758777062595,-0.009857005401011584,-0.07784899834536048,-0.03187558141298132
B6_x_end_minus_start,-7.031861634605765e-05,0.0012399560331789784,0.014358539129866284,0.007166890492418814,0.00622463872335839,-0.026595084320083957,-0.0017074153666968676,-0.04976993366025284,-0.010289495634412397,-0.014751920749941718
B6_y_mid_minus_start,-0.005233736372618401,0.01136270042301611,-0.007879549193154617,-0.00244578964931116,-0.013777364085986366,0.012321353913497528,0.016553169085800984,0.1211417249297017,-0.1281738353952202,0.0035562095797220176
B6_y_end_minus_mid,-0.00477846995009542,-0.00728086892453163,0.009072130715124084,-0.007713344850663334,-0.0005575670930681521,0.021822735310155873,0.022967776988241786,0.0314971437139182,0.14619954794339923,0.09939928584028235
B6_y_end_minus_start,-0.00946164961730602,0.004247495606194152,0.0007675750033070758,-0.009479402584327935,-0.013812304330408426,0.032032924587305216,0.03717418889238715,0.14599346642109667,0.011218165273953409,0.09516948582788609
B6_z_mid_minus_start,0.008830730251765815,0.00471788598437357,-0.0033964620946849143,-0.005740436499249304,-0.003852761672121169,0.008415393752057368,0.03352324036706976,0.09293425537786937,-0.11195063615467776,0.031336507564263184
B6_z_end_minus_mid,-0.008227408755213087,-0.00706274073022876,0.004046596388742619,-0.010832268772099876,-0.00046610437284983635,0.031093009517729867,0.024512152221517626,0.0035515182413702775,0.13629453621298954,0.07693612901406713
B6_z_end_minus_start,0.00041520598773461554,-0.002259411318190426,0.0006609846674348872,-0.015322378374920445,-0.003954049585699724,0.03661484755172915,0.05343494110465135,0.08822209451041525,0.02449832665884088,0.10020600871165393
B7_x_mid_minus_start,-0.01366851831105974,0.0050232051257032,-0.003331820590340467,0.005265452529151519,-0.019845862134637505,0.015423552500890078,-0.004818846213404531,0.08055635175191762,-0.05266572148925307,0.0023986674004291245
B7_x_end_minus_mid,0.003354227517538553,-0.00539373571911727,0.011169028904119348,-0.012449028563422084,-0.006763802670448039,0.006723374573145815,0.011555527324518141,0.01080857337869104,0.06434831240559687,0.025239539224094325
B7_x_end_minus_start,-0.00795892447114977,-0.0009628977648290793,0.007731627316131982,-0.007358307240517913,-0.022425876173986094,0.018799108936182723,0.006885927767710331,0.07547558583246325,0.017381217787858876,0.02552886793226433
B7_y_mid_minus_start,-0.00017387699719860134,0.007596544289574181,-0.00846988246308007,0.0043974196209386075,-0.01752133898929026,0.034234367057999704,-0.010260219859337385,0.10844123717500674,-0.12475537366183863,-0.0004344659670559935
B7_y_end_minus_mid,-0.005227070835224927,-0.00803074132159193,0.0016465235605441007,-0.005847745970653587,-0.0032185681411302414,0.007232320517568858,0.04065114534553409,0.04668095216806406,0.11166811953119458,0.10102245653619504
B7_y_end_minus_start,-0.004599638113136091,0.00019502738332456037,-0.006423292337877655,-0.0009053353359293792,-0.018913609033715275,0.03775608254988663,0.025047927235099646,0.1397847430822839,-0.02037285577800002,0.08539171868754207
B7_z_mid_minus_start,0.0026081672652503093,0.00911771230415132,-0.0031251912624085756,-0.00044991484643993804,-0.006710237629004328,0.03823883260742179,0.024145720845622477,0.11072718780983612,-0.1353320009488833,0.02387891447200308
B7_z_end_minus_mid,-0.002847887807323361,-0.0007713301848639891,0.0005413244888048384,-0.009828242832227812,0.008875194492694532,0.018976496517030574,0.013460089782654568,0.035420301894570856,0.1506785007844709,0.10787435830296332
B7_z_end_minus_start,-3.273129938761155e-05,0.007737050351737581,-0.0024152046308229896,-0.00881619492977011,0.0014077279966600506,0.05143631413246812,0.033742254561493906,0.13224765207092284,0.004184260225439366,0.11420849499594762
B8_x_mid_minus_start,-0.0037921490858080597,-0.002023667020544956,0.009229001704008956,0.0049624277915395225,0.015890048843099556,-0.013414527563631281,-0.019989758355693932,-0.057109928814918706,0.09097433737542389,0.011002381092799616
B8_x_end_minus_mid,0.005468197961113131,0.0035492193538866406,0.004701093978957099,0.00555002196216728,-0.0057377639248851935,-0.020783829422023597,0.007274625835094868,-0.009526501080512008,-0.09552311398442213,-0.04243120376340741
B8_x_end_minus_start,0.001644099538427607,0.0014970259033752259,0.013680366998567967,0.010323213199458978,0.009973837975260826,-0.033581687138361536,-0.012491672655911801,-0.06544684972284982,-0.004430759256534354,-0.03085304052506983
B8_y_mid_minus_start,-0.005175777568156474,0.011024451900566605,-0.0074365395149912005,-0.002250427287304908,-0.012531588296871845,0.011397481194062482,0.017673199359109274,0.12118862000491766,-0.1305840340138017,0.004238239826849258
B8_y_end_minus_mid,-0.005771380715531302,-0.007612382040624512,0.008537114307000396,-0.008396101178274417,-0.0029181605412752017,0.025501134175880083,0.023774103296279075,0.03025301663641237,0.14785862910912345,0.10085868110481915
B8_y_end_minus_start,-0.010314797664246478,0.003547579024815316,0.0007557923610706095,-0.009933170873535652,-0.014742026708933025,0.03455342656284645,0.03898514728858559,0.14444613379870197,0.011373055698758728,0.0974197046396524
B8_z_mid_minus_start,0.00998113717711261,0.0035016177868864595,-0.002421372751514644,-0.006404091621084983,-0.0037460649051864634,0.007300462020995366,0.03320971659907545,0.08683889958896718,-0.10498548531827359,0.030556623167431966
B8_z_end_minus_mid,-0.007523148348460879,-0.005036637023233227,0.0036699656415422935,-0.009592525781099035,0.0009506227342122755,0.029379063735496907,0.02328351203948199,0.0033829309005692365,0.13030151968992393,0.07382918219771786
B8_z_end_minus_start,0.0021037453909853645,-0.0014793291392982816,0.001196035723872219,-0.014686861778327936,-0.0025218901051485376,0.03380187272214361,0.05168759928431693,0.08197227916272776,0.02520079067245729,0.09603001957243415
B9_x_mid_minus_start,-0.014590627629714253,0.004486457912143205,-0.0024992040901869114,0.0029569119845893072,-0.018711076915868603,0.01323083424068582,-0.005049979777608498,0.07511725257497794,-0.04061581166125421,-0.004278597531111272
B9_x_end_minus_mid,0.004033988377918987,-0.003251853495236873,0.011083931587015034,-0.011472021527034054,-0.004899414861980666,0.004361253118432756,0.006259586232031584,0.008149438668418094,0.05586949584359413,0.01798856805192412
B9_x_end_minus_start,-0.00775202757592502,0.0004926101909715425,0.008443064780319288,-0.00844577303843851,-0.01941096064869246,0.01456886885366282,0.001889221426555329,0.06709680617249075,0.02038896982412917,0.013526518868236357
B9_y_mid_minus_start,-0.0005544131960190925,0.007604298919208937,-0.009584030041223407,0.0035435524562007917,-0.016807340675486122,0.032659055654026506,-0.007308918422569444,0.11077704101197397,-0.12607879325349206,-0.0008751263178990263
B9_y_end_minus_mid,-0.005185251894650432,-0.00833502606789781,0.0016493058505270876,-0.0067156041382327855,-0.004544578896532633,0.009521202285986902,0.03959059134025806,0.04789089132671252,0.11303823846548688,0.10340727559298168
B9_y_end_minus_start,-0.004859526399163086,6.435116061335852e-05,-0.007502709530444745,-0.002343012601421164,-0.019389969152106362,0.03825609967455101,0.02640353647941014,0.14283192537513556,-0.02214915745021096,0.08585025870905175
B9_z_mid_minus_start,0.002962651237111014,0.00878127859931507,-0.0023336441900604615,-0.0010060626374244553,-0.00507775437218845,0.036031653773432495,0.026860376916790867,0.10507830230815982,-0.1302907649712179,0.025457245282176008
B9_z_end_minus_mid,-0.00294677206977178,0.0006227510847115976,0.0002378791615271095,-0.009469994643870005,0.009496019911336591,0.018011739967325257,0.011036091491728774,0.032349873761079694,0.1464182777656591,0.10399051577633331
B9_z_end_minus_start,0.0001917279708003516,0.008629346263713686,-0.0019457570776175784,-0.009085631569561386,0.003501194855080228,0.048724035922261495,0.03426221729551265,0.12470992730461497,0.006063771513516426,0.11304973623856164
B10_x_mid_minus_start,-0.006320060608767502,0.0012396647970735817,0.008862834036733873,0.0049284991906279685,0.016731074302338302,-0.010149077728806438,-0.015609611003631637,-0.0350505175900307,0.06203499793616398,0.011048051754814785
B10_x_end_minus_mid,0.004290628636878423,0.0016776233966456352,0.0034124635453184585,0.0014924459695075602,-0.009775063763294522,-0.015535401470518533,0.013196052006940358,-0.007849718658721968,-0.06714713753613306,-0.023851869041768673
B10_x_end_minus_start,-0.001664563672028358,0.002903507937894366,0.011979928246058279,0.0062474000897419345,0.006026419553726581,-0.025612968490107427,-0.00145277439280959,-0.041602609025470604,-0.009267737024602199,-0.013816722990636479
B10_y_mid_minus_start,-0.005528758881042299,0.01123813796125963,-0.006569033396933658,-0.0024395053507213827,-0.012242194862266336,0.013004658709762631,0.018534065991448894,0.11850371710936994,-0.12994739350295806,0.00408836393229339
B10_y_end_minus_mid,-0.005249679516643818,-0.00827500219837542,0.006713892667607646,-0.009460625871156002,-0.004058007116847604,0.023702764041898753,0.023835445319170225,0.029351619343306434,0.14846477178966702,0.10148688088474019
B10_y_end_minus_start,-0.010273522172170842,0.0033248535910742373,-0.00020408473982961225,-0.01115392683235179,-0.0157365088934176,0.034687889558262394,0.04021993838167849,0.14312630442635998,0.010467923081212535,0.09805097084612698
B10_z_mid_minus_start,0.010857368073764844,0.00242285064596508,-0.0009024200927780854,-0.006835273526282068,-0.0012677883389509202,0.004476549392336085,0.033785893171988525,0.07484884632850718,-0.09219699465790447,0.030178229358558437
B10_z_end_minus_mid,-0.006800654500123725,-0.00396255606605502,0.002831792756322291,-0.008802282557772411,0.0015447668521408023,0.026547990759684854,0.021474272676216502,-0.0004760342981821229,0.11911116297284245,0.06608308574819498
B10_z_end_minus_start,0.0035988408927950387,-0.0014435721802269444,0.0017835919957839596,-0.014288102732156154,0.00026955715504721576,0.028455056371747542,0.0503771640474002,0.06745233834968974,0.025825235387888248,0.08809556889103877
B11_x_mid_minus_start,-0.015486974338723612,0.003783476513601561,-0.000965205859902658,0.004060546952011295,-0.020085745434003925,0.012364009342395137,-0.005279765195061645,0.07244826208029159,-0.03601146461728168,0.00034543000074221735
B11_x_end_minus_mid,0.0038406240095296617,-0.0019510167028817923,0.012032821938261636,-0.011612747151571848,-0.0044027196196694774,0.004540829463293019,0.006292498344057534,0.008337666879305632,0.04871105127533055,0.01576098280470256
B11_x_end_minus_start,-0.008585898867146424,0.0011609369521848908,0.010371622372323705,-0.0075571915661975676,-0.01981367610389601,0.013889572772598795,0.0016814148354707484,0.06449132863764184,0.01682493685466218,0.014846665437539154
B11_y_mid_minus_start,-0.0010055820751602373,0.008158042216927073,-0.009129268454380796,0.0038206620803426902,-0.01719420574066953,0.03287168592912911,-0.006308825783662013,0.10863974108057438,-0.12572674790287547,-0.0008671106608839854
B11_y_end_minus_mid,-0.005211755902600825,-0.0070153726204524374,0.0022857771403794534,-0.005885389765575466,-0.003512148472151145,0.009409208207211028,0.037922540693816696,0.04920310066023629,0.10900322753090408,0.10411467010942549
B11_y_end_minus_start,-0.005331639453007167,0.001580120153027429,-0.006472526964499939,-0.001457832208894698,-0.018798882206394005,0.03821752051391931,0.026250288883955825,0.14161376965915815,-0.02360233756587574,0.08721690386859308
B11_z_mid_minus_start,0.002108751158644667,0.009687189604708418,-0.003327503263711235,0.0001436590659286461,-0.0057982544381590916,0.038125419093246356,0.024828025725743923,0.11136021061872008,-0.13704725011819735,0.025543378579170016
B11_z_end_minus_mid,-0.003510586970654694,-0.0013672024551105904,0.0006480310064527479,-0.010818059424713717,0.008284039146945076,0.01954800233346395,0.013635932720131236,0.03460148276978095,0.1529158102806639,0.10834360575521008
B11_z_end_minus_start,-0.0010569647706730962,0.007767554240581917,-0.0025155408803715857,-0.009119445586263208,0.0017356661823228973,0.05189040004396389,0.034566799405921673,0.13232677761724757,0.004347114015177144,0.11622400586620277
B12_x_mid_minus_start,-0.006362223233208084,0.0016784255369682276,0.008569030077610727,0.002446074814922704,0.01855215870044808,-0.012064373327842983,-0.013718897874247725,-0.03320574440963853,0.05655244830126473,0.008339033485532648
B12_x_end_minus_mid,0.004057096893970111,0.0018165536506620577,0.004460127446810916,0.0023674361532633266,-0.011143771478717424,-0.013720394747487255,0.013697867712357587,-0.008304092324103394,-0.0624266797959839,-0.022621182835870318
B12_x_end_minus_start,-0.0020572903166114604,0.003562297619510343,0.013151555096013404,0.004898750274279516,0.006717264790493786,-0.026299130851522586,0.0007408949454792357,-0.041571386906437066,-0.009289067529282512,-0.015402380755762723
B12_y_mid_minus_start,-0.005887100581199952,0.011458374519084812,-0.006008510115631567,-0.002427786273678975,-0.012111585034164337,0.013539420107027918,0.018803483268412937,0.11679701439793928,-0.1281804149726782,0.003737326547430468
B12_y_end_minus_mid,-0.004755032903086597,-0.008220386818290841,0.0061740778712490365,-0.00902699270113699,-0.003975402969749109,0.022625035391033735,0.022248432683671347,0.02972328136258013,0.14806208554262723,0.10029437212544286
B12_y_end_minus_start,-0.010205921086443187,0.003515927297291855,-0.00010035173586186628,-0.010819208045889046,-0.015564060981543257,0.03440741368818223,0.03920330631171111,0.14203294661999852,0.013154408138551794,0.09748159373415628
B12_z_mid_minus_start,0.009269639911016911,0.004269873090406098,-0.0025634478930468383,-0.005929334482548092,-0.0029381554442632716,0.007496620473061175,0.03376708122355177,0.08817593312111788,-0.10689356288547806,0.03094670897776947
B12_z_end_minus_mid,-0.007763425757343364,-0.006386096162589124,0.0036770440925266118,-0.010551389197318049,0.00012197178999301308,0.029703486887953715,0.023751427798372547,0.0022118007242208455,0.13206017657909985,0.07423941532056359
B12_z_end_minus_start,0.0012521785989759845,-0.002032078767272824,0.0010743110269902515,-0.015207399960860544,-0.002568238741058582,0.0344188313468617,0.0528683406571748,0.08252637273801762,0.02505106013177895,0.09716807673433989
